site,species,year,p_mean,N_mean,N_mode,yrs_since_disturbance,location,lambda,lambda_se
M-1,American Crow,2023,0.07516227272331186,3.7054724403545447,4,3,Mine,3.6246511512792727,1.610325071757915
M-10,American Crow,2023,0.07516227272331186,3.3660367710573165,3,4,Mine,3.6246511512792727,1.610325071757915
M-11,American Crow,2023,0.07516227272331186,5.7322395673932895,6,1,Mine,3.6246511512792727,1.610325071757915
M-12,American Crow,2023,0.07516227272331186,4.70227810182365,5,2,Mine,3.6246511512792727,1.610325071757915
M-2,American Crow,2023,0.07516227272331186,1.560513733658181,1,5,Mine,3.6246511512792727,1.610325071757915
M-5,American Crow,2023,0.07516227272331186,3.0285104512635446,3,5,Mine,3.6246511512792727,1.610325071757915
M-6,American Crow,2023,0.07516227272331186,5.340717961077977,5,5,Mine,3.6246511512792727,1.610325071757915
M-7,American Crow,2023,0.07516227272331186,2.959070422736571,3,4,Mine,3.6246511512792727,1.610325071757915
M-9,American Crow,2023,0.07516227272331186,2.2270050545501587,2,2,Mine,3.6246511512792727,1.610325071757915
R-1,American Crow,2023,0.07516227272331186,1.645751129146967,2,3,Sansavilla,3.20503374827465,1.4114994561872412
R-10,American Crow,2023,0.07516227272331186,2.3146656147806235,2,0,Sansavilla,3.20503374827465,1.4114994561872412
R-11,American Crow,2023,0.07516227272331186,2.4335623673914117,2,0,Sansavilla,3.20503374827465,1.4114994561872412
R-12,American Crow,2023,0.07516227272331186,1.4960031479144396,1,0,Sansavilla,3.20503374827465,1.4114994561872412
R-13,American Crow,2023,0.07516227272331186,2.455608397107396,2,2,Sansavilla,3.20503374827465,1.4114994561872412
R-2,American Crow,2023,0.07516227272331186,3.8087558597037363,4,3,Sansavilla,3.20503374827465,1.4114994561872412
R-3,American Crow,2023,0.07516227272331186,9.325440390081782,9,0,Sansavilla,3.20503374827465,1.4114994561872412
R-6,American Crow,2023,0.07516227272331186,2.610187604538094,2,2,Sansavilla,3.20503374827465,1.4114994561872412
R-7,American Crow,2023,0.07516227272331186,4.142125859368314,4,0,Sansavilla,3.20503374827465,1.4114994561872412
R-9,American Crow,2023,0.07516227272331186,1.8182464185431637,2,2,Sansavilla,3.20503374827465,1.4114994561872412
M-1,Bachman's Sparrow,2023,0.2299140609801413,7.381333086049888,7,3,Mine,1.5003722804144737,0.4501183872853749
M-10,Bachman's Sparrow,2023,0.2299140609801413,1.6513544699774232e-7,0,4,Mine,1.5003722804144737,0.4501183872853749
M-11,Bachman's Sparrow,2023,0.2299140609801413,1.6513544699774232e-7,0,1,Mine,1.5003722804144737,0.4501183872853749
M-12,Bachman's Sparrow,2023,0.2299140609801413,1.6513544699774232e-7,0,2,Mine,1.5003722804144737,0.4501183872853749
M-2,Bachman's Sparrow,2023,0.2299140609801413,0.01293284081808905,0,5,Mine,1.5003722804144737,0.4501183872853749
M-5,Bachman's Sparrow,2023,0.2299140609801413,1.6513544699774232e-7,0,5,Mine,1.5003722804144737,0.4501183872853749
M-6,Bachman's Sparrow,2023,0.2299140609801413,1.6513544699774232e-7,0,5,Mine,1.5003722804144737,0.4501183872853749
M-7,Bachman's Sparrow,2023,0.2299140609801413,4.149380830418908,4,4,Mine,1.5003722804144737,0.4501183872853749
M-9,Bachman's Sparrow,2023,0.2299140609801413,1.9597169383166229,2,2,Mine,1.5003722804144737,0.4501183872853749
R-1,Bachman's Sparrow,2023,0.2299140609801413,1.1408626522931076e-7,0,3,Sansavilla,1.0365543742308196,0.33727902927245534
R-10,Bachman's Sparrow,2023,0.2299140609801413,1.1408626522931076e-7,0,0,Sansavilla,1.0365543742308196,0.33727902927245534
R-11,Bachman's Sparrow,2023,0.2299140609801413,1.0816624462265294,1,0,Sansavilla,1.0365543742308196,0.33727902927245534
R-12,Bachman's Sparrow,2023,0.2299140609801413,1.0006329056892378,1,0,Sansavilla,1.0365543742308196,0.33727902927245534
R-13,Bachman's Sparrow,2023,0.2299140609801413,1.0000065094932755,1,2,Sansavilla,1.0365543742308196,0.33727902927245534
R-2,Bachman's Sparrow,2023,0.2299140609801413,1.1408626522931076e-7,0,3,Sansavilla,1.0365543742308196,0.33727902927245534
R-3,Bachman's Sparrow,2023,0.2299140609801413,3.444594536902389,3,0,Sansavilla,1.0365543742308196,0.33727902927245534
R-6,Bachman's Sparrow,2023,0.2299140609801413,1.0002477108168186,1,2,Sansavilla,1.0365543742308196,0.33727902927245534
R-7,Bachman's Sparrow,2023,0.2299140609801413,1.0031004288263445,1,0,Sansavilla,1.0365543742308196,0.33727902927245534
R-9,Bachman's Sparrow,2023,0.2299140609801413,1.8352699369818428,2,2,Sansavilla,1.0365543742308196,0.33727902927245534
M-1,Barred Owl,2023,0.02545855308825311,5.3324972544359776e-5,0,3,Mine,2.616675591285511e-4,0.006245978030706718
M-10,Barred Owl,2023,0.02545855308825311,5.3324972544359776e-5,0,4,Mine,2.616675591285511e-4,0.006245978030706718
M-11,Barred Owl,2023,0.02545855308825311,5.3324972544359776e-5,0,1,Mine,2.616675591285511e-4,0.006245978030706718
M-12,Barred Owl,2023,0.02545855308825311,5.3324972544359776e-5,0,2,Mine,2.616675591285511e-4,0.006245978030706718
M-2,Barred Owl,2023,0.02545855308825311,1.6996252239641295e-4,0,5,Mine,2.616675591285511e-4,0.006245978030706718
M-5,Barred Owl,2023,0.02545855308825311,5.3324972544359776e-5,0,5,Mine,2.616675591285511e-4,0.006245978030706718
M-6,Barred Owl,2023,0.02545855308825311,5.3324972544359776e-5,0,5,Mine,2.616675591285511e-4,0.006245978030706718
M-7,Barred Owl,2023,0.02545855308825311,5.3324972544359776e-5,0,4,Mine,2.616675591285511e-4,0.006245978030706718
M-9,Barred Owl,2023,0.02545855308825311,5.653474842696003e-5,0,2,Mine,2.616675591285511e-4,0.006245978030706718
R-1,Barred Owl,2023,0.02545855308825311,0.3901221082726236,0,3,Sansavilla,1.9143432235030582,0.9904025599784877
R-10,Barred Owl,2023,0.02545855308825311,4.835538560583376,5,0,Sansavilla,1.9143432235030582,0.9904025599784877
R-11,Barred Owl,2023,0.02545855308825311,1.3943204607016295,1,0,Sansavilla,1.9143432235030582,0.9904025599784877
R-12,Barred Owl,2023,0.02545855308825311,2.4395082160588974,2,0,Sansavilla,1.9143432235030582,0.9904025599784877
R-13,Barred Owl,2023,0.02545855308825311,2.440582992994855,2,2,Sansavilla,1.9143432235030582,0.9904025599784877
R-2,Barred Owl,2023,0.02545855308825311,0.3901221082726236,0,3,Sansavilla,1.9143432235030582,0.9904025599784877
R-3,Barred Owl,2023,0.02545855308825311,1.3976608106718573,1,0,Sansavilla,1.9143432235030582,0.9904025599784877
R-6,Barred Owl,2023,0.02545855308825311,2.0615655302104465,2,2,Sansavilla,1.9143432235030582,0.9904025599784877
R-7,Barred Owl,2023,0.02545855308825311,1.683217086184342,1,0,Sansavilla,1.9143432235030582,0.9904025599784877
R-9,Barred Owl,2023,0.02545855308825311,2.112214696735034,2,2,Sansavilla,1.9143432235030582,0.9904025599784877
M-1,Blue-gray Gnatcatcher,2023,0.07197494231396488,1.8411319998890985e-6,0,3,Mine,1.739056625002722e-4,0.0044646066088040405
M-10,Blue-gray Gnatcatcher,2023,0.07197494231396488,1.8411319998890985e-6,0,4,Mine,1.739056625002722e-4,0.0044646066088040405
M-11,Blue-gray Gnatcatcher,2023,0.07197494231396488,1.8411319998890985e-6,0,1,Mine,1.739056625002722e-4,0.0044646066088040405
M-12,Blue-gray Gnatcatcher,2023,0.07197494231396488,1.8411319998890985e-6,0,2,Mine,1.739056625002722e-4,0.0044646066088040405
M-2,Blue-gray Gnatcatcher,2023,0.07197494231396488,3.2943898076372986e-5,0,5,Mine,1.739056625002722e-4,0.0044646066088040405
M-5,Blue-gray Gnatcatcher,2023,0.07197494231396488,1.8411319998890985e-6,0,5,Mine,1.739056625002722e-4,0.0044646066088040405
M-6,Blue-gray Gnatcatcher,2023,0.07197494231396488,1.8411319998890985e-6,0,5,Mine,1.739056625002722e-4,0.0044646066088040405
M-7,Blue-gray Gnatcatcher,2023,0.07197494231396488,1.8411319998890985e-6,0,4,Mine,1.739056625002722e-4,0.0044646066088040405
M-9,Blue-gray Gnatcatcher,2023,0.07197494231396488,2.060839731587331e-6,0,2,Mine,1.739056625002722e-4,0.0044646066088040405
R-1,Blue-gray Gnatcatcher,2023,0.07197494231396488,1.2768899769792335,1,3,Sansavilla,1.5178938242098075,0.4938463682049068
R-10,Blue-gray Gnatcatcher,2023,0.07197494231396488,4.1853673672858145,4,0,Sansavilla,1.5178938242098075,0.4938463682049068
R-11,Blue-gray Gnatcatcher,2023,0.07197494231396488,3.9598404461802956,4,0,Sansavilla,1.5178938242098075,0.4938463682049068
R-12,Blue-gray Gnatcatcher,2023,0.07197494231396488,1.0675745196849895,1,0,Sansavilla,1.5178938242098075,0.4938463682049068
R-13,Blue-gray Gnatcatcher,2023,0.07197494231396488,1.2823674853341125,1,2,Sansavilla,1.5178938242098075,0.4938463682049068
R-2,Blue-gray Gnatcatcher,2023,0.07197494231396488,1.1432184527824134,1,3,Sansavilla,1.5178938242098075,0.4938463682049068
R-3,Blue-gray Gnatcatcher,2023,0.07197494231396488,1.035287592184626,1,0,Sansavilla,1.5178938242098075,0.4938463682049068
R-6,Blue-gray Gnatcatcher,2023,0.07197494231396488,0.016069878645741855,0,2,Sansavilla,1.5178938242098075,0.4938463682049068
R-7,Blue-gray Gnatcatcher,2023,0.07197494231396488,0.016069878645741855,0,0,Sansavilla,1.5178938242098075,0.4938463682049068
R-9,Blue-gray Gnatcatcher,2023,0.07197494231396488,1.1963486487566668,1,2,Sansavilla,1.5178938242098075,0.4938463682049068
M-1,Blue Grosbeak,2023,0.43955870260665963,1.0112616619157748,1,3,Mine,4.212911372700616,0.8280964191883903
M-10,Blue Grosbeak,2023,0.43955870260665963,7.7510285619662955,7,4,Mine,4.212911372700616,0.8280964191883903
M-11,Blue Grosbeak,2023,0.43955870260665963,1.001293947887265,1,1,Mine,4.212911372700616,0.8280964191883903
M-12,Blue Grosbeak,2023,0.43955870260665963,6.704751660721611,6,2,Mine,4.212911372700616,0.8280964191883903
M-2,Blue Grosbeak,2023,0.43955870260665963,3.289943507999747e-4,0,5,Mine,4.212911372700616,0.8280964191883903
M-5,Blue Grosbeak,2023,0.43955870260665963,3.839325726699114,4,5,Mine,4.212911372700616,0.8280964191883903
M-6,Blue Grosbeak,2023,0.43955870260665963,5.84635103039515,6,5,Mine,4.212911372700616,0.8280964191883903
M-7,Blue Grosbeak,2023,0.43955870260665963,5.834383404236944,6,4,Mine,4.212911372700616,0.8280964191883903
M-9,Blue Grosbeak,2023,0.43955870260665963,5.9267697829049455,6,2,Mine,4.212911372700616,0.8280964191883903
R-1,Blue Grosbeak,2023,0.43955870260665963,1.000002255726838,1,3,Sansavilla,2.5045278426410693,0.5562365542628271
R-10,Blue Grosbeak,2023,0.43955870260665963,1.000000051920349,1,0,Sansavilla,2.5045278426410693,0.5562365542628271
R-11,Blue Grosbeak,2023,0.43955870260665963,3.584206341796678,4,0,Sansavilla,2.5045278426410693,0.5562365542628271
R-12,Blue Grosbeak,2023,0.43955870260665963,3.4752599370147217,3,0,Sansavilla,2.5045278426410693,0.5562365542628271
R-13,Blue Grosbeak,2023,0.43955870260665963,2.6364172679076048,3,2,Sansavilla,2.5045278426410693,0.5562365542628271
R-2,Blue Grosbeak,2023,0.43955870260665963,1.000108537802455,1,3,Sansavilla,2.5045278426410693,0.5562365542628271
R-3,Blue Grosbeak,2023,0.43955870260665963,3.030771421072546,3,0,Sansavilla,2.5045278426410693,0.5562365542628271
R-6,Blue Grosbeak,2023,0.43955870260665963,4.559056078851746,4,2,Sansavilla,2.5045278426410693,0.5562365542628271
R-7,Blue Grosbeak,2023,0.43955870260665963,3.714684009784807,4,0,Sansavilla,2.5045278426410693,0.5562365542628271
R-9,Blue Grosbeak,2023,0.43955870260665963,1.044930638742793,1,2,Sansavilla,2.5045278426410693,0.5562365542628271
M-1,Blue Jay,2023,0.02105192136121026,3.568437027131639,3,3,Mine,2.0519672834423908,0.9581092953668214
M-10,Blue Jay,2023,0.02105192136121026,0.5711456682995002,0,4,Mine,2.0519672834423908,0.9581092953668214
M-11,Blue Jay,2023,0.02105192136121026,1.9625273847789468,2,1,Mine,2.0519672834423908,0.9581092953668214
M-12,Blue Jay,2023,0.02105192136121026,0.5711456682995002,0,2,Mine,2.0519672834423908,0.9581092953668214
M-2,Blue Jay,2023,0.02105192136121026,6.240112980491765,6,5,Mine,2.0519672834423908,0.9581092953668214
M-5,Blue Jay,2023,0.02105192136121026,2.8199258182247133,3,5,Mine,2.0519672834423908,0.9581092953668214
M-6,Blue Jay,2023,0.02105192136121026,1.5780165257938024,1,5,Mine,2.0519672834423908,0.9581092953668214
M-7,Blue Jay,2023,0.02105192136121026,0.5711456682995002,0,4,Mine,2.0519672834423908,0.9581092953668214
M-9,Blue Jay,2023,0.02105192136121026,0.5852299843197949,0,2,Mine,2.0519672834423908,0.9581092953668214
R-1,Blue Jay,2023,0.02105192136121026,1.7340431457089562,1,3,Sansavilla,1.4980167065790162,0.6308244741192036
R-10,Blue Jay,2023,0.02105192136121026,1.4195270681364298,1,0,Sansavilla,1.4980167065790162,0.6308244741192036
R-11,Blue Jay,2023,0.02105192136121026,2.0934402950746662,2,0,Sansavilla,1.4980167065790162,0.6308244741192036
R-12,Blue Jay,2023,0.02105192136121026,1.4195774976110742,1,0,Sansavilla,1.4980167065790162,0.6308244741192036
R-13,Blue Jay,2023,0.02105192136121026,1.4206206862946154,1,2,Sansavilla,1.4980167065790162,0.6308244741192036
R-2,Blue Jay,2023,0.02105192136121026,1.4222083127497192,1,3,Sansavilla,1.4980167065790162,0.6308244741192036
R-3,Blue Jay,2023,0.02105192136121026,1.746939182493811,1,0,Sansavilla,1.4980167065790162,0.6308244741192036
R-6,Blue Jay,2023,0.02105192136121026,1.4249810238103175,1,2,Sansavilla,1.4980167065790162,0.6308244741192036
R-7,Blue Jay,2023,0.02105192136121026,0.41695876922928,0,0,Sansavilla,1.4980167065790162,0.6308244741192036
R-9,Blue Jay,2023,0.02105192136121026,1.881868051530113,2,2,Sansavilla,1.4980167065790162,0.6308244741192036
M-1,Brown-headed Nuthatch,2023,0.024777105256500027,1.2451817310820848e-8,0,3,Mine,5.786261728824182e-8,9.384822952363271e-5
M-10,Brown-headed Nuthatch,2023,0.024777105256500027,1.2451817310820848e-8,0,4,Mine,5.786261728824182e-8,9.384822952363271e-5
M-11,Brown-headed Nuthatch,2023,0.024777105256500027,1.2451817310820848e-8,0,1,Mine,5.786261728824182e-8,9.384822952363271e-5
M-12,Brown-headed Nuthatch,2023,0.024777105256500027,1.2451817310820848e-8,0,2,Mine,5.786261728824182e-8,9.384822952363271e-5
M-2,Brown-headed Nuthatch,2023,0.024777105256500027,4.0041691286836676e-8,0,5,Mine,5.786261728824182e-8,9.384822952363271e-5
M-5,Brown-headed Nuthatch,2023,0.024777105256500027,1.2451817310820848e-8,0,5,Mine,5.786261728824182e-8,9.384822952363271e-5
M-6,Brown-headed Nuthatch,2023,0.024777105256500027,1.2451817310820848e-8,0,5,Mine,5.786261728824182e-8,9.384822952363271e-5
M-7,Brown-headed Nuthatch,2023,0.024777105256500027,1.2451817310820848e-8,0,4,Mine,5.786261728824182e-8,9.384822952363271e-5
M-9,Brown-headed Nuthatch,2023,0.024777105256500027,1.3182697281162129e-8,0,2,Mine,5.786261728824182e-8,9.384822952363271e-5
R-1,Brown-headed Nuthatch,2023,0.024777105256500027,1.5884637244703954,1,3,Sansavilla,1.5171753746009027,0.7002836764645857
R-10,Brown-headed Nuthatch,2023,0.024777105256500027,0.3264904264336753,0,0,Sansavilla,1.5171753746009027,0.7002836764645857
R-11,Brown-headed Nuthatch,2023,0.024777105256500027,4.6442599758017975,4,0,Sansavilla,1.5171753746009027,0.7002836764645857
R-12,Brown-headed Nuthatch,2023,0.024777105256500027,2.297098254929385,2,0,Sansavilla,1.5171753746009027,0.7002836764645857
R-13,Brown-headed Nuthatch,2023,0.024777105256500027,1.3287622377865136,1,2,Sansavilla,1.5171753746009027,0.7002836764645857
R-2,Brown-headed Nuthatch,2023,0.024777105256500027,1.3292258157053591,1,3,Sansavilla,1.5171753746009027,0.7002836764645857
R-3,Brown-headed Nuthatch,2023,0.024777105256500027,1.3289885277378906,1,0,Sansavilla,1.5171753746009027,0.7002836764645857
R-6,Brown-headed Nuthatch,2023,0.024777105256500027,1.5883598562195724,1,2,Sansavilla,1.5171753746009027,0.7002836764645857
R-7,Brown-headed Nuthatch,2023,0.024777105256500027,0.3264904264336753,0,0,Sansavilla,1.5171753746009027,0.7002836764645857
R-9,Brown-headed Nuthatch,2023,0.024777105256500027,0.41365139009853463,0,2,Sansavilla,1.5171753746009027,0.7002836764645857
M-1,Brown Thrasher,2023,0.03206026000564001,1.272774725080938,1,3,Mine,1.9063574319523813,0.7180907185617238
M-10,Brown Thrasher,2023,0.03206026000564001,2.156971529720099,2,4,Mine,1.9063574319523813,0.7180907185617238
M-11,Brown Thrasher,2023,0.03206026000564001,1.8114024727871525,2,1,Mine,1.9063574319523813,0.7180907185617238
M-12,Brown Thrasher,2023,0.03206026000564001,1.796985194016489,2,2,Mine,1.9063574319523813,0.7180907185617238
M-2,Brown Thrasher,2023,0.03206026000564001,0.8588007713090966,0,5,Mine,1.9063574319523813,0.7180907185617238
M-5,Brown Thrasher,2023,0.03206026000564001,4.990873316223967,5,5,Mine,1.9063574319523813,0.7180907185617238
M-6,Brown Thrasher,2023,0.03206026000564001,1.4986990838748908,1,5,Mine,1.9063574319523813,0.7180907185617238
M-7,Brown Thrasher,2023,0.03206026000564001,1.4849713711755226,1,4,Mine,1.9063574319523813,0.7180907185617238
M-9,Brown Thrasher,2023,0.03206026000564001,1.2822454836970303,1,2,Mine,1.9063574319523813,0.7180907185617238
R-1,Brown Thrasher,2023,0.03206026000564001,5.462989226897978,5,3,Sansavilla,3.1131548500496766,1.0389520702812478
R-10,Brown Thrasher,2023,0.03206026000564001,1.7575827848597665,1,0,Sansavilla,3.1131548500496766,1.0389520702812478
R-11,Brown Thrasher,2023,0.03206026000564001,6.770903620950343,7,0,Sansavilla,3.1131548500496766,1.0389520702812478
R-12,Brown Thrasher,2023,0.03206026000564001,3.6977210625334713,3,0,Sansavilla,3.1131548500496766,1.0389520702812478
R-13,Brown Thrasher,2023,0.03206026000564001,2.9256053646208264,3,2,Sansavilla,3.1131548500496766,1.0389520702812478
R-2,Brown Thrasher,2023,0.03206026000564001,2.9670633718864523,3,3,Sansavilla,3.1131548500496766,1.0389520702812478
R-3,Brown Thrasher,2023,0.03206026000564001,0.4345744259046191,0,0,Sansavilla,3.1131548500496766,1.0389520702812478
R-6,Brown Thrasher,2023,0.03206026000564001,1.4429350157524317,1,2,Sansavilla,3.1131548500496766,1.0389520702812478
R-7,Brown Thrasher,2023,0.03206026000564001,1.444407082932713,1,0,Sansavilla,3.1131548500496766,1.0389520702812478
R-9,Brown Thrasher,2023,0.03206026000564001,4.230003569536904,4,2,Sansavilla,3.1131548500496766,1.0389520702812478
M-1,Carolina Chickadee,2023,0.0052679399842532094,1.905579869965854e-4,0,3,Mine,2.624176515446156e-4,0.010771531229346187
M-10,Carolina Chickadee,2023,0.0052679399842532094,1.905579869965854e-4,0,4,Mine,2.624176515446156e-4,0.010771531229346187
M-11,Carolina Chickadee,2023,0.0052679399842532094,1.905579869965854e-4,0,1,Mine,2.624176515446156e-4,0.010771531229346187
M-12,Carolina Chickadee,2023,0.0052679399842532094,1.905579869965854e-4,0,2,Mine,2.624176515446156e-4,0.010771531229346187
M-2,Carolina Chickadee,2023,0.0052679399842532094,2.4158945463184962e-4,0,5,Mine,2.624176515446156e-4,0.010771531229346187
M-5,Carolina Chickadee,2023,0.0052679399842532094,1.905579869965854e-4,0,5,Mine,2.624176515446156e-4,0.010771531229346187
M-6,Carolina Chickadee,2023,0.0052679399842532094,1.905579869965854e-4,0,5,Mine,2.624176515446156e-4,0.010771531229346187
M-7,Carolina Chickadee,2023,0.0052679399842532094,1.905579869965854e-4,0,4,Mine,2.624176515446156e-4,0.010771531229346187
M-9,Carolina Chickadee,2023,0.0052679399842532094,1.9109692028992543e-4,0,2,Mine,2.624176515446156e-4,0.010771531229346187
R-1,Carolina Chickadee,2023,0.0052679399842532094,2.97869009503218,3,3,Sansavilla,1.9042927246810963,4.772476388055669
R-10,Carolina Chickadee,2023,0.0052679399842532094,2.9832062870669827,3,0,Sansavilla,1.9042927246810963,4.772476388055669
R-11,Carolina Chickadee,2023,0.0052679399842532094,2.3930414984652604,2,0,Sansavilla,1.9042927246810963,4.772476388055669
R-12,Carolina Chickadee,2023,0.0052679399842532094,1.3828269025789102,1,0,Sansavilla,1.9042927246810963,4.772476388055669
R-13,Carolina Chickadee,2023,0.0052679399842532094,1.3828269025789102,1,2,Sansavilla,1.9042927246810963,4.772476388055669
R-2,Carolina Chickadee,2023,0.0052679399842532094,2.3860733195993817,2,3,Sansavilla,1.9042927246810963,4.772476388055669
R-3,Carolina Chickadee,2023,0.0052679399842532094,1.3828269025789102,1,0,Sansavilla,1.9042927246810963,4.772476388055669
R-6,Carolina Chickadee,2023,0.0052679399842532094,1.3828269025789102,1,2,Sansavilla,1.9042927246810963,4.772476388055669
R-7,Carolina Chickadee,2023,0.0052679399842532094,1.3828269025789102,1,0,Sansavilla,1.9042927246810963,4.772476388055669
R-9,Carolina Chickadee,2023,0.0052679399842532094,1.3876002875000926,1,2,Sansavilla,1.9042927246810963,4.772476388055669
M-1,Carolina Wren,2023,0.21289066359441366,6.378498586743896,6,3,Mine,3.680300669981981,0.903889157938255
M-10,Carolina Wren,2023,0.21289066359441366,1.031547229713952,1,4,Mine,3.680300669981981,0.903889157938255
M-11,Carolina Wren,2023,0.21289066359441366,2.720296259043768,3,1,Mine,3.680300669981981,0.903889157938255
M-12,Carolina Wren,2023,0.21289066359441366,1.4404158589308067,1,2,Mine,3.680300669981981,0.903889157938255
M-2,Carolina Wren,2023,0.21289066359441366,6.663133061748681,6,5,Mine,3.680300669981981,0.903889157938255
M-5,Carolina Wren,2023,0.21289066359441366,8.334630869675236,8,5,Mine,3.680300669981981,0.903889157938255
M-6,Carolina Wren,2023,0.21289066359441366,2.5095975918999507,2,5,Mine,3.680300669981981,0.903889157938255
M-7,Carolina Wren,2023,0.21289066359441366,3.05639616379127,3,4,Mine,3.680300669981981,0.903889157938255
M-9,Carolina Wren,2023,0.21289066359441366,1.0010312138133108,1,2,Mine,3.680300669981981,0.903889157938255
R-1,Carolina Wren,2023,0.21289066359441366,3.934266545297694,4,3,Sansavilla,2.9929554907322022,0.7233784037625515
R-10,Carolina Wren,2023,0.21289066359441366,3.9544856130110744,4,0,Sansavilla,2.9929554907322022,0.7233784037625515
R-11,Carolina Wren,2023,0.21289066359441366,3.83009060348358,4,0,Sansavilla,2.9929554907322022,0.7233784037625515
R-12,Carolina Wren,2023,0.21289066359441366,2.478373280312689,2,0,Sansavilla,2.9929554907322022,0.7233784037625515
R-13,Carolina Wren,2023,0.21289066359441366,2.0578906284753424,2,2,Sansavilla,2.9929554907322022,0.7233784037625515
R-2,Carolina Wren,2023,0.21289066359441366,6.532200975720067,6,3,Sansavilla,2.9929554907322022,0.7233784037625515
R-3,Carolina Wren,2023,0.21289066359441366,1.003592002523375,1,0,Sansavilla,2.9929554907322022,0.7233784037625515
R-6,Carolina Wren,2023,0.21289066359441366,3.238481093102725,3,2,Sansavilla,2.9929554907322022,0.7233784037625515
R-7,Carolina Wren,2023,0.21289066359441366,1.020037779244386,1,0,Sansavilla,2.9929554907322022,0.7233784037625515
R-9,Carolina Wren,2023,0.21289066359441366,1.8815379964421155,2,2,Sansavilla,2.9929554907322022,0.7233784037625515
M-1,Chimney Swift,2023,0.04047374071671731,1.1586742043595226e-5,0,3,Mine,1.4665423766078284e-4,0.0043333998959304435
M-10,Chimney Swift,2023,0.04047374071671731,1.1586742043595226e-5,0,4,Mine,1.4665423766078284e-4,0.0043333998959304435
M-11,Chimney Swift,2023,0.04047374071671731,1.1586742043595226e-5,0,1,Mine,1.4665423766078284e-4,0.0043333998959304435
M-12,Chimney Swift,2023,0.04047374071671731,1.1586742043595226e-5,0,2,Mine,1.4665423766078284e-4,0.0043333998959304435
M-2,Chimney Swift,2023,0.04047374071671731,8.061290449145749e-5,0,5,Mine,1.4665423766078284e-4,0.0043333998959304435
M-5,Chimney Swift,2023,0.04047374071671731,1.1586742043595226e-5,0,5,Mine,1.4665423766078284e-4,0.0043333998959304435
M-6,Chimney Swift,2023,0.04047374071671731,1.1586742043595226e-5,0,5,Mine,1.4665423766078284e-4,0.0043333998959304435
M-7,Chimney Swift,2023,0.04047374071671731,1.1586742043595226e-5,0,4,Mine,1.4665423766078284e-4,0.0043333998959304435
M-9,Chimney Swift,2023,0.04047374071671731,1.2831670064560024e-5,0,2,Mine,1.4665423766078284e-4,0.0043333998959304435
R-1,Chimney Swift,2023,0.04047374071671731,1.2894959484073656,1,3,Sansavilla,1.8818200271357195,0.5701314982328118
R-10,Chimney Swift,2023,0.04047374071671731,1.7984410102125616,2,0,Sansavilla,1.8818200271357195,0.5701314982328118
R-11,Chimney Swift,2023,0.04047374071671731,1.2898046097561442,1,0,Sansavilla,1.8818200271357195,0.5701314982328118
R-12,Chimney Swift,2023,0.04047374071671731,8.204752634654556,8,0,Sansavilla,1.8818200271357195,0.5701314982328118
R-13,Chimney Swift,2023,0.04047374071671731,1.1526346586482596,1,2,Sansavilla,1.8818200271357195,0.5701314982328118
R-2,Chimney Swift,2023,0.04047374071671731,1.1521060824570606,1,3,Sansavilla,1.8818200271357195,0.5701314982328118
R-3,Chimney Swift,2023,0.04047374071671731,1.153181497995077,1,0,Sansavilla,1.8818200271357195,0.5701314982328118
R-6,Chimney Swift,2023,0.04047374071671731,0.14867734867182542,0,2,Sansavilla,1.8818200271357195,0.5701314982328118
R-7,Chimney Swift,2023,0.04047374071671731,1.1500052992468677,1,0,Sansavilla,1.8818200271357195,0.5701314982328118
R-9,Chimney Swift,2023,0.04047374071671731,1.4803827806581586,1,2,Sansavilla,1.8818200271357195,0.5701314982328118
M-1,Chuck-will's-widow,2023,0.323469966037482,5.981429159288805,6,3,Mine,4.801432687766325,1.186287518502131
M-10,Chuck-will's-widow,2023,0.323469966037482,5.479716605931942,5,4,Mine,4.801432687766325,1.186287518502131
M-11,Chuck-will's-widow,2023,0.323469966037482,2.0424738313221535,2,1,Mine,4.801432687766325,1.186287518502131
M-12,Chuck-will's-widow,2023,0.323469966037482,3.8257776305902906,4,2,Mine,4.801432687766325,1.186287518502131
M-2,Chuck-will's-widow,2023,0.323469966037482,6.7256770844833085,6,5,Mine,4.801432687766325,1.186287518502131
M-5,Chuck-will's-widow,2023,0.323469966037482,3.8434664741600773,4,5,Mine,4.801432687766325,1.186287518502131
M-6,Chuck-will's-widow,2023,0.323469966037482,2.9647516522550195,3,5,Mine,4.801432687766325,1.186287518502131
M-7,Chuck-will's-widow,2023,0.323469966037482,7.826540140859247,7,4,Mine,4.801432687766325,1.186287518502131
M-9,Chuck-will's-widow,2023,0.323469966037482,4.545820708687275,4,2,Mine,4.801432687766325,1.186287518502131
R-1,Chuck-will's-widow,2023,0.323469966037482,6.655719519321576,6,3,Sansavilla,7.609430234441434,1.7760448377146059
R-10,Chuck-will's-widow,2023,0.323469966037482,6.289472539492223,6,0,Sansavilla,7.609430234441434,1.7760448377146059
R-11,Chuck-will's-widow,2023,0.323469966037482,8.781682251202591,8,0,Sansavilla,7.609430234441434,1.7760448377146059
R-12,Chuck-will's-widow,2023,0.323469966037482,9.141666774173578,9,0,Sansavilla,7.609430234441434,1.7760448377146059
R-13,Chuck-will's-widow,2023,0.323469966037482,9.066273621137045,9,2,Sansavilla,7.609430234441434,1.7760448377146059
R-2,Chuck-will's-widow,2023,0.323469966037482,11.586860712016753,11,3,Sansavilla,7.609430234441434,1.7760448377146059
R-3,Chuck-will's-widow,2023,0.323469966037482,5.735166634648953,6,0,Sansavilla,7.609430234441434,1.7760448377146059
R-6,Chuck-will's-widow,2023,0.323469966037482,3.944704479042442,4,2,Sansavilla,7.609430234441434,1.7760448377146059
R-7,Chuck-will's-widow,2023,0.323469966037482,8.17653777646822,8,0,Sansavilla,7.609430234441434,1.7760448377146059
R-9,Chuck-will's-widow,2023,0.323469966037482,6.710714644316226,6,2,Sansavilla,7.609430234441434,1.7760448377146059
M-1,Common Grackle,2023,0.024006223660751475,3.7833237395854926,3,3,Mine,4.822218430947444,1.6307721136434972
M-10,Common Grackle,2023,0.024006223660751475,4.875321074297246,5,4,Mine,4.822218430947444,1.6307721136434972
M-11,Common Grackle,2023,0.024006223660751475,3.747658809334193,3,1,Mine,4.822218430947444,1.6307721136434972
M-12,Common Grackle,2023,0.024006223660751475,13.471530079845476,13,2,Mine,4.822218430947444,1.6307721136434972
M-2,Common Grackle,2023,0.024006223660751475,1.5291248644446076,1,5,Mine,4.822218430947444,1.6307721136434972
M-5,Common Grackle,2023,0.024006223660751475,2.681078844080394,2,5,Mine,4.822218430947444,1.6307721136434972
M-6,Common Grackle,2023,0.024006223660751475,2.1655415836194454,2,5,Mine,4.822218430947444,1.6307721136434972
M-7,Common Grackle,2023,0.024006223660751475,8.34288072703633,8,4,Mine,4.822218430947444,1.6307721136434972
M-9,Common Grackle,2023,0.024006223660751475,2.803160841324582,2,2,Mine,4.822218430947444,1.6307721136434972
R-1,Common Grackle,2023,0.024006223660751475,1.3413843247040838,1,3,Sansavilla,1.393155050576219,0.4899926297195213
R-10,Common Grackle,2023,0.024006223660751475,1.3308872740973365,1,0,Sansavilla,1.393155050576219,0.4899926297195213
R-11,Common Grackle,2023,0.024006223660751475,1.6119488529234725,1,0,Sansavilla,1.393155050576219,0.4899926297195213
R-12,Common Grackle,2023,0.024006223660751475,1.3318971806682247,1,0,Sansavilla,1.393155050576219,0.4899926297195213
R-13,Common Grackle,2023,0.024006223660751475,1.6172382473214257,1,2,Sansavilla,1.393155050576219,0.4899926297195213
R-2,Common Grackle,2023,0.024006223660751475,1.3347673289440452,1,3,Sansavilla,1.393155050576219,0.4899926297195213
R-3,Common Grackle,2023,0.024006223660751475,1.3407363065335163,1,0,Sansavilla,1.393155050576219,0.4899926297195213
R-6,Common Grackle,2023,0.024006223660751475,1.3434075265076806,1,2,Sansavilla,1.393155050576219,0.4899926297195213
R-7,Common Grackle,2023,0.024006223660751475,1.330673375089629,1,0,Sansavilla,1.393155050576219,0.4899926297195213
R-9,Common Grackle,2023,0.024006223660751475,1.3485668243559799,1,2,Sansavilla,1.393155050576219,0.4899926297195213
M-1,Common Ground Dove,2023,0.03153293543634673,4.1268117456072976e-5,0,3,Mine,3.1968509970896965e-4,0.0067264359962136986
M-10,Common Ground Dove,2023,0.03153293543634673,4.1268117456072976e-5,0,4,Mine,3.1968509970896965e-4,0.0067264359962136986
M-11,Common Ground Dove,2023,0.03153293543634673,4.1268117456072976e-5,0,1,Mine,3.1968509970896965e-4,0.0067264359962136986
M-12,Common Ground Dove,2023,0.03153293543634673,4.1268117456072976e-5,0,2,Mine,3.1968509970896965e-4,0.0067264359962136986
M-2,Common Ground Dove,2023,0.03153293543634673,2.8332543037134004e-4,0,5,Mine,3.1968509970896965e-4,0.0067264359962136986
M-5,Common Ground Dove,2023,0.03153293543634673,4.1268117456072976e-5,0,5,Mine,3.1968509970896965e-4,0.0067264359962136986
M-6,Common Ground Dove,2023,0.03153293543634673,4.1268117456072976e-5,0,5,Mine,3.1968509970896965e-4,0.0067264359962136986
M-7,Common Ground Dove,2023,0.03153293543634673,4.1268117456072976e-5,0,4,Mine,3.1968509970896965e-4,0.0067264359962136986
M-9,Common Ground Dove,2023,0.03153293543634673,4.607996733431958e-5,0,2,Mine,3.1968509970896965e-4,0.0067264359962136986
R-1,Common Ground Dove,2023,0.03153293543634673,1.8078693907027068,2,3,Sansavilla,1.1824938468970418,0.5673385460142812
R-10,Common Ground Dove,2023,0.03153293543634673,1.3008422447706556,1,0,Sansavilla,1.1824938468970418,0.5673385460142812
R-11,Common Ground Dove,2023,0.03153293543634673,1.157077853852798,1,0,Sansavilla,1.1824938468970418,0.5673385460142812
R-12,Common Ground Dove,2023,0.03153293543634673,3.6564184570487055,3,0,Sansavilla,1.1824938468970418,0.5673385460142812
R-13,Common Ground Dove,2023,0.03153293543634673,0.15264801208832038,0,2,Sansavilla,1.1824938468970418,0.5673385460142812
R-2,Common Ground Dove,2023,0.03153293543634673,1.8177402233680824,2,3,Sansavilla,1.1824938468970418,0.5673385460142812
R-3,Common Ground Dove,2023,0.03153293543634673,1.1598820523803097,1,0,Sansavilla,1.1824938468970418,0.5673385460142812
R-6,Common Ground Dove,2023,0.03153293543634673,0.15264801208832038,0,2,Sansavilla,1.1824938468970418,0.5673385460142812
R-7,Common Ground Dove,2023,0.03153293543634673,0.15264801208832038,0,0,Sansavilla,1.1824938468970418,0.5673385460142812
R-9,Common Ground Dove,2023,0.03153293543634673,0.4711839937257244,0,2,Sansavilla,1.1824938468970418,0.5673385460142812
M-1,Common Nighthawk,2023,0.6421267800580419,2.1577901000063036,2,3,Mine,2.8049952834342813,0.6408724486310422
M-10,Common Nighthawk,2023,0.6421267800580419,4.107757841821158,4,4,Mine,2.8049952834342813,0.6408724486310422
M-11,Common Nighthawk,2023,0.6421267800580419,2.012293813569439,2,1,Mine,2.8049952834342813,0.6408724486310422
M-12,Common Nighthawk,2023,0.6421267800580419,5.130098469639715,5,2,Mine,2.8049952834342813,0.6408724486310422
M-2,Common Nighthawk,2023,0.6421267800580419,1.9398564810267385,2,5,Mine,2.8049952834342813,0.6408724486310422
M-5,Common Nighthawk,2023,0.6421267800580419,1.0000808558331602,1,5,Mine,2.8049952834342813,0.6408724486310422
M-6,Common Nighthawk,2023,0.6421267800580419,1.0901444012868504,1,5,Mine,2.8049952834342813,0.6408724486310422
M-7,Common Nighthawk,2023,0.6421267800580419,2.6959634859312933,3,4,Mine,2.8049952834342813,0.6408724486310422
M-9,Common Nighthawk,2023,0.6421267800580419,5.11112757749931,5,2,Mine,2.8049952834342813,0.6408724486310422
R-1,Common Nighthawk,2023,0.6421267800580419,4.897379182575418,4,3,Sansavilla,2.4032782808012296,0.5369233080836626
R-10,Common Nighthawk,2023,0.6421267800580419,1.0000048105758568,1,0,Sansavilla,2.4032782808012296,0.5369233080836626
R-11,Common Nighthawk,2023,0.6421267800580419,2.0082210691983158,2,0,Sansavilla,2.4032782808012296,0.5369233080836626
R-12,Common Nighthawk,2023,0.6421267800580419,2.8953063166740525,3,0,Sansavilla,2.4032782808012296,0.5369233080836626
R-13,Common Nighthawk,2023,0.6421267800580419,1.0068891167590155,1,2,Sansavilla,2.4032782808012296,0.5369233080836626
R-2,Common Nighthawk,2023,0.6421267800580419,1.0000000355140004,1,3,Sansavilla,2.4032782808012296,0.5369233080836626
R-3,Common Nighthawk,2023,0.6421267800580419,4.897379182575418,4,0,Sansavilla,2.4032782808012296,0.5369233080836626
R-6,Common Nighthawk,2023,0.6421267800580419,1.9883722600657225,2,2,Sansavilla,2.4032782808012296,0.5369233080836626
R-7,Common Nighthawk,2023,0.6421267800580419,2.3259088121584828,2,0,Sansavilla,2.4032782808012296,0.5369233080836626
R-9,Common Nighthawk,2023,0.6421267800580419,2.0137068845452606,2,2,Sansavilla,2.4032782808012296,0.5369233080836626
M-1,Common Yellowthroat,2023,0.09994926216165188,6.193242456240556e-4,0,3,Mine,0.37929427113531555,0.21705676730925494
M-10,Common Yellowthroat,2023,0.09994926216165188,6.193242456240556e-4,0,4,Mine,0.37929427113531555,0.21705676730925494
M-11,Common Yellowthroat,2023,0.09994926216165188,6.193242456240556e-4,0,1,Mine,0.37929427113531555,0.21705676730925494
M-12,Common Yellowthroat,2023,0.09994926216165188,6.193242456240556e-4,0,2,Mine,0.37929427113531555,0.21705676730925494
M-2,Common Yellowthroat,2023,0.09994926216165188,0.04222672261944923,0,5,Mine,0.37929427113531555,0.21705676730925494
M-5,Common Yellowthroat,2023,0.09994926216165188,1.002946618804557,1,5,Mine,0.37929427113531555,0.21705676730925494
M-6,Common Yellowthroat,2023,0.09994926216165188,1.3646109333205227,1,5,Mine,0.37929427113531555,0.21705676730925494
M-7,Common Yellowthroat,2023,0.09994926216165188,1.0006496984587587,1,4,Mine,0.37929427113531555,0.21705676730925494
M-9,Common Yellowthroat,2023,0.09994926216165188,7.646640731823828e-4,0,2,Mine,0.37929427113531555,0.21705676730925494
R-1,Common Yellowthroat,2023,0.09994926216165188,1.703856452221029,2,3,Sansavilla,2.519051073376113,0.6308452547872666
R-10,Common Yellowthroat,2023,0.09994926216165188,1.156416964745292,1,0,Sansavilla,2.519051073376113,0.6308452547872666
R-11,Common Yellowthroat,2023,0.09994926216165188,6.612911491312276,6,0,Sansavilla,2.519051073376113,0.6308452547872666
R-12,Common Yellowthroat,2023,0.09994926216165188,1.0043279483028895,1,0,Sansavilla,2.519051073376113,0.6308452547872666
R-13,Common Yellowthroat,2023,0.09994926216165188,1.0092079260874058,1,2,Sansavilla,2.519051073376113,0.6308452547872666
R-2,Common Yellowthroat,2023,0.09994926216165188,6.063108373716295,6,3,Sansavilla,2.519051073376113,0.6308452547872666
R-3,Common Yellowthroat,2023,0.09994926216165188,0.004113190006897179,0,0,Sansavilla,2.519051073376113,0.6308452547872666
R-6,Common Yellowthroat,2023,0.09994926216165188,7.6155900933409,7,2,Sansavilla,2.519051073376113,0.6308452547872666
R-7,Common Yellowthroat,2023,0.09994926216165188,0.004113190006897179,0,0,Sansavilla,2.519051073376113,0.6308452547872666
R-9,Common Yellowthroat,2023,0.09994926216165188,0.016811825676797756,0,2,Sansavilla,2.519051073376113,0.6308452547872666
M-1,Eastern Bluebird,2023,0.03453326954994034,3.0410366765610592,3,3,Mine,3.999984112627372,1.308369244380131
M-10,Eastern Bluebird,2023,0.03453326954994034,6.000051465443501,6,4,Mine,3.999984112627372,1.308369244380131
M-11,Eastern Bluebird,2023,0.03453326954994034,8.929839220370383,9,1,Mine,3.999984112627372,1.308369244380131
M-12,Eastern Bluebird,2023,0.03453326954994034,7.010133607351289,7,2,Mine,3.999984112627372,1.308369244380131
M-2,Eastern Bluebird,2023,0.03453326954994034,1.5706176761107553,1,5,Mine,3.999984112627372,1.308369244380131
M-5,Eastern Bluebird,2023,0.03453326954994034,1.4893844585414935,1,5,Mine,3.999984112627372,1.308369244380131
M-6,Eastern Bluebird,2023,0.03453326954994034,1.831187131377684,1,5,Mine,3.999984112627372,1.308369244380131
M-7,Eastern Bluebird,2023,0.03453326954994034,2.2311727881188883,2,4,Mine,3.999984112627372,1.308369244380131
M-9,Eastern Bluebird,2023,0.03453326954994034,3.8965867456954224,4,2,Mine,3.999984112627372,1.308369244380131
R-1,Eastern Bluebird,2023,0.03453326954994034,2.9573538535941473,3,3,Sansavilla,1.7727877445756999,0.6103755690025191
R-10,Eastern Bluebird,2023,0.03453326954994034,1.2166837756602464,1,0,Sansavilla,1.7727877445756999,0.6103755690025191
R-11,Eastern Bluebird,2023,0.03453326954994034,2.330966307778403,2,0,Sansavilla,1.7727877445756999,0.6103755690025191
R-12,Eastern Bluebird,2023,0.03453326954994034,2.6594627641069213,2,0,Sansavilla,1.7727877445756999,0.6103755690025191
R-13,Eastern Bluebird,2023,0.03453326954994034,1.2174349268737876,1,2,Sansavilla,1.7727877445756999,0.6103755690025191
R-2,Eastern Bluebird,2023,0.03453326954994034,1.2153365053562903,1,3,Sansavilla,1.7727877445756999,0.6103755690025191
R-3,Eastern Bluebird,2023,0.03453326954994034,0.21264379258095112,0,0,Sansavilla,1.7727877445756999,0.6103755690025191
R-6,Eastern Bluebird,2023,0.03453326954994034,1.6775287863430406,1,2,Sansavilla,1.7727877445756999,0.6103755690025191
R-7,Eastern Bluebird,2023,0.03453326954994034,2.961388994998966,3,0,Sansavilla,1.7727877445756999,0.6103755690025191
R-9,Eastern Bluebird,2023,0.03453326954994034,1.2790879697692907,1,2,Sansavilla,1.7727877445756999,0.6103755690025191
M-1,Eastern Kingbird,2023,0.054239063541079484,1.0159076217017373,1,3,Mine,0.49570593290789394,0.24828852050830624
M-10,Eastern Kingbird,2023,0.054239063541079484,0.015269733785698637,0,4,Mine,0.49570593290789394,0.24828852050830624
M-11,Eastern Kingbird,2023,0.054239063541079484,0.015269733785698637,0,1,Mine,0.49570593290789394,0.24828852050830624
M-12,Eastern Kingbird,2023,0.054239063541079484,1.0155672384124956,1,2,Mine,0.49570593290789394,0.24828852050830624
M-2,Eastern Kingbird,2023,0.054239063541079484,0.3172899241548183,0,5,Mine,0.49570593290789394,0.24828852050830624
M-5,Eastern Kingbird,2023,0.054239063541079484,1.0159607472152254,1,5,Mine,0.49570593290789394,0.24828852050830624
M-6,Eastern Kingbird,2023,0.054239063541079484,1.0320080154779776,1,5,Mine,0.49570593290789394,0.24828852050830624
M-7,Eastern Kingbird,2023,0.054239063541079484,0.015269733785698637,0,4,Mine,0.49570593290789394,0.24828852050830624
M-9,Eastern Kingbird,2023,0.054239063541079484,0.01827956007572625,0,2,Mine,0.49570593290789394,0.24828852050830624
R-1,Eastern Kingbird,2023,0.054239063541079484,0.051613725844739326,0,3,Sansavilla,1.6755518124802842,0.49402861214057814
R-10,Eastern Kingbird,2023,0.054239063541079484,0.051613725844739326,0,0,Sansavilla,1.6755518124802842,0.49402861214057814
R-11,Eastern Kingbird,2023,0.054239063541079484,6.2036265544741775,6,0,Sansavilla,1.6755518124802842,0.49402861214057814
R-12,Eastern Kingbird,2023,0.054239063541079484,7.0596594652721185,7,0,Sansavilla,1.6755518124802842,0.49402861214057814
R-13,Eastern Kingbird,2023,0.054239063541079484,0.051613725844739326,0,2,Sansavilla,1.6755518124802842,0.49402861214057814
R-2,Eastern Kingbird,2023,0.054239063541079484,0.051613725844739326,0,3,Sansavilla,1.6755518124802842,0.49402861214057814
R-3,Eastern Kingbird,2023,0.054239063541079484,1.0522793584881232,1,0,Sansavilla,1.6755518124802842,0.49402861214057814
R-6,Eastern Kingbird,2023,0.054239063541079484,0.051613725844739326,0,2,Sansavilla,1.6755518124802842,0.49402861214057814
R-7,Eastern Kingbird,2023,0.054239063541079484,1.0520795133851815,1,0,Sansavilla,1.6755518124802842,0.49402861214057814
R-9,Eastern Kingbird,2023,0.054239063541079484,1.1334440921054112,1,2,Sansavilla,1.6755518124802842,0.49402861214057814
M-1,Eastern Meadowlark,2023,0.021398991674210503,0.09896933203848776,0,3,Mine,0.3809882800543545,0.34324871511417304
M-10,Eastern Meadowlark,2023,0.021398991674210503,0.09896933203848776,0,4,Mine,0.3809882800543545,0.34324871511417304
M-11,Eastern Meadowlark,2023,0.021398991674210503,1.3719245572458345,1,1,Mine,0.3809882800543545,0.34324871511417304
M-12,Eastern Meadowlark,2023,0.021398991674210503,0.09896933203848776,0,2,Mine,0.3809882800543545,0.34324871511417304
M-2,Eastern Meadowlark,2023,0.021398991674210503,0.36077850320965066,0,5,Mine,0.3809882800543545,0.34324871511417304
M-5,Eastern Meadowlark,2023,0.021398991674210503,0.09896933203848776,0,5,Mine,0.3809882800543545,0.34324871511417304
M-6,Eastern Meadowlark,2023,0.021398991674210503,1.1000128408949583,1,5,Mine,0.3809882800543545,0.34324871511417304
M-7,Eastern Meadowlark,2023,0.021398991674210503,0.09896933203848776,0,4,Mine,0.3809882800543545,0.34324871511417304
M-9,Eastern Meadowlark,2023,0.021398991674210503,0.10179217351402127,0,2,Mine,0.3809882800543545,0.34324871511417304
R-1,Eastern Meadowlark,2023,0.021398991674210503,8.642882976201042e-6,0,3,Sansavilla,3.327128770085422e-5,0.0021211916267968693
R-10,Eastern Meadowlark,2023,0.021398991674210503,8.642882976201042e-6,0,0,Sansavilla,3.327128770085422e-5,0.0021211916267968693
R-11,Eastern Meadowlark,2023,0.021398991674210503,8.642882976201042e-6,0,0,Sansavilla,3.327128770085422e-5,0.0021211916267968693
R-12,Eastern Meadowlark,2023,0.021398991674210503,8.642882976201042e-6,0,0,Sansavilla,3.327128770085422e-5,0.0021211916267968693
R-13,Eastern Meadowlark,2023,0.021398991674210503,8.642882976201042e-6,0,2,Sansavilla,3.327128770085422e-5,0.0021211916267968693
R-2,Eastern Meadowlark,2023,0.021398991674210503,8.642882976201042e-6,0,3,Sansavilla,3.327128770085422e-5,0.0021211916267968693
R-3,Eastern Meadowlark,2023,0.021398991674210503,8.642882976201042e-6,0,0,Sansavilla,3.327128770085422e-5,0.0021211916267968693
R-6,Eastern Meadowlark,2023,0.021398991674210503,8.642882976201042e-6,0,2,Sansavilla,3.327128770085422e-5,0.0021211916267968693
R-7,Eastern Meadowlark,2023,0.021398991674210503,8.642882976201042e-6,0,0,Sansavilla,3.327128770085422e-5,0.0021211916267968693
R-9,Eastern Meadowlark,2023,0.021398991674210503,8.890343078819197e-6,0,2,Sansavilla,3.327128770085422e-5,0.0021211916267968693
M-1,Eastern Screech-Owl,2023,0.007421580423687378,2.709902777559865,2,3,Mine,1.8298505511179681,1.828910158002786
M-10,Eastern Screech-Owl,2023,0.007421580423687378,1.1450059994752413,1,4,Mine,1.8298505511179681,1.828910158002786
M-11,Eastern Screech-Owl,2023,0.007421580423687378,2.1474583666373395,2,1,Mine,1.8298505511179681,1.828910158002786
M-12,Eastern Screech-Owl,2023,0.007421580423687378,2.150165660549221,2,2,Mine,1.8298505511179681,1.828910158002786
M-2,Eastern Screech-Owl,2023,0.007421580423687378,1.699679756565714,1,5,Mine,1.8298505511179681,1.828910158002786
M-5,Eastern Screech-Owl,2023,0.007421580423687378,2.1571367634848175,2,5,Mine,1.8298505511179681,1.828910158002786
M-6,Eastern Screech-Owl,2023,0.007421580423687378,1.1450059994752413,1,5,Mine,1.8298505511179681,1.828910158002786
M-7,Eastern Screech-Owl,2023,0.007421580423687378,2.149283012967251,2,4,Mine,1.8298505511179681,1.828910158002786
M-9,Eastern Screech-Owl,2023,0.007421580423687378,1.1650517753172747,1,2,Mine,1.8298505511179681,1.828910158002786
R-1,Eastern Screech-Owl,2023,0.007421580423687378,3.5252968230982455,3,3,Sansavilla,5.633827541128809,6.190846044437215
R-10,Eastern Screech-Owl,2023,0.007421580423687378,7.302241535750264,7,0,Sansavilla,5.633827541128809,6.190846044437215
R-11,Eastern Screech-Owl,2023,0.007421580423687378,6.7285288663079585,6,0,Sansavilla,5.633827541128809,6.190846044437215
R-12,Eastern Screech-Owl,2023,0.007421580423687378,4.554301739262155,4,0,Sansavilla,5.633827541128809,6.190846044437215
R-13,Eastern Screech-Owl,2023,0.007421580423687378,3.5252968230982455,3,2,Sansavilla,5.633827541128809,6.190846044437215
R-2,Eastern Screech-Owl,2023,0.007421580423687378,6.79242228237946,6,3,Sansavilla,5.633827541128809,6.190846044437215
R-3,Eastern Screech-Owl,2023,0.007421580423687378,5.323536261810879,5,0,Sansavilla,5.633827541128809,6.190846044437215
R-6,Eastern Screech-Owl,2023,0.007421580423687378,8.632568126436318,8,2,Sansavilla,5.633827541128809,6.190846044437215
R-7,Eastern Screech-Owl,2023,0.007421580423687378,5.366313889619544,5,0,Sansavilla,5.633827541128809,6.190846044437215
R-9,Eastern Screech-Owl,2023,0.007421580423687378,4.587759834317676,4,2,Sansavilla,5.633827541128809,6.190846044437215
M-1,Eastern Towhee,2023,0.2239706088680328,11.931039462323723,12,3,Mine,6.200362889167544,1.1444436671678153
M-10,Eastern Towhee,2023,0.2239706088680328,4.208371294078172,4,4,Mine,6.200362889167544,1.1444436671678153
M-11,Eastern Towhee,2023,0.2239706088680328,6.22537454390741,6,1,Mine,6.200362889167544,1.1444436671678153
M-12,Eastern Towhee,2023,0.2239706088680328,1.0000045142101242,1,2,Mine,6.200362889167544,1.1444436671678153
M-2,Eastern Towhee,2023,0.2239706088680328,9.768038719990738,9,5,Mine,6.200362889167544,1.1444436671678153
M-5,Eastern Towhee,2023,0.2239706088680328,12.399434711029773,12,5,Mine,6.200362889167544,1.1444436671678153
M-6,Eastern Towhee,2023,0.2239706088680328,1.8065101657640839,2,5,Mine,6.200362889167544,1.1444436671678153
M-7,Eastern Towhee,2023,0.2239706088680328,7.463744029679916,7,4,Mine,6.200362889167544,1.1444436671678153
M-9,Eastern Towhee,2023,0.2239706088680328,1.0007520123516893,1,2,Mine,6.200362889167544,1.1444436671678153
R-1,Eastern Towhee,2023,0.2239706088680328,18.572358649835895,18,3,Sansavilla,16.8377743772375,2.2792751953465102
R-10,Eastern Towhee,2023,0.2239706088680328,14.092752192734473,14,0,Sansavilla,16.8377743772375,2.2792751953465102
R-11,Eastern Towhee,2023,0.2239706088680328,19.688631334244835,20,0,Sansavilla,16.8377743772375,2.2792751953465102
R-12,Eastern Towhee,2023,0.2239706088680328,19.688631334244835,20,0,Sansavilla,16.8377743772375,2.2792751953465102
R-13,Eastern Towhee,2023,0.2239706088680328,17.351321307560596,17,2,Sansavilla,16.8377743772375,2.2792751953465102
R-2,Eastern Towhee,2023,0.2239706088680328,19.688631334244835,20,3,Sansavilla,16.8377743772375,2.2792751953465102
R-3,Eastern Towhee,2023,0.2239706088680328,13.35343875821592,13,0,Sansavilla,16.8377743772375,2.2792751953465102
R-6,Eastern Towhee,2023,0.2239706088680328,15.796231988317997,15,2,Sansavilla,16.8377743772375,2.2792751953465102
R-7,Eastern Towhee,2023,0.2239706088680328,10.652028032223797,10,0,Sansavilla,16.8377743772375,2.2792751953465102
R-9,Eastern Towhee,2023,0.2239706088680328,19.493720305650193,19,2,Sansavilla,16.8377743772375,2.2792751953465102
M-1,Fish Crow,2023,0.027099430569177588,10.306773644498486,10,3,Mine,13.97421271784509,4.609457517072292
M-10,Fish Crow,2023,0.027099430569177588,17.24935798376323,17,4,Mine,13.97421271784509,4.609457517072292
M-11,Fish Crow,2023,0.027099430569177588,9.704459939526076,9,1,Mine,13.97421271784509,4.609457517072292
M-12,Fish Crow,2023,0.027099430569177588,19.268135579184385,19,2,Mine,13.97421271784509,4.609457517072292
M-2,Fish Crow,2023,0.027099430569177588,16.371071501398927,16,5,Mine,13.97421271784509,4.609457517072292
M-5,Fish Crow,2023,0.027099430569177588,12.040342326080872,12,5,Mine,13.97421271784509,4.609457517072292
M-6,Fish Crow,2023,0.027099430569177588,14.439492728292029,14,5,Mine,13.97421271784509,4.609457517072292
M-7,Fish Crow,2023,0.027099430569177588,15.437422546658844,15,4,Mine,13.97421271784509,4.609457517072292
M-9,Fish Crow,2023,0.027099430569177588,10.959036805077302,11,2,Mine,13.97421271784509,4.609457517072292
R-1,Fish Crow,2023,0.027099430569177588,7.901552610124392,8,3,Sansavilla,9.692019140934091,3.4012065544227466
R-10,Fish Crow,2023,0.027099430569177588,10.808483870358245,10,0,Sansavilla,9.692019140934091,3.4012065544227466
R-11,Fish Crow,2023,0.027099430569177588,9.962245915779482,10,0,Sansavilla,9.692019140934091,3.4012065544227466
R-12,Fish Crow,2023,0.027099430569177588,8.504915334945336,8,0,Sansavilla,9.692019140934091,3.4012065544227466
R-13,Fish Crow,2023,0.027099430569177588,12.225277084712,12,2,Sansavilla,9.692019140934091,3.4012065544227466
R-2,Fish Crow,2023,0.027099430569177588,7.304043601004417,7,3,Sansavilla,9.692019140934091,3.4012065544227466
R-3,Fish Crow,2023,0.027099430569177588,11.520060367779797,11,0,Sansavilla,9.692019140934091,3.4012065544227466
R-6,Fish Crow,2023,0.027099430569177588,11.464352370019185,11,2,Sansavilla,9.692019140934091,3.4012065544227466
R-7,Fish Crow,2023,0.027099430569177588,6.967644157083533,7,0,Sansavilla,9.692019140934091,3.4012065544227466
R-9,Fish Crow,2023,0.027099430569177588,10.253402340901776,10,2,Sansavilla,9.692019140934091,3.4012065544227466
M-1,Great Crested Flycatcher,2023,0.05416077802747699,2.361570807147181,2,3,Mine,1.4151194590933869,0.5427845835603118
M-10,Great Crested Flycatcher,2023,0.05416077802747699,0.04963233154009515,0,4,Mine,1.4151194590933869,0.5427845835603118
M-11,Great Crested Flycatcher,2023,0.05416077802747699,2.1258318016684528,2,1,Mine,1.4151194590933869,0.5427845835603118
M-12,Great Crested Flycatcher,2023,0.05416077802747699,1.6023992590043583,1,2,Mine,1.4151194590933869,0.5427845835603118
M-2,Great Crested Flycatcher,2023,0.05416077802747699,2.503884814605088,2,5,Mine,1.4151194590933869,0.5427845835603118
M-5,Great Crested Flycatcher,2023,0.05416077802747699,1.105477675696871,1,5,Mine,1.4151194590933869,0.5427845835603118
M-6,Great Crested Flycatcher,2023,0.05416077802747699,0.04963233154009515,0,5,Mine,1.4151194590933869,0.5427845835603118
M-7,Great Crested Flycatcher,2023,0.05416077802747699,2.885341905185112,3,4,Mine,1.4151194590933869,0.5427845835603118
M-9,Great Crested Flycatcher,2023,0.05416077802747699,0.052624007691309684,0,2,Mine,1.4151194590933869,0.5427845835603118
R-1,Great Crested Flycatcher,2023,0.05416077802747699,3.023610654778947,3,3,Sansavilla,3.041351109889822,0.9159287498982642
R-10,Great Crested Flycatcher,2023,0.05416077802747699,4.473353002720237,4,0,Sansavilla,3.041351109889822,0.9159287498982642
R-11,Great Crested Flycatcher,2023,0.05416077802747699,3.0149985912558535,3,0,Sansavilla,3.041351109889822,0.9159287498982642
R-12,Great Crested Flycatcher,2023,0.05416077802747699,1.1112540567720517,1,0,Sansavilla,3.041351109889822,0.9159287498982642
R-13,Great Crested Flycatcher,2023,0.05416077802747699,1.221302845864579,1,2,Sansavilla,3.041351109889822,0.9159287498982642
R-2,Great Crested Flycatcher,2023,0.05416077802747699,3.083390491091153,3,3,Sansavilla,3.041351109889822,0.9159287498982642
R-3,Great Crested Flycatcher,2023,0.05416077802747699,3.908664348578472,4,0,Sansavilla,3.041351109889822,0.9159287498982642
R-6,Great Crested Flycatcher,2023,0.05416077802747699,1.3983542965262714,1,2,Sansavilla,3.041351109889822,0.9159287498982642
R-7,Great Crested Flycatcher,2023,0.05416077802747699,2.559718828620555,2,0,Sansavilla,3.041351109889822,0.9159287498982642
R-9,Great Crested Flycatcher,2023,0.05416077802747699,6.618755832390865,6,2,Sansavilla,3.041351109889822,0.9159287498982642
M-1,Indigo Bunting,2023,0.10836417894732078,1.3806634025938407,1,3,Mine,0.6708805406559945,0.30170610184077573
M-10,Indigo Bunting,2023,0.10836417894732078,4.869872380548316e-4,0,4,Mine,0.6708805406559945,0.30170610184077573
M-11,Indigo Bunting,2023,0.10836417894732078,4.869872380548316e-4,0,1,Mine,0.6708805406559945,0.30170610184077573
M-12,Indigo Bunting,2023,0.10836417894732078,1.0050826360877967,1,2,Mine,0.6708805406559945,0.30170610184077573
M-2,Indigo Bunting,2023,0.10836417894732078,0.2620172341415511,0,5,Mine,0.6708805406559945,0.30170610184077573
M-5,Indigo Bunting,2023,0.10836417894732078,1.001133807238336,1,5,Mine,0.6708805406559945,0.30170610184077573
M-6,Indigo Bunting,2023,0.10836417894732078,4.869872380548316e-4,0,5,Mine,0.6708805406559945,0.30170610184077573
M-7,Indigo Bunting,2023,0.10836417894732078,1.3928551590180014,1,4,Mine,0.6708805406559945,0.30170610184077573
M-9,Indigo Bunting,2023,0.10836417894732078,1.0035938263115327,1,2,Mine,0.6708805406559945,0.30170610184077573
R-1,Indigo Bunting,2023,0.10836417894732078,5.354114359412335,5,3,Sansavilla,14.952683884432211,2.455732573073044
R-10,Indigo Bunting,2023,0.10836417894732078,18.091098027950803,18,0,Sansavilla,14.952683884432211,2.455732573073044
R-11,Indigo Bunting,2023,0.10836417894732078,10.24497913232924,10,0,Sansavilla,14.952683884432211,2.455732573073044
R-12,Indigo Bunting,2023,0.10836417894732078,20.12587373243354,20,0,Sansavilla,14.952683884432211,2.455732573073044
R-13,Indigo Bunting,2023,0.10836417894732078,14.768161358426802,14,2,Sansavilla,14.952683884432211,2.455732573073044
R-2,Indigo Bunting,2023,0.10836417894732078,7.6606279505249075,7,3,Sansavilla,14.952683884432211,2.455732573073044
R-3,Indigo Bunting,2023,0.10836417894732078,19.599185771427397,19,0,Sansavilla,14.952683884432211,2.455732573073044
R-6,Indigo Bunting,2023,0.10836417894732078,16.336267699875567,16,2,Sansavilla,14.952683884432211,2.455732573073044
R-7,Indigo Bunting,2023,0.10836417894732078,17.43123949816924,17,0,Sansavilla,14.952683884432211,2.455732573073044
R-9,Indigo Bunting,2023,0.10836417894732078,19.91656002026757,20,2,Sansavilla,14.952683884432211,2.455732573073044
M-1,Mississippi Kite,2023,0.015797828578392566,0.3879637648182521,0,3,Mine,1.0533439649114014,0.657151644200225
M-10,Mississippi Kite,2023,0.015797828578392566,0.3879637648182521,0,4,Mine,1.0533439649114014,0.657151644200225
M-11,Mississippi Kite,2023,0.015797828578392566,0.3879637648182521,0,1,Mine,1.0533439649114014,0.657151644200225
M-12,Mississippi Kite,2023,0.015797828578392566,1.388718895486519,1,2,Mine,1.0533439649114014,0.657151644200225
M-2,Mississippi Kite,2023,0.015797828578392566,0.9320302263797015,0,5,Mine,1.0533439649114014,0.657151644200225
M-5,Mississippi Kite,2023,0.015797828578392566,2.8037461566100124,3,5,Mine,1.0533439649114014,0.657151644200225
M-6,Mississippi Kite,2023,0.015797828578392566,1.389641565511152,1,5,Mine,1.0533439649114014,0.657151644200225
M-7,Mississippi Kite,2023,0.015797828578392566,1.3946364724903872,1,4,Mine,1.0533439649114014,0.657151644200225
M-9,Mississippi Kite,2023,0.015797828578392566,0.4074567708593627,0,2,Mine,1.0533439649114014,0.657151644200225
R-1,Mississippi Kite,2023,0.015797828578392566,0.32301761615617924,0,3,Sansavilla,0.8770114309452944,0.5702672989094331
R-10,Mississippi Kite,2023,0.015797828578392566,1.9118145102106137,2,0,Sansavilla,0.8770114309452944,0.5702672989094331
R-11,Mississippi Kite,2023,0.015797828578392566,0.32301761615617924,0,0,Sansavilla,0.8770114309452944,0.5702672989094331
R-12,Mississippi Kite,2023,0.015797828578392566,1.3279790895701022,1,0,Sansavilla,0.8770114309452944,0.5702672989094331
R-13,Mississippi Kite,2023,0.015797828578392566,0.32301761615617924,0,2,Sansavilla,0.8770114309452944,0.5702672989094331
R-2,Mississippi Kite,2023,0.015797828578392566,0.32301761615617924,0,3,Sansavilla,0.8770114309452944,0.5702672989094331
R-3,Mississippi Kite,2023,0.015797828578392566,0.32301761615617924,0,0,Sansavilla,0.8770114309452944,0.5702672989094331
R-6,Mississippi Kite,2023,0.015797828578392566,1.327429741715571,1,2,Sansavilla,0.8770114309452944,0.5702672989094331
R-7,Mississippi Kite,2023,0.015797828578392566,0.32301761615617924,0,0,Sansavilla,0.8770114309452944,0.5702672989094331
R-9,Mississippi Kite,2023,0.015797828578392566,2.2655326837592873,2,2,Sansavilla,0.8770114309452944,0.5702672989094331
M-1,Mourning Dove,2023,0.08615564286470606,7.222945920498669,7,3,Mine,4.4043224335264615,1.7032846790541896
M-10,Mourning Dove,2023,0.08615564286470606,5.797259691720822,6,4,Mine,4.4043224335264615,1.7032846790541896
M-11,Mourning Dove,2023,0.08615564286470606,4.097816981691073,4,1,Mine,4.4043224335264615,1.7032846790541896
M-12,Mourning Dove,2023,0.08615564286470606,4.068722635750214,4,2,Mine,4.4043224335264615,1.7032846790541896
M-2,Mourning Dove,2023,0.08615564286470606,6.552147652269542,6,5,Mine,4.4043224335264615,1.7032846790541896
M-5,Mourning Dove,2023,0.08615564286470606,3.4050003731337655,3,5,Mine,4.4043224335264615,1.7032846790541896
M-6,Mourning Dove,2023,0.08615564286470606,1.296491687345837,1,5,Mine,4.4043224335264615,1.7032846790541896
M-7,Mourning Dove,2023,0.08615564286470606,4.950419314592451,5,4,Mine,4.4043224335264615,1.7032846790541896
M-9,Mourning Dove,2023,0.08615564286470606,2.248104938992865,2,2,Mine,4.4043224335264615,1.7032846790541896
R-1,Mourning Dove,2023,0.08615564286470606,8.516448682025594,8,3,Sansavilla,6.272570066754399,2.3909704813494037
R-10,Mourning Dove,2023,0.08615564286470606,6.005759650845871,6,0,Sansavilla,6.272570066754399,2.3909704813494037
R-11,Mourning Dove,2023,0.08615564286470606,8.02432951988388,8,0,Sansavilla,6.272570066754399,2.3909704813494037
R-12,Mourning Dove,2023,0.08615564286470606,9.10683688155539,9,0,Sansavilla,6.272570066754399,2.3909704813494037
R-13,Mourning Dove,2023,0.08615564286470606,2.966271325131905,3,2,Sansavilla,6.272570066754399,2.3909704813494037
R-2,Mourning Dove,2023,0.08615564286470606,6.747208660277433,7,3,Sansavilla,6.272570066754399,2.3909704813494037
R-3,Mourning Dove,2023,0.08615564286470606,8.491805633431474,8,0,Sansavilla,6.272570066754399,2.3909704813494037
R-6,Mourning Dove,2023,0.08615564286470606,5.320573143100807,5,2,Sansavilla,6.272570066754399,2.3909704813494037
R-7,Mourning Dove,2023,0.08615564286470606,4.562142524699455,4,0,Sansavilla,6.272570066754399,2.3909704813494037
R-9,Mourning Dove,2023,0.08615564286470606,2.9843385809342795,3,2,Sansavilla,6.272570066754399,2.3909704813494037
M-1,Northern Bobwhite,2023,0.35896825675719757,1.000047597146347,1,3,Mine,5.090827226588048,0.9194066800563588
M-10,Northern Bobwhite,2023,0.35896825675719757,9.238369359165238,9,4,Mine,5.090827226588048,0.9194066800563588
M-11,Northern Bobwhite,2023,0.35896825675719757,2.0911973759557347,2,1,Mine,5.090827226588048,0.9194066800563588
M-12,Northern Bobwhite,2023,0.35896825675719757,8.172719862026023,8,2,Mine,5.090827226588048,0.9194066800563588
M-2,Northern Bobwhite,2023,0.35896825675719757,2.3777631538692026,2,5,Mine,5.090827226588048,0.9194066800563588
M-5,Northern Bobwhite,2023,0.35896825675719757,3.142900339775962,3,5,Mine,5.090827226588048,0.9194066800563588
M-6,Northern Bobwhite,2023,0.35896825675719757,3.3815115197564802,3,5,Mine,5.090827226588048,0.9194066800563588
M-7,Northern Bobwhite,2023,0.35896825675719757,7.236225198643469,7,4,Mine,5.090827226588048,0.9194066800563588
M-9,Northern Bobwhite,2023,0.35896825675719757,9.176774215334813,9,2,Mine,5.090827226588048,0.9194066800563588
R-1,Northern Bobwhite,2023,0.35896825675719757,1.013367758837283,1,3,Sansavilla,2.017333891475755,0.4804917093455746
R-10,Northern Bobwhite,2023,0.35896825675719757,1.0006559619178506,1,0,Sansavilla,2.017333891475755,0.4804917093455746
R-11,Northern Bobwhite,2023,0.35896825675719757,2.4300768681345066,2,0,Sansavilla,2.017333891475755,0.4804917093455746
R-12,Northern Bobwhite,2023,0.35896825675719757,4.426968223055508,4,0,Sansavilla,2.017333891475755,0.4804917093455746
R-13,Northern Bobwhite,2023,0.35896825675719757,2.0023106614206077,2,2,Sansavilla,2.017333891475755,0.4804917093455746
R-2,Northern Bobwhite,2023,0.35896825675719757,1.0000049574660794,1,3,Sansavilla,2.017333891475755,0.4804917093455746
R-3,Northern Bobwhite,2023,0.35896825675719757,4.101784931222586,4,0,Sansavilla,2.017333891475755,0.4804917093455746
R-6,Northern Bobwhite,2023,0.35896825675719757,1.0982251139199055,1,2,Sansavilla,2.017333891475755,0.4804917093455746
R-7,Northern Bobwhite,2023,0.35896825675719757,1.0000473815653232,1,0,Sansavilla,2.017333891475755,0.4804917093455746
R-9,Northern Bobwhite,2023,0.35896825675719757,2.099890573337393,2,2,Sansavilla,2.017333891475755,0.4804917093455746
M-1,Northern Cardinal,2023,0.0832624102636427,7.187784928289082,7,3,Mine,3.3002937583465433,0.7588213936374365
M-10,Northern Cardinal,2023,0.0832624102636427,0.016116392267267587,0,4,Mine,3.3002937583465433,0.7588213936374365
M-11,Northern Cardinal,2023,0.0832624102636427,2.326123231866259,2,1,Mine,3.3002937583465433,0.7588213936374365
M-12,Northern Cardinal,2023,0.0832624102636427,1.0353535464056667,1,2,Mine,3.3002937583465433,0.7588213936374365
M-2,Northern Cardinal,2023,0.0832624102636427,8.528694807046971,8,5,Mine,3.3002937583465433,0.7588213936374365
M-5,Northern Cardinal,2023,0.0832624102636427,7.445861433910691,7,5,Mine,3.3002937583465433,0.7588213936374365
M-6,Northern Cardinal,2023,0.0832624102636427,1.0719410753377872,1,5,Mine,3.3002937583465433,0.7588213936374365
M-7,Northern Cardinal,2023,0.0832624102636427,1.070592969170482,1,4,Mine,3.3002937583465433,0.7588213936374365
M-9,Northern Cardinal,2023,0.0832624102636427,1.0201720064438542,1,2,Mine,3.3002937583465433,0.7588213936374365
R-1,Northern Cardinal,2023,0.0832624102636427,3.001768871971035,3,3,Sansavilla,2.698331495442622,0.6808531862825933
R-10,Northern Cardinal,2023,0.0832624102636427,5.969149209355876,6,0,Sansavilla,2.698331495442622,0.6808531862825933
R-11,Northern Cardinal,2023,0.0832624102636427,2.814298481146721,3,0,Sansavilla,2.698331495442622,0.6808531862825933
R-12,Northern Cardinal,2023,0.0832624102636427,2.6089134397102955,2,0,Sansavilla,2.698331495442622,0.6808531862825933
R-13,Northern Cardinal,2023,0.0832624102636427,3.2210272806615396,3,2,Sansavilla,2.698331495442622,0.6808531862825933
R-2,Northern Cardinal,2023,0.0832624102636427,2.2431074839017984,2,3,Sansavilla,2.698331495442622,0.6808531862825933
R-3,Northern Cardinal,2023,0.0832624102636427,1.0137186064204797,1,0,Sansavilla,2.698331495442622,0.6808531862825933
R-6,Northern Cardinal,2023,0.0832624102636427,2.433155076993362,2,2,Sansavilla,2.698331495442622,0.6808531862825933
R-7,Northern Cardinal,2023,0.0832624102636427,1.2259843365660088,1,0,Sansavilla,2.698331495442622,0.6808531862825933
R-9,Northern Cardinal,2023,0.0832624102636427,2.4521916311726164,2,2,Sansavilla,2.698331495442622,0.6808531862825933
M-1,Northern Mockingbird,2023,0.07382526556387167,0.008870918433931023,0,3,Mine,0.9225940482832898,0.3780108756799468
M-10,Northern Mockingbird,2023,0.07382526556387167,2.827418017284551,3,4,Mine,0.9225940482832898,0.3780108756799468
M-11,Northern Mockingbird,2023,0.07382526556387167,2.995804889058282,3,1,Mine,0.9225940482832898,0.3780108756799468
M-12,Northern Mockingbird,2023,0.07382526556387167,1.2914888235111432,1,2,Mine,0.9225940482832898,0.3780108756799468
M-2,Northern Mockingbird,2023,0.07382526556387167,0.13161690320363953,0,5,Mine,0.9225940482832898,0.3780108756799468
M-5,Northern Mockingbird,2023,0.07382526556387167,0.008870918433931023,0,5,Mine,0.9225940482832898,0.3780108756799468
M-6,Northern Mockingbird,2023,0.07382526556387167,0.008870918433931023,0,5,Mine,0.9225940482832898,0.3780108756799468
M-7,Northern Mockingbird,2023,0.07382526556387167,0.008870918433931023,0,4,Mine,0.9225940482832898,0.3780108756799468
M-9,Northern Mockingbird,2023,0.07382526556387167,1.0217449329214283,1,2,Mine,0.9225940482832898,0.3780108756799468
R-1,Northern Mockingbird,2023,0.07382526556387167,0.007933151319734068,0,3,Sansavilla,0.8250643094318286,0.31533969225863107
R-10,Northern Mockingbird,2023,0.07382526556387167,0.007933151319734068,0,0,Sansavilla,0.8250643094318286,0.31533969225863107
R-11,Northern Mockingbird,2023,0.07382526556387167,2.925867617858413,3,0,Sansavilla,0.8250643094318286,0.31533969225863107
R-12,Northern Mockingbird,2023,0.07382526556387167,2.2184639029727804,2,0,Sansavilla,0.8250643094318286,0.31533969225863107
R-13,Northern Mockingbird,2023,0.07382526556387167,1.035694654771174,1,2,Sansavilla,0.8250643094318286,0.31533969225863107
R-2,Northern Mockingbird,2023,0.07382526556387167,1.0175722497049922,1,3,Sansavilla,0.8250643094318286,0.31533969225863107
R-3,Northern Mockingbird,2023,0.07382526556387167,0.007933151319734068,0,0,Sansavilla,0.8250643094318286,0.31533969225863107
R-6,Northern Mockingbird,2023,0.07382526556387167,0.007933151319734068,0,2,Sansavilla,0.8250643094318286,0.31533969225863107
R-7,Northern Mockingbird,2023,0.07382526556387167,1.0080188848102976,1,0,Sansavilla,0.8250643094318286,0.31533969225863107
R-9,Northern Mockingbird,2023,0.07382526556387167,0.013713463848318213,0,2,Sansavilla,0.8250643094318286,0.31533969225863107
M-1,Pileated Woodpecker,2023,0.04101559054927193,1.6436212476114116,1,3,Mine,1.4166086091271863,0.5742466319486481
M-10,Pileated Woodpecker,2023,0.04101559054927193,1.3930018354936013,1,4,Mine,1.4166086091271863,0.5742466319486481
M-11,Pileated Woodpecker,2023,0.04101559054927193,1.3905570919832164,1,1,Mine,1.4166086091271863,0.5742466319486481
M-12,Pileated Woodpecker,2023,0.04101559054927193,0.10898459759163703,0,2,Mine,1.4166086091271863,0.5742466319486481
M-2,Pileated Woodpecker,2023,0.04101559054927193,3.3674659001358975,3,5,Mine,1.4166086091271863,0.5742466319486481
M-5,Pileated Woodpecker,2023,0.04101559054927193,2.2203496398545455,2,5,Mine,1.4166086091271863,0.5742466319486481
M-6,Pileated Woodpecker,2023,0.04101559054927193,1.1120328538160582,1,5,Mine,1.4166086091271863,0.5742466319486481
M-7,Pileated Woodpecker,2023,0.04101559054927193,1.3955945659368683,1,4,Mine,1.4166086091271863,0.5742466319486481
M-9,Pileated Woodpecker,2023,0.04101559054927193,0.11898778089549618,0,2,Mine,1.4166086091271863,0.5742466319486481
R-1,Pileated Woodpecker,2023,0.04101559054927193,0.22168666841652337,0,3,Sansavilla,2.881537849818781,1.0284761254967496
R-10,Pileated Woodpecker,2023,0.04101559054927193,3.0088444604994757,3,0,Sansavilla,2.881537849818781,1.0284761254967496
R-11,Pileated Woodpecker,2023,0.04101559054927193,3.323375277930315,3,0,Sansavilla,2.881537849818781,1.0284761254967496
R-12,Pileated Woodpecker,2023,0.04101559054927193,3.607515532363839,3,0,Sansavilla,2.881537849818781,1.0284761254967496
R-13,Pileated Woodpecker,2023,0.04101559054927193,2.693560800362899,2,2,Sansavilla,2.881537849818781,1.0284761254967496
R-2,Pileated Woodpecker,2023,0.04101559054927193,1.4180531690878004,1,3,Sansavilla,2.881537849818781,1.0284761254967496
R-3,Pileated Woodpecker,2023,0.04101559054927193,1.422482466147942,1,0,Sansavilla,2.881537849818781,1.0284761254967496
R-6,Pileated Woodpecker,2023,0.04101559054927193,4.218656571485453,4,2,Sansavilla,2.881537849818781,1.0284761254967496
R-7,Pileated Woodpecker,2023,0.04101559054927193,3.002735338665777,3,0,Sansavilla,2.881537849818781,1.0284761254967496
R-9,Pileated Woodpecker,2023,0.04101559054927193,5.894831263710695,6,2,Sansavilla,2.881537849818781,1.0284761254967496
M-1,Prairie Warbler,2023,0.02843459150679865,2.9302136535374906e-5,0,3,Mine,1.63312044718929e-4,0.004732172280370868
M-10,Prairie Warbler,2023,0.02843459150679865,2.9302136535374906e-5,0,4,Mine,1.63312044718929e-4,0.004732172280370868
M-11,Prairie Warbler,2023,0.02843459150679865,2.9302136535374906e-5,0,1,Mine,1.63312044718929e-4,0.004732172280370868
M-12,Prairie Warbler,2023,0.02843459150679865,2.9302136535374906e-5,0,2,Mine,1.63312044718929e-4,0.004732172280370868
M-2,Prairie Warbler,2023,0.02843459150679865,4.4307964796684026e-5,0,5,Mine,1.63312044718929e-4,0.004732172280370868
M-5,Prairie Warbler,2023,0.02843459150679865,2.9302136535374906e-5,0,5,Mine,1.63312044718929e-4,0.004732172280370868
M-6,Prairie Warbler,2023,0.02843459150679865,2.9302136535374906e-5,0,5,Mine,1.63312044718929e-4,0.004732172280370868
M-7,Prairie Warbler,2023,0.02843459150679865,2.9302136535374906e-5,0,4,Mine,1.63312044718929e-4,0.004732172280370868
M-9,Prairie Warbler,2023,0.02843459150679865,2.933939994754491e-5,0,2,Mine,1.63312044718929e-4,0.004732172280370868
R-1,Prairie Warbler,2023,0.02843459150679865,4.575143400810136,4,3,Sansavilla,1.4715411478159712,0.6549251618508882
R-10,Prairie Warbler,2023,0.02843459150679865,1.2697794162225318,1,0,Sansavilla,1.4715411478159712,0.6549251618508882
R-11,Prairie Warbler,2023,0.02843459150679865,1.832677018171354,2,0,Sansavilla,1.4715411478159712,0.6549251618508882
R-12,Prairie Warbler,2023,0.02843459150679865,0.26403012530359965,0,0,Sansavilla,1.4715411478159712,0.6549251618508882
R-13,Prairie Warbler,2023,0.02843459150679865,1.2740657692335204,1,2,Sansavilla,1.4715411478159712,0.6549251618508882
R-2,Prairie Warbler,2023,0.02843459150679865,1.2740517107689346,1,3,Sansavilla,1.4715411478159712,0.6549251618508882
R-3,Prairie Warbler,2023,0.02843459150679865,1.5060613269898138,1,0,Sansavilla,1.4715411478159712,0.6549251618508882
R-6,Prairie Warbler,2023,0.02843459150679865,0.26403012530359965,0,2,Sansavilla,1.4715411478159712,0.6549251618508882
R-7,Prairie Warbler,2023,0.02843459150679865,0.26403012530359965,0,0,Sansavilla,1.4715411478159712,0.6549251618508882
R-9,Prairie Warbler,2023,0.02843459150679865,2.192317025709285,2,2,Sansavilla,1.4715411478159712,0.6549251618508882
M-1,Purple Martin,2023,0.004010433082914755,4.12822278773733,4,3,Mine,3.9370082523360135,10.901566832693838
M-10,Purple Martin,2023,0.004010433082914755,3.109363146894014,3,4,Mine,3.9370082523360135,10.901566832693838
M-11,Purple Martin,2023,0.004010433082914755,3.109363146894014,3,1,Mine,3.9370082523360135,10.901566832693838
M-12,Purple Martin,2023,0.004010433082914755,4.127804526281615,4,2,Mine,3.9370082523360135,10.901566832693838
M-2,Purple Martin,2023,0.004010433082914755,4.269322770950926,4,5,Mine,3.9370082523360135,10.901566832693838
M-5,Purple Martin,2023,0.004010433082914755,5.581478525996574,5,5,Mine,3.9370082523360135,10.901566832693838
M-6,Purple Martin,2023,0.004010433082914755,3.109363146894014,3,5,Mine,3.9370082523360135,10.901566832693838
M-7,Purple Martin,2023,0.004010433082914755,4.888145732843318,4,4,Mine,3.9370082523360135,10.901566832693838
M-9,Purple Martin,2023,0.004010433082914755,3.109410907707844,3,2,Mine,3.9370082523360135,10.901566832693838
R-1,Purple Martin,2023,0.004010433082914755,4.770437025369563e-4,0,3,Sansavilla,6.040224010144962e-4,0.01701687627132955
R-10,Purple Martin,2023,0.004010433082914755,4.770437025369563e-4,0,0,Sansavilla,6.040224010144962e-4,0.01701687627132955
R-11,Purple Martin,2023,0.004010433082914755,4.770437025369563e-4,0,0,Sansavilla,6.040224010144962e-4,0.01701687627132955
R-12,Purple Martin,2023,0.004010433082914755,4.770437025369563e-4,0,0,Sansavilla,6.040224010144962e-4,0.01701687627132955
R-13,Purple Martin,2023,0.004010433082914755,4.770437025369563e-4,0,2,Sansavilla,6.040224010144962e-4,0.01701687627132955
R-2,Purple Martin,2023,0.004010433082914755,4.770437025369563e-4,0,3,Sansavilla,6.040224010144962e-4,0.01701687627132955
R-3,Purple Martin,2023,0.004010433082914755,4.770437025369563e-4,0,0,Sansavilla,6.040224010144962e-4,0.01701687627132955
R-6,Purple Martin,2023,0.004010433082914755,4.770437025369563e-4,0,2,Sansavilla,6.040224010144962e-4,0.01701687627132955
R-7,Purple Martin,2023,0.004010433082914755,4.770437025369563e-4,0,0,Sansavilla,6.040224010144962e-4,0.01701687627132955
R-9,Purple Martin,2023,0.004010433082914755,4.7704798876265907e-4,0,2,Sansavilla,6.040224010144962e-4,0.01701687627132955
M-1,Red-bellied Woodpecker,2023,0.029970693163685117,2.7298946084475992,2,3,Mine,2.2303792407454295,0.8692021010352949
M-10,Red-bellied Woodpecker,2023,0.029970693163685117,4.054642348708674,4,4,Mine,2.2303792407454295,0.8692021010352949
M-11,Red-bellied Woodpecker,2023,0.029970693163685117,1.3584981671102345,1,1,Mine,2.2303792407454295,0.8692021010352949
M-12,Red-bellied Woodpecker,2023,0.029970693163685117,0.3520703440203699,0,2,Mine,2.2303792407454295,0.8692021010352949
M-2,Red-bellied Woodpecker,2023,0.029970693163685117,3.6981435157048006,3,5,Mine,2.2303792407454295,0.8692021010352949
M-5,Red-bellied Woodpecker,2023,0.029970693163685117,3.4125351312576466,3,5,Mine,2.2303792407454295,0.8692021010352949
M-6,Red-bellied Woodpecker,2023,0.029970693163685117,1.3582576852063009,1,5,Mine,2.2303792407454295,0.8692021010352949
M-7,Red-bellied Woodpecker,2023,0.029970693163685117,2.7371028928938537,2,4,Mine,2.2303792407454295,0.8692021010352949
M-9,Red-bellied Woodpecker,2023,0.029970693163685117,0.3715355771442825,0,2,Mine,2.2303792407454295,0.8692021010352949
R-1,Red-bellied Woodpecker,2023,0.029970693163685117,1.4785444858837835,1,3,Sansavilla,2.995268139853324,1.093246184788284
R-10,Red-bellied Woodpecker,2023,0.029970693163685117,2.2200355367223312,2,0,Sansavilla,2.995268139853324,1.093246184788284
R-11,Red-bellied Woodpecker,2023,0.029970693163685117,5.452546582024928,5,0,Sansavilla,2.995268139853324,1.093246184788284
R-12,Red-bellied Woodpecker,2023,0.029970693163685117,1.8161072811326089,1,0,Sansavilla,2.995268139853324,1.093246184788284
R-13,Red-bellied Woodpecker,2023,0.029970693163685117,1.4803289340951744,1,2,Sansavilla,2.995268139853324,1.093246184788284
R-2,Red-bellied Woodpecker,2023,0.029970693163685117,2.223788385735254,2,3,Sansavilla,2.995268139853324,1.093246184788284
R-3,Red-bellied Woodpecker,2023,0.029970693163685117,2.6288776779232417,2,0,Sansavilla,2.995268139853324,1.093246184788284
R-6,Red-bellied Woodpecker,2023,0.029970693163685117,3.386955578125791,3,2,Sansavilla,2.995268139853324,1.093246184788284
R-7,Red-bellied Woodpecker,2023,0.029970693163685117,5.811640275735014,6,0,Sansavilla,2.995268139853324,1.093246184788284
R-9,Red-bellied Woodpecker,2023,0.029970693163685117,3.454116435836971,3,2,Sansavilla,2.995268139853324,1.093246184788284
M-1,Red-headed Woodpecker,2023,0.04087021653034924,1.180555964966064,1,3,Mine,1.2037904501594183,0.4434406464707205
M-10,Red-headed Woodpecker,2023,0.04087021653034924,0.09078076240434013,0,4,Mine,1.2037904501594183,0.4434406464707205
M-11,Red-headed Woodpecker,2023,0.04087021653034924,1.3427574962348907,1,1,Mine,1.2037904501594183,0.4434406464707205
M-12,Red-headed Woodpecker,2023,0.04087021653034924,2.131817769447266,2,2,Mine,1.2037904501594183,0.4434406464707205
M-2,Red-headed Woodpecker,2023,0.04087021653034924,2.707315380266417,2,5,Mine,1.2037904501594183,0.4434406464707205
M-5,Red-headed Woodpecker,2023,0.04087021653034924,1.0929977629294243,1,5,Mine,1.2037904501594183,0.4434406464707205
M-6,Red-headed Woodpecker,2023,0.04087021653034924,1.0924329679164129,1,5,Mine,1.2037904501594183,0.4434406464707205
M-7,Red-headed Woodpecker,2023,0.04087021653034924,1.0929977629294243,1,4,Mine,1.2037904501594183,0.4434406464707205
M-9,Red-headed Woodpecker,2023,0.04087021653034924,0.10247988232950629,0,2,Mine,1.2037904501594183,0.4434406464707205
R-1,Red-headed Woodpecker,2023,0.04087021653034924,1.5278185394531039,1,3,Sansavilla,3.8924533859264088,1.0532157029872413
R-10,Red-headed Woodpecker,2023,0.04087021653034924,1.5409000093415095,1,0,Sansavilla,3.8924533859264088,1.0532157029872413
R-11,Red-headed Woodpecker,2023,0.04087021653034924,8.840255867524906,9,0,Sansavilla,3.8924533859264088,1.0532157029872413
R-12,Red-headed Woodpecker,2023,0.04087021653034924,8.838185045347267,9,0,Sansavilla,3.8924533859264088,1.0532157029872413
R-13,Red-headed Woodpecker,2023,0.04087021653034924,1.5511400232729022,1,2,Sansavilla,3.8924533859264088,1.0532157029872413
R-2,Red-headed Woodpecker,2023,0.04087021653034924,1.3033475383522426,1,3,Sansavilla,3.8924533859264088,1.0532157029872413
R-3,Red-headed Woodpecker,2023,0.04087021653034924,3.3054296668127665,3,0,Sansavilla,3.8924533859264088,1.0532157029872413
R-6,Red-headed Woodpecker,2023,0.04087021653034924,4.634234278884977,4,2,Sansavilla,3.8924533859264088,1.0532157029872413
R-7,Red-headed Woodpecker,2023,0.04087021653034924,4.951825326406367,5,0,Sansavilla,3.8924533859264088,1.0532157029872413
R-9,Red-headed Woodpecker,2023,0.04087021653034924,2.431468136166861,2,2,Sansavilla,3.8924533859264088,1.0532157029872413
M-1,Red-shouldered Hawk,2023,0.043663351946790836,2.461682212007511,2,3,Mine,2.3162158225533584,0.8683730940613658
M-10,Red-shouldered Hawk,2023,0.043663351946790836,1.3014766275021348,1,4,Mine,2.3162158225533584,0.8683730940613658
M-11,Red-shouldered Hawk,2023,0.043663351946790836,1.1587143512814417,1,1,Mine,2.3162158225533584,0.8683730940613658
M-12,Red-shouldered Hawk,2023,0.043663351946790836,2.4588854718507926,2,2,Mine,2.3162158225533584,0.8683730940613658
M-2,Red-shouldered Hawk,2023,0.043663351946790836,4.088653627470769,4,5,Mine,2.3162158225533584,0.8683730940613658
M-5,Red-shouldered Hawk,2023,0.043663351946790836,3.002679482212153,3,5,Mine,2.3162158225533584,0.8683730940613658
M-6,Red-shouldered Hawk,2023,0.043663351946790836,3.0013184545697493,3,5,Mine,2.3162158225533584,0.8683730940613658
M-7,Red-shouldered Hawk,2023,0.043663351946790836,1.81817234638634,2,4,Mine,2.3162158225533584,0.8683730940613658
M-9,Red-shouldered Hawk,2023,0.043663351946790836,1.553948628871841,1,2,Mine,2.3162158225533584,0.8683730940613658
R-1,Red-shouldered Hawk,2023,0.043663351946790836,2.0825460290355227,2,3,Sansavilla,5.911654877999753,2.021407586137975
R-10,Red-shouldered Hawk,2023,0.043663351946790836,7.74477139851817,8,0,Sansavilla,5.911654877999753,2.021407586137975
R-11,Red-shouldered Hawk,2023,0.043663351946790836,13.028017403017556,13,0,Sansavilla,5.911654877999753,2.021407586137975
R-12,Red-shouldered Hawk,2023,0.043663351946790836,4.961709640368796,5,0,Sansavilla,5.911654877999753,2.021407586137975
R-13,Red-shouldered Hawk,2023,0.043663351946790836,3.5908444071908683,3,2,Sansavilla,5.911654877999753,2.021407586137975
R-2,Red-shouldered Hawk,2023,0.043663351946790836,3.6425703072816726,3,3,Sansavilla,5.911654877999753,2.021407586137975
R-3,Red-shouldered Hawk,2023,0.043663351946790836,6.714126438984436,6,0,Sansavilla,5.911654877999753,2.021407586137975
R-6,Red-shouldered Hawk,2023,0.043663351946790836,3.985012272287868,4,2,Sansavilla,5.911654877999753,2.021407586137975
R-7,Red-shouldered Hawk,2023,0.043663351946790836,7.089685746540342,7,0,Sansavilla,5.911654877999753,2.021407586137975
R-9,Red-shouldered Hawk,2023,0.043663351946790836,6.27709053397182,6,2,Sansavilla,5.911654877999753,2.021407586137975
M-1,Red-tailed Hawk,2023,0.03061836385474347,5.49529429428598e-6,0,3,Mine,3.842600487743634e-5,0.0023528767344760584
M-10,Red-tailed Hawk,2023,0.03061836385474347,5.49529429428598e-6,0,4,Mine,3.842600487743634e-5,0.0023528767344760584
M-11,Red-tailed Hawk,2023,0.03061836385474347,5.49529429428598e-6,0,1,Mine,3.842600487743634e-5,0.0023528767344760584
M-12,Red-tailed Hawk,2023,0.03061836385474347,5.49529429428598e-6,0,2,Mine,3.842600487743634e-5,0.0023528767344760584
M-2,Red-tailed Hawk,2023,0.03061836385474347,3.469805512666533e-5,0,5,Mine,3.842600487743634e-5,0.0023528767344760584
M-5,Red-tailed Hawk,2023,0.03061836385474347,5.49529429428598e-6,0,5,Mine,3.842600487743634e-5,0.0023528767344760584
M-6,Red-tailed Hawk,2023,0.03061836385474347,5.49529429428598e-6,0,5,Mine,3.842600487743634e-5,0.0023528767344760584
M-7,Red-tailed Hawk,2023,0.03061836385474347,5.49529429428598e-6,0,4,Mine,3.842600487743634e-5,0.0023528767344760584
M-9,Red-tailed Hawk,2023,0.03061836385474347,5.952075767589052e-6,0,2,Mine,3.842600487743634e-5,0.0023528767344760584
R-1,Red-tailed Hawk,2023,0.03061836385474347,2.306388466825373,2,3,Sansavilla,0.4961424240284933,0.2938906828754627
R-10,Red-tailed Hawk,2023,0.03061836385474347,0.07095321620379946,0,0,Sansavilla,0.4961424240284933,0.2938906828754627
R-11,Red-tailed Hawk,2023,0.03061836385474347,1.0744057919894408,1,0,Sansavilla,0.4961424240284933,0.2938906828754627
R-12,Red-tailed Hawk,2023,0.03061836385474347,0.07095321620379946,0,0,Sansavilla,0.4961424240284933,0.2938906828754627
R-13,Red-tailed Hawk,2023,0.03061836385474347,0.07095321620379946,0,2,Sansavilla,0.4961424240284933,0.2938906828754627
R-2,Red-tailed Hawk,2023,0.03061836385474347,0.07095321620379946,0,3,Sansavilla,0.4961424240284933,0.2938906828754627
R-3,Red-tailed Hawk,2023,0.03061836385474347,1.0735569535471778,1,0,Sansavilla,0.4961424240284933,0.2938906828754627
R-6,Red-tailed Hawk,2023,0.03061836385474347,0.07095321620379946,0,2,Sansavilla,0.4961424240284933,0.2938906828754627
R-7,Red-tailed Hawk,2023,0.03061836385474347,0.07095321620379946,0,0,Sansavilla,0.4961424240284933,0.2938906828754627
R-9,Red-tailed Hawk,2023,0.03061836385474347,0.08182747890256706,0,2,Sansavilla,0.4961424240284933,0.2938906828754627
M-1,Summer Tanager,2023,0.12334129412730918,7.654092911051389e-8,0,3,Mine,2.951993503887527e-4,0.005784046816742858
M-10,Summer Tanager,2023,0.12334129412730918,7.654092911051389e-8,0,4,Mine,2.951993503887527e-4,0.005784046816742858
M-11,Summer Tanager,2023,0.12334129412730918,7.654092911051389e-8,0,1,Mine,2.951993503887527e-4,0.005784046816742858
M-12,Summer Tanager,2023,0.12334129412730918,7.654092911051389e-8,0,2,Mine,2.951993503887527e-4,0.005784046816742858
M-2,Summer Tanager,2023,0.12334129412730918,5.139035423974735e-5,0,5,Mine,2.951993503887527e-4,0.005784046816742858
M-5,Summer Tanager,2023,0.12334129412730918,7.654092911051389e-8,0,5,Mine,2.951993503887527e-4,0.005784046816742858
M-6,Summer Tanager,2023,0.12334129412730918,7.654092911051389e-8,0,5,Mine,2.951993503887527e-4,0.005784046816742858
M-7,Summer Tanager,2023,0.12334129412730918,7.654092911051389e-8,0,4,Mine,2.951993503887527e-4,0.005784046816742858
M-9,Summer Tanager,2023,0.12334129412730918,1.0205367616880395e-7,0,2,Mine,2.951993503887527e-4,0.005784046816742858
R-1,Summer Tanager,2023,0.12334129412730918,10.039335487267238,10,3,Sansavilla,2.331031090602562,0.5957522735368523
R-10,Summer Tanager,2023,0.12334129412730918,1.150188453841965,1,0,Sansavilla,2.331031090602562,0.5957522735368523
R-11,Summer Tanager,2023,0.12334129412730918,1.4842286934160844,1,0,Sansavilla,2.331031090602562,0.5957522735368523
R-12,Summer Tanager,2023,0.12334129412730918,1.0030194633022644,1,0,Sansavilla,2.331031090602562,0.5957522735368523
R-13,Summer Tanager,2023,0.12334129412730918,1.062115444094258,1,2,Sansavilla,2.331031090602562,0.5957522735368523
R-2,Summer Tanager,2023,0.12334129412730918,1.0006233033692928,1,3,Sansavilla,2.331031090602562,0.5957522735368523
R-3,Summer Tanager,2023,0.12334129412730918,5.275049036909608,5,0,Sansavilla,2.331031090602562,0.5957522735368523
R-6,Summer Tanager,2023,0.12334129412730918,6.044027035467772e-4,0,2,Sansavilla,2.331031090602562,0.5957522735368523
R-7,Summer Tanager,2023,0.12334129412730918,1.0143847333205716,1,0,Sansavilla,2.331031090602562,0.5957522735368523
R-9,Summer Tanager,2023,0.12334129412730918,1.2853970519167726,1,2,Sansavilla,2.331031090602562,0.5957522735368523
M-1,Swallow-tailed Kite,2023,0.015793119202767002,1.0680019636409553e-5,0,3,Mine,2.8461433159045752e-5,0.0023496323481280498
M-10,Swallow-tailed Kite,2023,0.015793119202767002,1.0680019636409553e-5,0,4,Mine,2.8461433159045752e-5,0.0023496323481280498
M-11,Swallow-tailed Kite,2023,0.015793119202767002,1.0680019636409553e-5,0,1,Mine,2.8461433159045752e-5,0.0023496323481280498
M-12,Swallow-tailed Kite,2023,0.015793119202767002,1.0680019636409553e-5,0,2,Mine,2.8461433159045752e-5,0.0023496323481280498
M-2,Swallow-tailed Kite,2023,0.015793119202767002,2.3508197223360475e-5,0,5,Mine,2.8461433159045752e-5,0.0023496323481280498
M-5,Swallow-tailed Kite,2023,0.015793119202767002,1.0680019636409553e-5,0,5,Mine,2.8461433159045752e-5,0.0023496323481280498
M-6,Swallow-tailed Kite,2023,0.015793119202767002,1.0680019636409553e-5,0,5,Mine,2.8461433159045752e-5,0.0023496323481280498
M-7,Swallow-tailed Kite,2023,0.015793119202767002,1.0680019636409553e-5,0,4,Mine,2.8461433159045752e-5,0.0023496323481280498
M-9,Swallow-tailed Kite,2023,0.015793119202767002,1.1151516442978836e-5,0,2,Mine,2.8461433159045752e-5,0.0023496323481280498
R-1,Swallow-tailed Kite,2023,0.015793119202767002,0.3145141791055282,0,3,Sansavilla,0.8381561636522883,0.7322448475673339
R-10,Swallow-tailed Kite,2023,0.015793119202767002,0.3145141791055282,0,0,Sansavilla,0.8381561636522883,0.7322448475673339
R-11,Swallow-tailed Kite,2023,0.015793119202767002,1.3177864387524107,1,0,Sansavilla,0.8381561636522883,0.7322448475673339
R-12,Swallow-tailed Kite,2023,0.015793119202767002,1.8909079148642827,2,0,Sansavilla,0.8381561636522883,0.7322448475673339
R-13,Swallow-tailed Kite,2023,0.015793119202767002,0.3145141791055282,0,2,Sansavilla,0.8381561636522883,0.7322448475673339
R-2,Swallow-tailed Kite,2023,0.015793119202767002,1.3182638917766425,1,3,Sansavilla,0.8381561636522883,0.7322448475673339
R-3,Swallow-tailed Kite,2023,0.015793119202767002,0.3145141791055282,0,0,Sansavilla,0.8381561636522883,0.7322448475673339
R-6,Swallow-tailed Kite,2023,0.015793119202767002,1.8904268475921477,2,2,Sansavilla,0.8381561636522883,0.7322448475673339
R-7,Swallow-tailed Kite,2023,0.015793119202767002,0.3145141791055282,0,0,Sansavilla,0.8381561636522883,0.7322448475673339
R-9,Swallow-tailed Kite,2023,0.015793119202767002,0.3928532509035757,0,2,Sansavilla,0.8381561636522883,0.7322448475673339
M-1,White-eyed Vireo,2023,0.0837681701295913,1.4466182442823539,1,3,Mine,0.8197062719649342,0.3301997378534648
M-10,White-eyed Vireo,2023,0.0837681701295913,1.0039845997919532,1,4,Mine,0.8197062719649342,0.3301997378534648
M-11,White-eyed Vireo,2023,0.0837681701295913,0.0037659423304906374,0,1,Mine,0.8197062719649342,0.3301997378534648
M-12,White-eyed Vireo,2023,0.0837681701295913,1.016821657206376,1,2,Mine,0.8197062719649342,0.3301997378534648
M-2,White-eyed Vireo,2023,0.0837681701295913,0.21622360367204227,0,5,Mine,0.8197062719649342,0.3301997378534648
M-5,White-eyed Vireo,2023,0.0837681701295913,1.6486424119554397,2,5,Mine,0.8197062719649342,0.3301997378534648
M-6,White-eyed Vireo,2023,0.0837681701295913,1.0038190382833418,1,5,Mine,0.8197062719649342,0.3301997378534648
M-7,White-eyed Vireo,2023,0.0837681701295913,1.0329447635960496,1,4,Mine,0.8197062719649342,0.3301997378534648
M-9,White-eyed Vireo,2023,0.0837681701295913,0.004643682979323278,0,2,Mine,0.8197062719649342,0.3301997378534648
R-1,White-eyed Vireo,2023,0.0837681701295913,2.1010696984843116,2,3,Sansavilla,5.439695933695124,1.1316636911679525
R-10,White-eyed Vireo,2023,0.0837681701295913,11.007880492090939,11,0,Sansavilla,5.439695933695124,1.1316636911679525
R-11,White-eyed Vireo,2023,0.0837681701295913,12.738539166302324,13,0,Sansavilla,5.439695933695124,1.1316636911679525
R-12,White-eyed Vireo,2023,0.0837681701295913,1.3723043455602195,1,0,Sansavilla,5.439695933695124,1.1316636911679525
R-13,White-eyed Vireo,2023,0.0837681701295913,8.57869663118764,8,2,Sansavilla,5.439695933695124,1.1316636911679525
R-2,White-eyed Vireo,2023,0.0837681701295913,8.557765084858346,8,3,Sansavilla,5.439695933695124,1.1316636911679525
R-3,White-eyed Vireo,2023,0.0837681701295913,1.053972729125271,1,0,Sansavilla,5.439695933695124,1.1316636911679525
R-6,White-eyed Vireo,2023,0.0837681701295913,5.087008450354013,5,2,Sansavilla,5.439695933695124,1.1316636911679525
R-7,White-eyed Vireo,2023,0.0837681701295913,1.2086403832066257,1,0,Sansavilla,5.439695933695124,1.1316636911679525
R-9,White-eyed Vireo,2023,0.0837681701295913,2.6910262220829884,3,2,Sansavilla,5.439695933695124,1.1316636911679525
M-1,Yellow-billed Cuckoo,2023,0.027341766548463094,3.8692718550449,4,3,Mine,3.782829422035885,1.956014778249927
M-10,Yellow-billed Cuckoo,2023,0.027341766548463094,3.007261391121906,3,4,Mine,3.782829422035885,1.956014778249927
M-11,Yellow-billed Cuckoo,2023,0.027341766548463094,2.1124765386367694,2,1,Mine,3.782829422035885,1.956014778249927
M-12,Yellow-billed Cuckoo,2023,0.027341766548463094,3.8821573787653643,4,2,Mine,3.782829422035885,1.956014778249927
M-2,Yellow-billed Cuckoo,2023,0.027341766548463094,4.958299045937462,5,5,Mine,3.782829422035885,1.956014778249927
M-5,Yellow-billed Cuckoo,2023,0.027341766548463094,5.026469709409165,5,5,Mine,3.782829422035885,1.956014778249927
M-6,Yellow-billed Cuckoo,2023,0.027341766548463094,3.025914801716676,3,5,Mine,3.782829422035885,1.956014778249927
M-7,Yellow-billed Cuckoo,2023,0.027341766548463094,4.247684239272033,4,4,Mine,3.782829422035885,1.956014778249927
M-9,Yellow-billed Cuckoo,2023,0.027341766548463094,3.9149166305999064,4,2,Mine,3.782829422035885,1.956014778249927
R-1,Yellow-billed Cuckoo,2023,0.027341766548463094,3.3765402307484162,3,3,Sansavilla,6.897759565832638,3.450113024493111
R-10,Yellow-billed Cuckoo,2023,0.027341766548463094,10.625405007761529,10,0,Sansavilla,6.897759565832638,3.450113024493111
R-11,Yellow-billed Cuckoo,2023,0.027341766548463094,7.6131641606732545,7,0,Sansavilla,6.897759565832638,3.450113024493111
R-12,Yellow-billed Cuckoo,2023,0.027341766548463094,5.491356543065102,5,0,Sansavilla,6.897759565832638,3.450113024493111
R-13,Yellow-billed Cuckoo,2023,0.027341766548463094,6.998973977570639,7,2,Sansavilla,6.897759565832638,3.450113024493111
R-2,Yellow-billed Cuckoo,2023,0.027341766548463094,5.3042729471779655,5,3,Sansavilla,6.897759565832638,3.450113024493111
R-3,Yellow-billed Cuckoo,2023,0.027341766548463094,2.850469149081069,2,0,Sansavilla,6.897759565832638,3.450113024493111
R-6,Yellow-billed Cuckoo,2023,0.027341766548463094,9.30197178260762,9,2,Sansavilla,6.897759565832638,3.450113024493111
R-7,Yellow-billed Cuckoo,2023,0.027341766548463094,10.035885554964493,10,0,Sansavilla,6.897759565832638,3.450113024493111
R-9,Yellow-billed Cuckoo,2023,0.027341766548463094,7.379206717018914,7,2,Sansavilla,6.897759565832638,3.450113024493111
M-1,Yellow-breasted Chat,2023,0.05173457182150325,3.894115226659949e-6,0,3,Mine,1.0234510567141594e-4,0.0035188319574326254
M-10,Yellow-breasted Chat,2023,0.05173457182150325,3.894115226659949e-6,0,4,Mine,1.0234510567141594e-4,0.0035188319574326254
M-11,Yellow-breasted Chat,2023,0.05173457182150325,3.894115226659949e-6,0,1,Mine,1.0234510567141594e-4,0.0035188319574326254
M-12,Yellow-breasted Chat,2023,0.05173457182150325,3.894115226659949e-6,0,2,Mine,1.0234510567141594e-4,0.0035188319574326254
M-2,Yellow-breasted Chat,2023,0.05173457182150325,4.3731341837224656e-5,0,5,Mine,1.0234510567141594e-4,0.0035188319574326254
M-5,Yellow-breasted Chat,2023,0.05173457182150325,3.894115226659949e-6,0,5,Mine,1.0234510567141594e-4,0.0035188319574326254
M-6,Yellow-breasted Chat,2023,0.05173457182150325,3.894115226659949e-6,0,5,Mine,1.0234510567141594e-4,0.0035188319574326254
M-7,Yellow-breasted Chat,2023,0.05173457182150325,3.894115226659949e-6,0,4,Mine,1.0234510567141594e-4,0.0035188319574326254
M-9,Yellow-breasted Chat,2023,0.05173457182150325,4.184810485252583e-6,0,2,Mine,1.0234510567141594e-4,0.0035188319574326254
R-1,Yellow-breasted Chat,2023,0.05173457182150325,1.0464015790597498,1,3,Sansavilla,1.1886689175722318,0.42186456711060105
R-10,Yellow-breasted Chat,2023,0.05173457182150325,0.04522750453975265,0,0,Sansavilla,1.1886689175722318,0.42186456711060105
R-11,Yellow-breasted Chat,2023,0.05173457182150325,4.438233312469634,4,0,Sansavilla,1.1886689175722318,0.42186456711060105
R-12,Yellow-breasted Chat,2023,0.05173457182150325,1.1817666951192567,1,0,Sansavilla,1.1886689175722318,0.42186456711060105
R-13,Yellow-breasted Chat,2023,0.05173457182150325,1.0972785765931408,1,2,Sansavilla,1.1886689175722318,0.42186456711060105
R-2,Yellow-breasted Chat,2023,0.05173457182150325,0.04522750453975265,0,3,Sansavilla,1.1886689175722318,0.42186456711060105
R-3,Yellow-breasted Chat,2023,0.05173457182150325,1.045621895222891,1,0,Sansavilla,1.1886689175722318,0.42186456711060105
R-6,Yellow-breasted Chat,2023,0.05173457182150325,2.889210003738155,3,2,Sansavilla,1.1886689175722318,0.42186456711060105
R-7,Yellow-breasted Chat,2023,0.05173457182150325,0.04522750453975265,0,0,Sansavilla,1.1886689175722318,0.42186456711060105
R-9,Yellow-breasted Chat,2023,0.05173457182150325,0.052985215359968856,0,2,Sansavilla,1.1886689175722318,0.42186456711060105
M-1,American Crow,2024,0.09116124590816377,3.1805481749832025,3,4,Mine,2.8222714846467207,0.7432238824017672
M-10,American Crow,2024,0.09116124590816377,2.890019846896126,3,5,Mine,2.8222714846467207,0.7432238824017672
M-11,American Crow,2024,0.09116124590816377,2.138411443808816,2,2,Mine,2.8222714846467207,0.7432238824017672
M-12,American Crow,2024,0.09116124590816377,5.287827899026656,5,3,Mine,2.8222714846467207,0.7432238824017672
M-2,American Crow,2024,0.09116124590816377,1.0796798984612728,1,6,Mine,2.8222714846467207,0.7432238824017672
M-5,American Crow,2024,0.09116124590816377,1.6906314759352805,2,6,Mine,2.8222714846467207,0.7432238824017672
M-6,American Crow,2024,0.09116124590816377,1.8981364691253586,2,6,Mine,2.8222714846467207,0.7432238824017672
M-7,American Crow,2024,0.09116124590816377,3.7495503038004343,4,5,Mine,2.8222714846467207,0.7432238824017672
M-9,American Crow,2024,0.09116124590816377,3.485587237239474,3,3,Mine,2.8222714846467207,0.7432238824017672
O-1,American Crow,2024,0.09116124590816377,0.005876014516670447,0,1,Okefenokee,1.7940015084567906,0.5711070213318449
O-2,American Crow,2024,0.09116124590816377,1.226682942055195,1,1,Okefenokee,1.7940015084567906,0.5711070213318449
O-3,American Crow,2024,0.09116124590816377,3.3716976055437597,3,1,Okefenokee,1.7940015084567906,0.5711070213318449
O-4,American Crow,2024,0.09116124590816377,1.4344106945026387,1,1,Okefenokee,1.7940015084567906,0.5711070213318449
O-5,American Crow,2024,0.09116124590816377,1.0138082060419331,1,0,Okefenokee,1.7940015084567906,0.5711070213318449
O-6,American Crow,2024,0.09116124590816377,3.686536143665891,4,0,Okefenokee,1.7940015084567906,0.5711070213318449
O-7,American Crow,2024,0.09116124590816377,2.2159028075162666,2,0,Okefenokee,1.7940015084567906,0.5711070213318449
O-8,American Crow,2024,0.09116124590816377,1.3967790672267335,1,0,Okefenokee,1.7940015084567906,0.5711070213318449
R-1,American Crow,2024,0.09116124590816377,1.1571103045893674,1,4,Sansavilla,2.7253865779669586,0.6521619667151073
R-10,American Crow,2024,0.09116124590816377,1.0368251586720847,1,1,Sansavilla,2.7253865779669586,0.6521619667151073
R-11,American Crow,2024,0.09116124590816377,1.0749015535756812,1,1,Sansavilla,2.7253865779669586,0.6521619667151073
R-12,American Crow,2024,0.09116124590816377,1.0387196100133504,1,1,Sansavilla,2.7253865779669586,0.6521619667151073
R-13,American Crow,2024,0.09116124590816377,1.1412458939129682,1,0,Sansavilla,2.7253865779669586,0.6521619667151073
R-2,American Crow,2024,0.09116124590816377,2.137327460109563,2,0,Sansavilla,2.7253865779669586,0.6521619667151073
R-3,American Crow,2024,0.09116124590816377,11.309825731055827,11,1,Sansavilla,2.7253865779669586,0.6521619667151073
R-6,American Crow,2024,0.09116124590816377,4.243569396193765,4,3,Sansavilla,2.7253865779669586,0.6521619667151073
R-7,American Crow,2024,0.09116124590816377,2.6186859221947216,3,1,Sansavilla,2.7253865779669586,0.6521619667151073
R-9,American Crow,2024,0.09116124590816377,1.4950951276579179,1,0,Sansavilla,2.7253865779669586,0.6521619667151073
M-1,Bachman's Sparrow,2024,0.1785534217005609,9.125022582573871,9,4,Mine,1.993717899520774,0.531672694962061
M-10,Bachman's Sparrow,2024,0.1785534217005609,1.2379945803626205e-5,0,5,Mine,1.993717899520774,0.531672694962061
M-11,Bachman's Sparrow,2024,0.1785534217005609,1.2379945803626205e-5,0,2,Mine,1.993717899520774,0.531672694962061
M-12,Bachman's Sparrow,2024,0.1785534217005609,1.2379945803626205e-5,0,3,Mine,1.993717899520774,0.531672694962061
M-2,Bachman's Sparrow,2024,0.1785534217005609,1.0000137975782124,1,6,Mine,1.993717899520774,0.531672694962061
M-5,Bachman's Sparrow,2024,0.1785534217005609,1.2379945803626205e-5,0,6,Mine,1.993717899520774,0.531672694962061
M-6,Bachman's Sparrow,2024,0.1785534217005609,1.2379945803626205e-5,0,6,Mine,1.993717899520774,0.531672694962061
M-7,Bachman's Sparrow,2024,0.1785534217005609,7.8167763779782895,8,5,Mine,1.993717899520774,0.531672694962061
M-9,Bachman's Sparrow,2024,0.1785534217005609,1.2379945803626205e-5,0,3,Mine,1.993717899520774,0.531672694962061
O-1,Bachman's Sparrow,2024,0.1785534217005609,1.0006341758468917,1,1,Okefenokee,7.045849592374259,1.2666785068033772
O-2,Bachman's Sparrow,2024,0.1785534217005609,6.2007808835760185,6,1,Okefenokee,7.045849592374259,1.2666785068033772
O-3,Bachman's Sparrow,2024,0.1785534217005609,6.348589958600811,6,1,Okefenokee,7.045849592374259,1.2666785068033772
O-4,Bachman's Sparrow,2024,0.1785534217005609,9.107316747360096,9,1,Okefenokee,7.045849592374259,1.2666785068033772
O-5,Bachman's Sparrow,2024,0.1785534217005609,11.475163086122157,11,0,Okefenokee,7.045849592374259,1.2666785068033772
O-6,Bachman's Sparrow,2024,0.1785534217005609,7.774268415976926,8,0,Okefenokee,7.045849592374259,1.2666785068033772
O-7,Bachman's Sparrow,2024,0.1785534217005609,5.0569093752524745,5,0,Okefenokee,7.045849592374259,1.2666785068033772
O-8,Bachman's Sparrow,2024,0.1785534217005609,9.404364120168287,9,0,Okefenokee,7.045849592374259,1.2666785068033772
R-1,Bachman's Sparrow,2024,0.1785534217005609,1.0000199976599249,1,4,Sansavilla,1.2885439785113313,0.38810828066684894
R-10,Bachman's Sparrow,2024,0.1785534217005609,8.001184432057087e-6,0,1,Sansavilla,1.2885439785113313,0.38810828066684894
R-11,Bachman's Sparrow,2024,0.1785534217005609,1.051407826533422,1,1,Sansavilla,1.2885439785113313,0.38810828066684894
R-12,Bachman's Sparrow,2024,0.1785534217005609,4.116903368155343,4,1,Sansavilla,1.2885439785113313,0.38810828066684894
R-13,Bachman's Sparrow,2024,0.1785534217005609,8.001184432057087e-6,0,0,Sansavilla,1.2885439785113313,0.38810828066684894
R-2,Bachman's Sparrow,2024,0.1785534217005609,8.001184432057087e-6,0,0,Sansavilla,1.2885439785113313,0.38810828066684894
R-3,Bachman's Sparrow,2024,0.1785534217005609,2.561943132247582,3,1,Sansavilla,1.2885439785113313,0.38810828066684894
R-6,Bachman's Sparrow,2024,0.1785534217005609,8.001184432057087e-6,0,3,Sansavilla,1.2885439785113313,0.38810828066684894
R-7,Bachman's Sparrow,2024,0.1785534217005609,3.15591162843932,3,1,Sansavilla,1.2885439785113313,0.38810828066684894
R-9,Bachman's Sparrow,2024,0.1785534217005609,1.000020085193052,1,0,Sansavilla,1.2885439785113313,0.38810828066684894
M-1,Barred Owl,2024,0.027793024739237497,3.4980791507692085e-5,0,4,Mine,1.9606871708848428e-4,0.0051495073447613724
M-10,Barred Owl,2024,0.027793024739237497,3.4980791507692085e-5,0,5,Mine,1.9606871708848428e-4,0.0051495073447613724
M-11,Barred Owl,2024,0.027793024739237497,3.4980791507692085e-5,0,2,Mine,1.9606871708848428e-4,0.0051495073447613724
M-12,Barred Owl,2024,0.027793024739237497,3.4980791507692085e-5,0,3,Mine,1.9606871708848428e-4,0.0051495073447613724
M-2,Barred Owl,2024,0.027793024739237497,3.4980791507692085e-5,0,6,Mine,1.9606871708848428e-4,0.0051495073447613724
M-5,Barred Owl,2024,0.027793024739237497,3.4980791507692085e-5,0,6,Mine,1.9606871708848428e-4,0.0051495073447613724
M-6,Barred Owl,2024,0.027793024739237497,3.4980791507692085e-5,0,6,Mine,1.9606871708848428e-4,0.0051495073447613724
M-7,Barred Owl,2024,0.027793024739237497,3.4980791507692085e-5,0,5,Mine,1.9606871708848428e-4,0.0051495073447613724
M-9,Barred Owl,2024,0.027793024739237497,3.4980791507692085e-5,0,3,Mine,1.9606871708848428e-4,0.0051495073447613724
O-1,Barred Owl,2024,0.027793024739237497,0.14734205022004024,0,1,Okefenokee,0.8118732309118744,0.44198154121892674
O-2,Barred Owl,2024,0.027793024739237497,1.4910904800390616,1,1,Okefenokee,0.8118732309118744,0.44198154121892674
O-3,Barred Owl,2024,0.027793024739237497,1.2861177383256268,1,1,Okefenokee,0.8118732309118744,0.44198154121892674
O-4,Barred Owl,2024,0.027793024739237497,1.9824433143189197,2,1,Okefenokee,0.8118732309118744,0.44198154121892674
O-5,Barred Owl,2024,0.027793024739237497,0.14734205022004024,0,0,Okefenokee,0.8118732309118744,0.44198154121892674
O-6,Barred Owl,2024,0.027793024739237497,0.14734205022004024,0,0,Okefenokee,0.8118732309118744,0.44198154121892674
O-7,Barred Owl,2024,0.027793024739237497,0.14734205022004024,0,0,Okefenokee,0.8118732309118744,0.44198154121892674
O-8,Barred Owl,2024,0.027793024739237497,1.1493078554697367,1,0,Okefenokee,0.8118732309118744,0.44198154121892674
R-1,Barred Owl,2024,0.027793024739237497,0.2887165559804298,0,4,Sansavilla,1.6182676918800014,0.7358254836102751
R-10,Barred Owl,2024,0.027793024739237497,3.220109820451738,3,1,Sansavilla,1.6182676918800014,0.7358254836102751
R-11,Barred Owl,2024,0.027793024739237497,1.296371368860904,1,1,Sansavilla,1.6182676918800014,0.7358254836102751
R-12,Barred Owl,2024,0.027793024739237497,1.856033805292115,2,1,Sansavilla,1.6182676918800014,0.7358254836102751
R-13,Barred Owl,2024,0.027793024739237497,1.8636635787653746,2,0,Sansavilla,1.6182676918800014,0.7358254836102751
R-2,Barred Owl,2024,0.027793024739237497,0.2887165559804298,0,0,Sansavilla,1.6182676918800014,0.7358254836102751
R-3,Barred Owl,2024,0.027793024739237497,0.2887165559804298,0,1,Sansavilla,1.6182676918800014,0.7358254836102751
R-6,Barred Owl,2024,0.027793024739237497,2.896648626178006,3,3,Sansavilla,1.6182676918800014,0.7358254836102751
R-7,Barred Owl,2024,0.027793024739237497,1.2946194546232395,1,1,Sansavilla,1.6182676918800014,0.7358254836102751
R-9,Barred Owl,2024,0.027793024739237497,2.8897199020601203,3,0,Sansavilla,1.6182676918800014,0.7358254836102751
M-1,Blue-gray Gnatcatcher,2024,0.06244431525714749,2.4030069261646014e-6,0,4,Mine,1.1993424007271741e-4,0.0036876066278894457
M-10,Blue-gray Gnatcatcher,2024,0.06244431525714749,2.4030069261646014e-6,0,5,Mine,1.1993424007271741e-4,0.0036876066278894457
M-11,Blue-gray Gnatcatcher,2024,0.06244431525714749,2.4030069261646014e-6,0,2,Mine,1.1993424007271741e-4,0.0036876066278894457
M-12,Blue-gray Gnatcatcher,2024,0.06244431525714749,2.4030069261646014e-6,0,3,Mine,1.1993424007271741e-4,0.0036876066278894457
M-2,Blue-gray Gnatcatcher,2024,0.06244431525714749,2.4030069261646014e-6,0,6,Mine,1.1993424007271741e-4,0.0036876066278894457
M-5,Blue-gray Gnatcatcher,2024,0.06244431525714749,2.4030069261646014e-6,0,6,Mine,1.1993424007271741e-4,0.0036876066278894457
M-6,Blue-gray Gnatcatcher,2024,0.06244431525714749,2.4030069261646014e-6,0,6,Mine,1.1993424007271741e-4,0.0036876066278894457
M-7,Blue-gray Gnatcatcher,2024,0.06244431525714749,2.4030069261646014e-6,0,5,Mine,1.1993424007271741e-4,0.0036876066278894457
M-9,Blue-gray Gnatcatcher,2024,0.06244431525714749,2.4030069261646014e-6,0,3,Mine,1.1993424007271741e-4,0.0036876066278894457
O-1,Blue-gray Gnatcatcher,2024,0.06244431525714749,1.5751844793498094e-7,0,1,Okefenokee,7.412132649908228e-6,9.76904185604697e-4
O-2,Blue-gray Gnatcatcher,2024,0.06244431525714749,1.5751844793498094e-7,0,1,Okefenokee,7.412132649908228e-6,9.76904185604697e-4
O-3,Blue-gray Gnatcatcher,2024,0.06244431525714749,2.770165964033073e-7,0,1,Okefenokee,7.412132649908228e-6,9.76904185604697e-4
O-4,Blue-gray Gnatcatcher,2024,0.06244431525714749,5.063304369035601e-7,0,1,Okefenokee,7.412132649908228e-6,9.76904185604697e-4
O-5,Blue-gray Gnatcatcher,2024,0.06244431525714749,1.5751844793498094e-7,0,0,Okefenokee,7.412132649908228e-6,9.76904185604697e-4
O-6,Blue-gray Gnatcatcher,2024,0.06244431525714749,1.5751844793498094e-7,0,0,Okefenokee,7.412132649908228e-6,9.76904185604697e-4
O-7,Blue-gray Gnatcatcher,2024,0.06244431525714749,1.5751844793498094e-7,0,0,Okefenokee,7.412132649908228e-6,9.76904185604697e-4
O-8,Blue-gray Gnatcatcher,2024,0.06244431525714749,1.5751844793498094e-7,0,0,Okefenokee,7.412132649908228e-6,9.76904185604697e-4
R-1,Blue-gray Gnatcatcher,2024,0.06244431525714749,2.6798479430152193,3,4,Sansavilla,2.489917560996194,0.7595599421991445
R-10,Blue-gray Gnatcatcher,2024,0.06244431525714749,2.122740741865218,2,1,Sansavilla,2.489917560996194,0.7595599421991445
R-11,Blue-gray Gnatcatcher,2024,0.06244431525714749,6.72170419158332,7,1,Sansavilla,2.489917560996194,0.7595599421991445
R-12,Blue-gray Gnatcatcher,2024,0.06244431525714749,1.1034061960906247,1,1,Sansavilla,2.489917560996194,0.7595599421991445
R-13,Blue-gray Gnatcatcher,2024,0.06244431525714749,2.444301354553353,2,0,Sansavilla,2.489917560996194,0.7595599421991445
R-2,Blue-gray Gnatcatcher,2024,0.06244431525714749,3.171692771557925,3,0,Sansavilla,2.489917560996194,0.7595599421991445
R-3,Blue-gray Gnatcatcher,2024,0.06244431525714749,1.2139689505794933,1,1,Sansavilla,2.489917560996194,0.7595599421991445
R-6,Blue-gray Gnatcatcher,2024,0.06244431525714749,0.049888081510542734,0,3,Sansavilla,2.489917560996194,0.7595599421991445
R-7,Blue-gray Gnatcatcher,2024,0.06244431525714749,1.0504762652871695,1,1,Sansavilla,2.489917560996194,0.7595599421991445
R-9,Blue-gray Gnatcatcher,2024,0.06244431525714749,4.341473347750207,4,0,Sansavilla,2.489917560996194,0.7595599421991445
M-1,Blue Grosbeak,2024,0.15053286387525278,5.869263527280901,6,4,Mine,10.281561565983582,1.5579693780211754
M-10,Blue Grosbeak,2024,0.15053286387525278,11.503216209533358,11,5,Mine,10.281561565983582,1.5579693780211754
M-11,Blue Grosbeak,2024,0.15053286387525278,6.805348014820025,7,2,Mine,10.281561565983582,1.5579693780211754
M-12,Blue Grosbeak,2024,0.15053286387525278,18.200100015483454,18,3,Mine,10.281561565983582,1.5579693780211754
M-2,Blue Grosbeak,2024,0.15053286387525278,1.0005376582084184,1,6,Mine,10.281561565983582,1.5579693780211754
M-5,Blue Grosbeak,2024,0.15053286387525278,2.073715691158633,2,6,Mine,10.281561565983582,1.5579693780211754
M-6,Blue Grosbeak,2024,0.15053286387525278,16.203069065042808,16,6,Mine,10.281561565983582,1.5579693780211754
M-7,Blue Grosbeak,2024,0.15053286387525278,13.768770305882608,13,5,Mine,10.281561565983582,1.5579693780211754
M-9,Blue Grosbeak,2024,0.15053286387525278,17.108651527788883,17,3,Mine,10.281561565983582,1.5579693780211754
O-1,Blue Grosbeak,2024,0.15053286387525278,1.0019942091633414,1,1,Okefenokee,1.438502206875189,0.44718733062368465
O-2,Blue Grosbeak,2024,0.15053286387525278,1.000191811870302,1,1,Okefenokee,1.438502206875189,0.44718733062368465
O-3,Blue Grosbeak,2024,0.15053286387525278,1.7486426762208316,2,1,Okefenokee,1.438502206875189,0.44718733062368465
O-4,Blue Grosbeak,2024,0.15053286387525278,1.0699464220046804,1,1,Okefenokee,1.438502206875189,0.44718733062368465
O-5,Blue Grosbeak,2024,0.15053286387525278,1.000191884611351,1,0,Okefenokee,1.438502206875189,0.44718733062368465
O-6,Blue Grosbeak,2024,0.15053286387525278,1.0019815539475345,1,0,Okefenokee,1.438502206875189,0.44718733062368465
O-7,Blue Grosbeak,2024,0.15053286387525278,3.643852518692994,4,0,Okefenokee,1.438502206875189,0.44718733062368465
O-8,Blue Grosbeak,2024,0.15053286387525278,1.0433326619897583,1,0,Okefenokee,1.438502206875189,0.44718733062368465
R-1,Blue Grosbeak,2024,0.15053286387525278,5.558515320609388,5,4,Sansavilla,9.612814094748865,1.473480835308699
R-10,Blue Grosbeak,2024,0.15053286387525278,1.5768637392157716,2,1,Sansavilla,9.612814094748865,1.473480835308699
R-11,Blue Grosbeak,2024,0.15053286387525278,15.84580952588511,15,1,Sansavilla,9.612814094748865,1.473480835308699
R-12,Blue Grosbeak,2024,0.15053286387525278,13.61473945618249,13,1,Sansavilla,9.612814094748865,1.473480835308699
R-13,Blue Grosbeak,2024,0.15053286387525278,3.9432289332949857,4,0,Sansavilla,9.612814094748865,1.473480835308699
R-2,Blue Grosbeak,2024,0.15053286387525278,7.597391671470267,7,0,Sansavilla,9.612814094748865,1.473480835308699
R-3,Blue Grosbeak,2024,0.15053286387525278,4.3176240234728285,4,1,Sansavilla,9.612814094748865,1.473480835308699
R-6,Blue Grosbeak,2024,0.15053286387525278,15.059221091912052,15,3,Sansavilla,9.612814094748865,1.473480835308699
R-7,Blue Grosbeak,2024,0.15053286387525278,17.782113510238922,17,1,Sansavilla,9.612814094748865,1.473480835308699
R-9,Blue Grosbeak,2024,0.15053286387525278,10.831852778225558,11,0,Sansavilla,9.612814094748865,1.473480835308699
M-1,Blue Jay,2024,0.03712484752818147,1.2687586443337955,1,4,Mine,0.7108020195605541,0.3528585160318813
M-10,Blue Jay,2024,0.03712484752818147,0.07194549433192075,0,5,Mine,0.7108020195605541,0.3528585160318813
M-11,Blue Jay,2024,0.03712484752818147,0.07194549433192075,0,2,Mine,0.7108020195605541,0.3528585160318813
M-12,Blue Jay,2024,0.03712484752818147,0.07194549433192075,0,3,Mine,0.7108020195605541,0.3528585160318813
M-2,Blue Jay,2024,0.03712484752818147,3.420375457635659,3,6,Mine,0.7108020195605541,0.3528585160318813
M-5,Blue Jay,2024,0.03712484752818147,1.2764215119975872,1,6,Mine,0.7108020195605541,0.3528585160318813
M-6,Blue Jay,2024,0.03712484752818147,0.07194549433192075,0,6,Mine,0.7108020195605541,0.3528585160318813
M-7,Blue Jay,2024,0.03712484752818147,0.07194549433192075,0,5,Mine,0.7108020195605541,0.3528585160318813
M-9,Blue Jay,2024,0.03712484752818147,0.07194549433192075,0,3,Mine,0.7108020195605541,0.3528585160318813
O-1,Blue Jay,2024,0.03712484752818147,1.1941599789097403,1,1,Okefenokee,0.9492978802484977,0.4388509643353855
O-2,Blue Jay,2024,0.03712484752818147,0.09909055239952742,0,1,Okefenokee,0.9492978802484977,0.4388509643353855
O-3,Blue Jay,2024,0.03712484752818147,0.1573350827158199,0,1,Okefenokee,0.9492978802484977,0.4388509643353855
O-4,Blue Jay,2024,0.03712484752818147,0.2221645112378656,0,1,Okefenokee,0.9492978802484977,0.4388509643353855
O-5,Blue Jay,2024,0.03712484752818147,1.91437282659242,2,0,Okefenokee,0.9492978802484977,0.4388509643353855
O-6,Blue Jay,2024,0.03712484752818147,1.6081930759995913,1,0,Okefenokee,0.9492978802484977,0.4388509643353855
O-7,Blue Jay,2024,0.03712484752818147,1.1967938827542353,1,0,Okefenokee,0.9492978802484977,0.4388509643353855
O-8,Blue Jay,2024,0.03712484752818147,1.2021675641917882,1,0,Okefenokee,0.9492978802484977,0.4388509643353855
R-1,Blue Jay,2024,0.03712484752818147,2.5252872122707886,2,4,Sansavilla,0.7267808898888646,0.3098627768153789
R-10,Blue Jay,2024,0.03712484752818147,1.149439942392411,1,1,Sansavilla,0.7267808898888646,0.3098627768153789
R-11,Blue Jay,2024,0.03712484752818147,0.07356283318718553,0,1,Sansavilla,0.7267808898888646,0.3098627768153789
R-12,Blue Jay,2024,0.03712484752818147,0.07356283318718553,0,1,Sansavilla,0.7267808898888646,0.3098627768153789
R-13,Blue Jay,2024,0.03712484752818147,0.07356283318718553,0,0,Sansavilla,0.7267808898888646,0.3098627768153789
R-2,Blue Jay,2024,0.03712484752818147,1.0754679450190185,1,0,Sansavilla,0.7267808898888646,0.3098627768153789
R-3,Blue Jay,2024,0.03712484752818147,1.074845616388675,1,1,Sansavilla,0.7267808898888646,0.3098627768153789
R-6,Blue Jay,2024,0.03712484752818147,0.07356283318718553,0,3,Sansavilla,0.7267808898888646,0.3098627768153789
R-7,Blue Jay,2024,0.03712484752818147,0.07356283318718553,0,1,Sansavilla,0.7267808898888646,0.3098627768153789
R-9,Blue Jay,2024,0.03712484752818147,1.0750198627703589,1,0,Sansavilla,0.7267808898888646,0.3098627768153789
M-1,Brown-headed Nuthatch,2024,0.05713596581768551,5.019437950279823e-6,0,4,Mine,1.7847362561184869e-4,0.004517105542679252
M-10,Brown-headed Nuthatch,2024,0.05713596581768551,5.019437950279823e-6,0,5,Mine,1.7847362561184869e-4,0.004517105542679252
M-11,Brown-headed Nuthatch,2024,0.05713596581768551,5.019437950279823e-6,0,2,Mine,1.7847362561184869e-4,0.004517105542679252
M-12,Brown-headed Nuthatch,2024,0.05713596581768551,5.019437950279823e-6,0,3,Mine,1.7847362561184869e-4,0.004517105542679252
M-2,Brown-headed Nuthatch,2024,0.05713596581768551,5.019437950279823e-6,0,6,Mine,1.7847362561184869e-4,0.004517105542679252
M-5,Brown-headed Nuthatch,2024,0.05713596581768551,5.019437950279823e-6,0,6,Mine,1.7847362561184869e-4,0.004517105542679252
M-6,Brown-headed Nuthatch,2024,0.05713596581768551,5.019437950279823e-6,0,6,Mine,1.7847362561184869e-4,0.004517105542679252
M-7,Brown-headed Nuthatch,2024,0.05713596581768551,5.019437950279823e-6,0,5,Mine,1.7847362561184869e-4,0.004517105542679252
M-9,Brown-headed Nuthatch,2024,0.05713596581768551,5.019437950279823e-6,0,3,Mine,1.7847362561184869e-4,0.004517105542679252
O-1,Brown-headed Nuthatch,2024,0.05713596581768551,8.47716679891804,8,1,Okefenokee,11.855475286514116,3.422738179084395
O-2,Brown-headed Nuthatch,2024,0.05713596581768551,17.007692042102168,17,1,Okefenokee,11.855475286514116,3.422738179084395
O-3,Brown-headed Nuthatch,2024,0.05713596581768551,8.065516852112665,8,1,Okefenokee,11.855475286514116,3.422738179084395
O-4,Brown-headed Nuthatch,2024,0.05713596581768551,9.075566358107366,9,1,Okefenokee,11.855475286514116,3.422738179084395
O-5,Brown-headed Nuthatch,2024,0.05713596581768551,7.637989723377827,7,0,Okefenokee,11.855475286514116,3.422738179084395
O-6,Brown-headed Nuthatch,2024,0.05713596581768551,19.294768293939,19,0,Okefenokee,11.855475286514116,3.422738179084395
O-7,Brown-headed Nuthatch,2024,0.05713596581768551,8.544042667557033,8,0,Okefenokee,11.855475286514116,3.422738179084395
O-8,Brown-headed Nuthatch,2024,0.05713596581768551,16.743284103455167,16,0,Okefenokee,11.855475286514116,3.422738179084395
R-1,Brown-headed Nuthatch,2024,0.05713596581768551,1.0060372023116873,1,4,Sansavilla,0.20637757515856028,0.1461058467523786
R-10,Brown-headed Nuthatch,2024,0.05713596581768551,0.005804215772982153,0,1,Sansavilla,0.20637757515856028,0.1461058467523786
R-11,Brown-headed Nuthatch,2024,0.05713596581768551,0.005804215772982153,0,1,Sansavilla,0.20637757515856028,0.1461058467523786
R-12,Brown-headed Nuthatch,2024,0.05713596581768551,0.005804215772982153,0,1,Sansavilla,0.20637757515856028,0.1461058467523786
R-13,Brown-headed Nuthatch,2024,0.05713596581768551,0.005804215772982153,0,0,Sansavilla,0.20637757515856028,0.1461058467523786
R-2,Brown-headed Nuthatch,2024,0.05713596581768551,1.0121165080165473,1,0,Sansavilla,0.20637757515856028,0.1461058467523786
R-3,Brown-headed Nuthatch,2024,0.05713596581768551,0.005804215772982153,0,1,Sansavilla,0.20637757515856028,0.1461058467523786
R-6,Brown-headed Nuthatch,2024,0.05713596581768551,0.005804215772982153,0,3,Sansavilla,0.20637757515856028,0.1461058467523786
R-7,Brown-headed Nuthatch,2024,0.05713596581768551,0.005804215772982153,0,1,Sansavilla,0.20637757515856028,0.1461058467523786
R-9,Brown-headed Nuthatch,2024,0.05713596581768551,0.005804215772982153,0,0,Sansavilla,0.20637757515856028,0.1461058467523786
M-1,Brown Thrasher,2024,0.03340149347478188,2.695691100823991,2,4,Mine,2.699597155749345,0.9693980487432193
M-10,Brown Thrasher,2024,0.03340149347478188,5.408551654176845,5,5,Mine,2.699597155749345,0.9693980487432193
M-11,Brown Thrasher,2024,0.03340149347478188,3.426440342060632,3,2,Mine,2.699597155749345,0.9693980487432193
M-12,Brown Thrasher,2024,0.03340149347478188,3.0787793372036822,3,3,Mine,2.699597155749345,0.9693980487432193
M-2,Brown Thrasher,2024,0.03340149347478188,1.61332145203676,1,6,Mine,2.699597155749345,0.9693980487432193
M-5,Brown Thrasher,2024,0.03340149347478188,3.4080232482551898,3,6,Mine,2.699597155749345,0.9693980487432193
M-6,Brown Thrasher,2024,0.03340149347478188,0.344489602003456,0,6,Mine,2.699597155749345,0.9693980487432193
M-7,Brown Thrasher,2024,0.03340149347478188,1.9800552778574911,2,5,Mine,2.699597155749345,0.9693980487432193
M-9,Brown Thrasher,2024,0.03340149347478188,2.341038002260441,2,3,Mine,2.699597155749345,0.9693980487432193
O-1,Brown Thrasher,2024,0.03340149347478188,3.258903707368205,3,1,Okefenokee,2.220529434017427,0.8285855082667304
O-2,Brown Thrasher,2024,0.03340149347478188,1.8692643270152351,2,1,Okefenokee,2.220529434017427,0.8285855082667304
O-3,Brown Thrasher,2024,0.03340149347478188,1.7533650206382514,1,1,Okefenokee,2.220529434017427,0.8285855082667304
O-4,Brown Thrasher,2024,0.03340149347478188,0.6845641193265904,0,1,Okefenokee,2.220529434017427,0.8285855082667304
O-5,Brown Thrasher,2024,0.03340149347478188,1.5436043339920793,1,0,Okefenokee,2.220529434017427,0.8285855082667304
O-6,Brown Thrasher,2024,0.03340149347478188,1.5398776071493008,1,0,Okefenokee,2.220529434017427,0.8285855082667304
O-7,Brown Thrasher,2024,0.03340149347478188,1.3016720836620137,1,0,Okefenokee,2.220529434017427,0.8285855082667304
O-8,Brown Thrasher,2024,0.03340149347478188,5.8129673084747315,6,0,Okefenokee,2.220529434017427,0.8285855082667304
R-1,Brown Thrasher,2024,0.03340149347478188,3.8463958784175247,4,4,Sansavilla,1.2858432306302934,0.5004803059030833
R-10,Brown Thrasher,2024,0.03340149347478188,1.167541024595346,1,1,Sansavilla,1.2858432306302934,0.5004803059030833
R-11,Brown Thrasher,2024,0.03340149347478188,0.16408360107184683,0,1,Sansavilla,1.2858432306302934,0.5004803059030833
R-12,Brown Thrasher,2024,0.03340149347478188,1.5471575559651034,1,1,Sansavilla,1.2858432306302934,0.5004803059030833
R-13,Brown Thrasher,2024,0.03340149347478188,1.5448551478452006,1,0,Sansavilla,1.2858432306302934,0.5004803059030833
R-2,Brown Thrasher,2024,0.03340149347478188,1.5393031889260929,1,0,Sansavilla,1.2858432306302934,0.5004803059030833
R-3,Brown Thrasher,2024,0.03340149347478188,1.5524777049622829,1,1,Sansavilla,1.2858432306302934,0.5004803059030833
R-6,Brown Thrasher,2024,0.03340149347478188,0.16408360107184683,0,3,Sansavilla,1.2858432306302934,0.5004803059030833
R-7,Brown Thrasher,2024,0.03340149347478188,1.16780690315526,1,1,Sansavilla,1.2858432306302934,0.5004803059030833
R-9,Brown Thrasher,2024,0.03340149347478188,0.16408360107184683,0,0,Sansavilla,1.2858432306302934,0.5004803059030833
M-1,Carolina Chickadee,2024,0.05405104124452685,3.785314636799282e-7,0,4,Mine,1.0929417926629823e-5,0.001121578546832269
M-10,Carolina Chickadee,2024,0.05405104124452685,3.785314636799282e-7,0,5,Mine,1.0929417926629823e-5,0.001121578546832269
M-11,Carolina Chickadee,2024,0.05405104124452685,3.785314636799282e-7,0,2,Mine,1.0929417926629823e-5,0.001121578546832269
M-12,Carolina Chickadee,2024,0.05405104124452685,3.785314636799282e-7,0,3,Mine,1.0929417926629823e-5,0.001121578546832269
M-2,Carolina Chickadee,2024,0.05405104124452685,3.785314636799282e-7,0,6,Mine,1.0929417926629823e-5,0.001121578546832269
M-5,Carolina Chickadee,2024,0.05405104124452685,3.785314636799282e-7,0,6,Mine,1.0929417926629823e-5,0.001121578546832269
M-6,Carolina Chickadee,2024,0.05405104124452685,3.785314636799282e-7,0,6,Mine,1.0929417926629823e-5,0.001121578546832269
M-7,Carolina Chickadee,2024,0.05405104124452685,3.785314636799282e-7,0,5,Mine,1.0929417926629823e-5,0.001121578546832269
M-9,Carolina Chickadee,2024,0.05405104124452685,3.785314636799282e-7,0,3,Mine,1.0929417926629823e-5,0.001121578546832269
O-1,Carolina Chickadee,2024,0.05405104124452685,1.779548840815439e-8,0,1,Okefenokee,4.862958716164267e-7,2.5256563320570906e-4
O-2,Carolina Chickadee,2024,0.05405104124452685,1.779548840815439e-8,0,1,Okefenokee,4.862958716164267e-7,2.5256563320570906e-4
O-3,Carolina Chickadee,2024,0.05405104124452685,2.7973141999354277e-8,0,1,Okefenokee,4.862958716164267e-7,2.5256563320570906e-4
O-4,Carolina Chickadee,2024,0.05405104124452685,4.865168334277975e-8,0,1,Okefenokee,4.862958716164267e-7,2.5256563320570906e-4
O-5,Carolina Chickadee,2024,0.05405104124452685,1.779548840815439e-8,0,0,Okefenokee,4.862958716164267e-7,2.5256563320570906e-4
O-6,Carolina Chickadee,2024,0.05405104124452685,1.779548840815439e-8,0,0,Okefenokee,4.862958716164267e-7,2.5256563320570906e-4
O-7,Carolina Chickadee,2024,0.05405104124452685,1.779548840815439e-8,0,0,Okefenokee,4.862958716164267e-7,2.5256563320570906e-4
O-8,Carolina Chickadee,2024,0.05405104124452685,1.779548840815439e-8,0,0,Okefenokee,4.862958716164267e-7,2.5256563320570906e-4
R-1,Carolina Chickadee,2024,0.05405104124452685,1.068202437374695,1,4,Sansavilla,0.21599750666062673,0.15454464204763596
R-10,Carolina Chickadee,2024,0.05405104124452685,1.031933861822343,1,1,Sansavilla,0.21599750666062673,0.15454464204763596
R-11,Carolina Chickadee,2024,0.05405104124452685,0.007480897234997953,0,1,Sansavilla,0.21599750666062673,0.15454464204763596
R-12,Carolina Chickadee,2024,0.05405104124452685,0.007480897234997953,0,1,Sansavilla,0.21599750666062673,0.15454464204763596
R-13,Carolina Chickadee,2024,0.05405104124452685,0.007480897234997953,0,0,Sansavilla,0.21599750666062673,0.15454464204763596
R-2,Carolina Chickadee,2024,0.05405104124452685,0.007480897234997953,0,0,Sansavilla,0.21599750666062673,0.15454464204763596
R-3,Carolina Chickadee,2024,0.05405104124452685,0.007480897234997953,0,1,Sansavilla,0.21599750666062673,0.15454464204763596
R-6,Carolina Chickadee,2024,0.05405104124452685,0.007480897234997953,0,3,Sansavilla,0.21599750666062673,0.15454464204763596
R-7,Carolina Chickadee,2024,0.05405104124452685,0.007480897234997953,0,1,Sansavilla,0.21599750666062673,0.15454464204763596
R-9,Carolina Chickadee,2024,0.05405104124452685,0.007480897234997953,0,0,Sansavilla,0.21599750666062673,0.15454464204763596
M-1,Carolina Wren,2024,0.199691491428611,8.279150397557176,8,4,Mine,3.67765182613268,0.9041945649362251
M-10,Carolina Wren,2024,0.199691491428611,1.700662169840514,2,5,Mine,3.67765182613268,0.9041945649362251
M-11,Carolina Wren,2024,0.199691491428611,4.090612824442454,4,2,Mine,3.67765182613268,0.9041945649362251
M-12,Carolina Wren,2024,0.199691491428611,1.039022776729624,1,3,Mine,3.67765182613268,0.9041945649362251
M-2,Carolina Wren,2024,0.199691491428611,7.601118202674497,7,6,Mine,3.67765182613268,0.9041945649362251
M-5,Carolina Wren,2024,0.199691491428611,5.447138178776228,5,6,Mine,3.67765182613268,0.9041945649362251
M-6,Carolina Wren,2024,0.199691491428611,1.8465901851363309,2,6,Mine,3.67765182613268,0.9041945649362251
M-7,Carolina Wren,2024,0.199691491428611,2.0945996441648767,2,5,Mine,3.67765182613268,0.9041945649362251
M-9,Carolina Wren,2024,0.199691491428611,1.0000648744388476,1,3,Mine,3.67765182613268,0.9041945649362251
O-1,Carolina Wren,2024,0.199691491428611,10.38296342875757,10,1,Okefenokee,5.617066807194297,1.302893162083529
O-2,Carolina Wren,2024,0.199691491428611,3.8810949923731384,4,1,Okefenokee,5.617066807194297,1.302893162083529
O-3,Carolina Wren,2024,0.199691491428611,6.111094615679445,6,1,Okefenokee,5.617066807194297,1.302893162083529
O-4,Carolina Wren,2024,0.199691491428611,10.783349017886197,10,1,Okefenokee,5.617066807194297,1.302893162083529
O-5,Carolina Wren,2024,0.199691491428611,3.0453956910345674,3,0,Okefenokee,5.617066807194297,1.302893162083529
O-6,Carolina Wren,2024,0.199691491428611,1.9391339681020745,2,0,Okefenokee,5.617066807194297,1.302893162083529
O-7,Carolina Wren,2024,0.199691491428611,4.879898446496853,5,0,Okefenokee,5.617066807194297,1.302893162083529
O-8,Carolina Wren,2024,0.199691491428611,3.9134680783481404,4,0,Okefenokee,5.617066807194297,1.302893162083529
R-1,Carolina Wren,2024,0.199691491428611,1.3758666919050593,1,4,Sansavilla,2.125459368432608,0.627363915812188
R-10,Carolina Wren,2024,0.199691491428611,3.0933062762112207,3,1,Sansavilla,2.125459368432608,0.627363915812188
R-11,Carolina Wren,2024,0.199691491428611,2.0785064886161777,2,1,Sansavilla,2.125459368432608,0.627363915812188
R-12,Carolina Wren,2024,0.199691491428611,1.0044084938976199,1,1,Sansavilla,2.125459368432608,0.627363915812188
R-13,Carolina Wren,2024,0.199691491428611,1.1069921588247318,1,0,Sansavilla,2.125459368432608,0.627363915812188
R-2,Carolina Wren,2024,0.199691491428611,5.113579831134149,5,0,Sansavilla,2.125459368432608,0.627363915812188
R-3,Carolina Wren,2024,0.199691491428611,1.2055867348803206,1,1,Sansavilla,2.125459368432608,0.627363915812188
R-6,Carolina Wren,2024,0.199691491428611,3.6645715070590756,4,3,Sansavilla,2.125459368432608,0.627363915812188
R-7,Carolina Wren,2024,0.199691491428611,1.0245106680213945,1,1,Sansavilla,2.125459368432608,0.627363915812188
R-9,Carolina Wren,2024,0.199691491428611,1.5873344259241426,2,0,Sansavilla,2.125459368432608,0.627363915812188
M-1,Chimney Swift,2024,0.04228356788513253,2.8232259400855604,3,4,Mine,0.73692310516021,0.33562103461190496
M-10,Chimney Swift,2024,0.04228356788513253,0.053657353421170076,0,5,Mine,0.73692310516021,0.33562103461190496
M-11,Chimney Swift,2024,0.04228356788513253,0.053657353421170076,0,2,Mine,0.73692310516021,0.33562103461190496
M-12,Chimney Swift,2024,0.04228356788513253,0.053657353421170076,0,3,Mine,0.73692310516021,0.33562103461190496
M-2,Chimney Swift,2024,0.04228356788513253,1.3759952986539907,1,6,Mine,0.73692310516021,0.33562103461190496
M-5,Chimney Swift,2024,0.04228356788513253,1.109974643324328,1,6,Mine,0.73692310516021,0.33562103461190496
M-6,Chimney Swift,2024,0.04228356788513253,1.0551213098601409,1,6,Mine,0.73692310516021,0.33562103461190496
M-7,Chimney Swift,2024,0.04228356788513253,0.053657353421170076,0,5,Mine,0.73692310516021,0.33562103461190496
M-9,Chimney Swift,2024,0.04228356788513253,0.053657353421170076,0,3,Mine,0.73692310516021,0.33562103461190496
O-1,Chimney Swift,2024,0.04228356788513253,3.2485880160703417e-6,0,1,Okefenokee,4.23413440714912e-5,0.0024275983582392516
O-2,Chimney Swift,2024,0.04228356788513253,3.2485880160703417e-6,0,1,Okefenokee,4.23413440714912e-5,0.0024275983582392516
O-3,Chimney Swift,2024,0.04228356788513253,5.373893239367824e-6,0,1,Okefenokee,4.23413440714912e-5,0.0024275983582392516
O-4,Chimney Swift,2024,0.04228356788513253,9.652178054943665e-6,0,1,Okefenokee,4.23413440714912e-5,0.0024275983582392516
O-5,Chimney Swift,2024,0.04228356788513253,3.2485880160703417e-6,0,0,Okefenokee,4.23413440714912e-5,0.0024275983582392516
O-6,Chimney Swift,2024,0.04228356788513253,3.2485880160703417e-6,0,0,Okefenokee,4.23413440714912e-5,0.0024275983582392516
O-7,Chimney Swift,2024,0.04228356788513253,3.2485880160703417e-6,0,0,Okefenokee,4.23413440714912e-5,0.0024275983582392516
O-8,Chimney Swift,2024,0.04228356788513253,3.2485880160703417e-6,0,0,Okefenokee,4.23413440714912e-5,0.0024275983582392516
R-1,Chimney Swift,2024,0.04228356788513253,1.174346486011821,1,4,Sansavilla,2.335207577685116,0.6692467856256381
R-10,Chimney Swift,2024,0.04228356788513253,3.109325989769703,3,1,Sansavilla,2.335207577685116,0.6692467856256381
R-11,Chimney Swift,2024,0.04228356788513253,1.881084434941054,2,1,Sansavilla,2.335207577685116,0.6692467856256381
R-12,Chimney Swift,2024,0.04228356788513253,8.563620628497532,8,1,Sansavilla,2.335207577685116,0.6692467856256381
R-13,Chimney Swift,2024,0.04228356788513253,1.887117714731608,2,0,Sansavilla,2.335207577685116,0.6692467856256381
R-2,Chimney Swift,2024,0.04228356788513253,1.174346486011821,1,0,Sansavilla,2.335207577685116,0.6692467856256381
R-3,Chimney Swift,2024,0.04228356788513253,1.1741596135932812,1,1,Sansavilla,2.335207577685116,0.6692467856256381
R-6,Chimney Swift,2024,0.04228356788513253,1.174714614163049,1,3,Sansavilla,2.335207577685116,0.6692467856256381
R-7,Chimney Swift,2024,0.04228356788513253,1.3283823189384942,1,1,Sansavilla,2.335207577685116,0.6692467856256381
R-9,Chimney Swift,2024,0.04228356788513253,1.8850159486172782,2,0,Sansavilla,2.335207577685116,0.6692467856256381
M-1,Chuck-will's-widow,2024,0.2211051720284108,8.175328566010485,8,4,Mine,8.251599920627307,1.5561803439323307
M-10,Chuck-will's-widow,2024,0.2211051720284108,10.80257984902923,10,5,Mine,8.251599920627307,1.5561803439323307
M-11,Chuck-will's-widow,2024,0.2211051720284108,4.837144948137225,5,2,Mine,8.251599920627307,1.5561803439323307
M-12,Chuck-will's-widow,2024,0.2211051720284108,5.651566766902085,5,3,Mine,8.251599920627307,1.5561803439323307
M-2,Chuck-will's-widow,2024,0.2211051720284108,8.287301533107025,8,6,Mine,8.251599920627307,1.5561803439323307
M-5,Chuck-will's-widow,2024,0.2211051720284108,12.027627870282084,12,6,Mine,8.251599920627307,1.5561803439323307
M-6,Chuck-will's-widow,2024,0.2211051720284108,10.466600077499567,10,6,Mine,8.251599920627307,1.5561803439323307
M-7,Chuck-will's-widow,2024,0.2211051720284108,8.491508097161256,8,5,Mine,8.251599920627307,1.5561803439323307
M-9,Chuck-will's-widow,2024,0.2211051720284108,5.578065934360779,5,3,Mine,8.251599920627307,1.5561803439323307
O-1,Chuck-will's-widow,2024,0.2211051720284108,1.0000048367898244,1,1,Okefenokee,6.9089144729641445,1.3361586440742503
O-2,Chuck-will's-widow,2024,0.2211051720284108,1.0004482598241182,1,1,Okefenokee,6.9089144729641445,1.3361586440742503
O-3,Chuck-will's-widow,2024,0.2211051720284108,3.053325142343172,3,1,Okefenokee,6.9089144729641445,1.3361586440742503
O-4,Chuck-will's-widow,2024,0.2211051720284108,8.084482604048926,8,1,Okefenokee,6.9089144729641445,1.3361586440742503
O-5,Chuck-will's-widow,2024,0.2211051720284108,8.427242240191989,8,0,Okefenokee,6.9089144729641445,1.3361586440742503
O-6,Chuck-will's-widow,2024,0.2211051720284108,9.845779447925382,10,0,Okefenokee,6.9089144729641445,1.3361586440742503
O-7,Chuck-will's-widow,2024,0.2211051720284108,11.715875953632588,11,0,Okefenokee,6.9089144729641445,1.3361586440742503
O-8,Chuck-will's-widow,2024,0.2211051720284108,12.11815057374052,12,0,Okefenokee,6.9089144729641445,1.3361586440742503
R-1,Chuck-will's-widow,2024,0.2211051720284108,13.875589309868069,13,4,Sansavilla,14.14769463478064,2.3141355114760405
R-10,Chuck-will's-widow,2024,0.2211051720284108,6.086125015975536,6,1,Sansavilla,14.14769463478064,2.3141355114760405
R-11,Chuck-will's-widow,2024,0.2211051720284108,15.90919994483895,15,1,Sansavilla,14.14769463478064,2.3141355114760405
R-12,Chuck-will's-widow,2024,0.2211051720284108,15.624575488140495,15,1,Sansavilla,14.14769463478064,2.3141355114760405
R-13,Chuck-will's-widow,2024,0.2211051720284108,16.232224619223505,16,0,Sansavilla,14.14769463478064,2.3141355114760405
R-2,Chuck-will's-widow,2024,0.2211051720284108,10.561340677155675,10,0,Sansavilla,14.14769463478064,2.3141355114760405
R-3,Chuck-will's-widow,2024,0.2211051720284108,13.524438791998355,13,1,Sansavilla,14.14769463478064,2.3141355114760405
R-6,Chuck-will's-widow,2024,0.2211051720284108,13.618331819628581,13,3,Sansavilla,14.14769463478064,2.3141355114760405
R-7,Chuck-will's-widow,2024,0.2211051720284108,19.73359634366029,20,1,Sansavilla,14.14769463478064,2.3141355114760405
R-9,Chuck-will's-widow,2024,0.2211051720284108,16.261149209432432,16,0,Sansavilla,14.14769463478064,2.3141355114760405
M-1,Common Grackle,2024,0.03301358020198051,1.2521694644535382,1,4,Mine,1.888785452093215,0.65002047900486
M-10,Common Grackle,2024,0.03301358020198051,5.776063961963669,6,5,Mine,1.888785452093215,0.65002047900486
M-11,Common Grackle,2024,0.03301358020198051,2.122407059536149,2,2,Mine,1.888785452093215,0.65002047900486
M-12,Common Grackle,2024,0.03301358020198051,3.1532675895945643,3,3,Mine,1.888785452093215,0.65002047900486
M-2,Common Grackle,2024,0.03301358020198051,1.2521694644535382,1,6,Mine,1.888785452093215,0.65002047900486
M-5,Common Grackle,2024,0.03301358020198051,0.25050325139673674,0,6,Mine,1.888785452093215,0.65002047900486
M-6,Common Grackle,2024,0.03301358020198051,0.25050325139673674,0,6,Mine,1.888785452093215,0.65002047900486
M-7,Common Grackle,2024,0.03301358020198051,1.479598199739307,1,5,Mine,1.888785452093215,0.65002047900486
M-9,Common Grackle,2024,0.03301358020198051,1.4624029491910175,1,3,Mine,1.888785452093215,0.65002047900486
O-1,Common Grackle,2024,0.03301358020198051,4.683864225480703,4,1,Okefenokee,2.810999778875213,0.9605771150889145
O-2,Common Grackle,2024,0.03301358020198051,4.302717339740951,4,1,Okefenokee,2.810999778875213,0.9605771150889145
O-3,Common Grackle,2024,0.03301358020198051,4.784870587472857,5,1,Okefenokee,2.810999778875213,0.9605771150889145
O-4,Common Grackle,2024,0.03301358020198051,2.389338930242563,2,1,Okefenokee,2.810999778875213,0.9605771150889145
O-5,Common Grackle,2024,0.03301358020198051,0.3878239911047791,0,0,Okefenokee,2.810999778875213,0.9605771150889145
O-6,Common Grackle,2024,0.03301358020198051,1.395124703678601,1,0,Okefenokee,2.810999778875213,0.9605771150889145
O-7,Common Grackle,2024,0.03301358020198051,2.070842631314358,2,0,Okefenokee,2.810999778875213,0.9605771150889145
O-8,Common Grackle,2024,0.03301358020198051,2.4734565703546223,2,0,Okefenokee,2.810999778875213,0.9605771150889145
R-1,Common Grackle,2024,0.03301358020198051,2.903966904732971,3,4,Sansavilla,0.9503682317544987,0.3781255741158302
R-10,Common Grackle,2024,0.03301358020198051,0.126044136889572,0,1,Sansavilla,0.9503682317544987,0.3781255741158302
R-11,Common Grackle,2024,0.03301358020198051,0.126044136889572,0,1,Sansavilla,0.9503682317544987,0.3781255741158302
R-12,Common Grackle,2024,0.03301358020198051,1.1295090733454471,1,1,Sansavilla,0.9503682317544987,0.3781255741158302
R-13,Common Grackle,2024,0.03301358020198051,0.126044136889572,0,0,Sansavilla,0.9503682317544987,0.3781255741158302
R-2,Common Grackle,2024,0.03301358020198051,1.253415760127322,1,0,Sansavilla,0.9503682317544987,0.3781255741158302
R-3,Common Grackle,2024,0.03301358020198051,0.126044136889572,0,1,Sansavilla,0.9503682317544987,0.3781255741158302
R-6,Common Grackle,2024,0.03301358020198051,1.4520685900696366,1,3,Sansavilla,0.9503682317544987,0.3781255741158302
R-7,Common Grackle,2024,0.03301358020198051,1.1300493068839645,1,1,Sansavilla,0.9503682317544987,0.3781255741158302
R-9,Common Grackle,2024,0.03301358020198051,1.130416588255326,1,0,Sansavilla,0.9503682317544987,0.3781255741158302
M-1,Common Ground Dove,2024,0.06615524003012606,1.2039456109379536e-6,0,4,Mine,7.763051571909667e-5,0.002959947533049332
M-10,Common Ground Dove,2024,0.06615524003012606,1.2039456109379536e-6,0,5,Mine,7.763051571909667e-5,0.002959947533049332
M-11,Common Ground Dove,2024,0.06615524003012606,1.2039456109379536e-6,0,2,Mine,7.763051571909667e-5,0.002959947533049332
M-12,Common Ground Dove,2024,0.06615524003012606,1.2039456109379536e-6,0,3,Mine,7.763051571909667e-5,0.002959947533049332
M-2,Common Ground Dove,2024,0.06615524003012606,1.2039456109379536e-6,0,6,Mine,7.763051571909667e-5,0.002959947533049332
M-5,Common Ground Dove,2024,0.06615524003012606,1.2039456109379536e-6,0,6,Mine,7.763051571909667e-5,0.002959947533049332
M-6,Common Ground Dove,2024,0.06615524003012606,1.2039456109379536e-6,0,6,Mine,7.763051571909667e-5,0.002959947533049332
M-7,Common Ground Dove,2024,0.06615524003012606,1.2039456109379536e-6,0,5,Mine,7.763051571909667e-5,0.002959947533049332
M-9,Common Ground Dove,2024,0.06615524003012606,1.2039456109379536e-6,0,3,Mine,7.763051571909667e-5,0.002959947533049332
O-1,Common Ground Dove,2024,0.06615524003012606,0.0066734344805910225,0,1,Okefenokee,0.40143022434969305,0.23239644776067836
O-2,Common Ground Dove,2024,0.06615524003012606,0.0066734344805910225,0,1,Okefenokee,0.40143022434969305,0.23239644776067836
O-3,Common Ground Dove,2024,0.06615524003012606,0.021631221791512178,0,1,Okefenokee,0.40143022434969305,0.23239644776067836
O-4,Common Ground Dove,2024,0.06615524003012606,0.05169829074183552,0,1,Okefenokee,0.40143022434969305,0.23239644776067836
O-5,Common Ground Dove,2024,0.06615524003012606,1.0292598378970566,1,0,Okefenokee,0.40143022434969305,0.23239644776067836
O-6,Common Ground Dove,2024,0.06615524003012606,1.0589950619430106,1,0,Okefenokee,0.40143022434969305,0.23239644776067836
O-7,Common Ground Dove,2024,0.06615524003012606,0.0066734344805910225,0,0,Okefenokee,0.40143022434969305,0.23239644776067836
O-8,Common Ground Dove,2024,0.06615524003012606,1.0295172832043225,1,0,Okefenokee,0.40143022434969305,0.23239644776067836
R-1,Common Ground Dove,2024,0.06615524003012606,1.0519753069257292,1,4,Sansavilla,1.5799706858567206,0.4869268205502102
R-10,Common Ground Dove,2024,0.06615524003012606,1.0254707639623892,1,1,Sansavilla,1.5799706858567206,0.4869268205502102
R-11,Common Ground Dove,2024,0.06615524003012606,1.355594508527229,1,1,Sansavilla,1.5799706858567206,0.4869268205502102
R-12,Common Ground Dove,2024,0.06615524003012606,6.788585126383268,7,1,Sansavilla,1.5799706858567206,0.4869268205502102
R-13,Common Ground Dove,2024,0.06615524003012606,2.0525324321561413,2,0,Sansavilla,1.5799706858567206,0.4869268205502102
R-2,Common Ground Dove,2024,0.06615524003012606,0.024503235036217808,0,0,Sansavilla,1.5799706858567206,0.4869268205502102
R-3,Common Ground Dove,2024,0.06615524003012606,1.1992790719522595,1,1,Sansavilla,1.5799706858567206,0.4869268205502102
R-6,Common Ground Dove,2024,0.06615524003012606,2.2550618613230204,2,3,Sansavilla,1.5799706858567206,0.4869268205502102
R-7,Common Ground Dove,2024,0.06615524003012606,0.024503235036217808,0,1,Sansavilla,1.5799706858567206,0.4869268205502102
R-9,Common Ground Dove,2024,0.06615524003012606,0.024503235036217808,0,0,Sansavilla,1.5799706858567206,0.4869268205502102
M-1,Common Nighthawk,2024,0.24747837728111555,6.97190857329919,7,4,Mine,9.005759204460638,1.5606695781817956
M-10,Common Nighthawk,2024,0.24747837728111555,13.90922835853013,13,5,Mine,9.005759204460638,1.5606695781817956
M-11,Common Nighthawk,2024,0.24747837728111555,11.330642260950382,11,2,Mine,9.005759204460638,1.5606695781817956
M-12,Common Nighthawk,2024,0.24747837728111555,13.90922835853013,13,3,Mine,9.005759204460638,1.5606695781817956
M-2,Common Nighthawk,2024,0.24747837728111555,2.899711472561521,3,6,Mine,9.005759204460638,1.5606695781817956
M-5,Common Nighthawk,2024,0.24747837728111555,5.747570548787736,6,6,Mine,9.005759204460638,1.5606695781817956
M-6,Common Nighthawk,2024,0.24747837728111555,8.96438490481059,9,6,Mine,9.005759204460638,1.5606695781817956
M-7,Common Nighthawk,2024,0.24747837728111555,5.005500606206059,5,5,Mine,9.005759204460638,1.5606695781817956
M-9,Common Nighthawk,2024,0.24747837728111555,12.307724432631561,12,3,Mine,9.005759204460638,1.5606695781817956
O-1,Common Nighthawk,2024,0.24747837728111555,1.000004260414989,1,1,Okefenokee,6.565696468210302,1.199091878586953
O-2,Common Nighthawk,2024,0.24747837728111555,1.0000226784931063,1,1,Okefenokee,6.565696468210302,1.199091878586953
O-3,Common Nighthawk,2024,0.24747837728111555,1.0000248456765388,1,1,Okefenokee,6.565696468210302,1.199091878586953
O-4,Common Nighthawk,2024,0.24747837728111555,1.002283720898543,1,1,Okefenokee,6.565696468210302,1.199091878586953
O-5,Common Nighthawk,2024,0.24747837728111555,12.364307837473037,12,0,Okefenokee,6.565696468210302,1.199091878586953
O-6,Common Nighthawk,2024,0.24747837728111555,12.364307837473037,12,0,Okefenokee,6.565696468210302,1.199091878586953
O-7,Common Nighthawk,2024,0.24747837728111555,12.364307837473037,12,0,Okefenokee,6.565696468210302,1.199091878586953
O-8,Common Nighthawk,2024,0.24747837728111555,11.441864413240063,11,0,Okefenokee,6.565696468210302,1.199091878586953
R-1,Common Nighthawk,2024,0.24747837728111555,11.8440598331556,11,4,Sansavilla,7.115434358696211,1.2671529305127345
R-10,Common Nighthawk,2024,0.24747837728111555,1.8698949841020596,2,1,Sansavilla,7.115434358696211,1.2671529305127345
R-11,Common Nighthawk,2024,0.24747837728111555,5.12969829979487,5,1,Sansavilla,7.115434358696211,1.2671529305127345
R-12,Common Nighthawk,2024,0.24747837728111555,8.248422715384448,8,1,Sansavilla,7.115434358696211,1.2671529305127345
R-13,Common Nighthawk,2024,0.24747837728111555,1.3405838368096867,1,0,Sansavilla,7.115434358696211,1.2671529305127345
R-2,Common Nighthawk,2024,0.24747837728111555,12.73949123103151,12,0,Sansavilla,7.115434358696211,1.2671529305127345
R-3,Common Nighthawk,2024,0.24747837728111555,12.73949123103151,12,1,Sansavilla,7.115434358696211,1.2671529305127345
R-6,Common Nighthawk,2024,0.24747837728111555,7.757163487850942,8,3,Sansavilla,7.115434358696211,1.2671529305127345
R-7,Common Nighthawk,2024,0.24747837728111555,3.3157174038691406,3,1,Sansavilla,7.115434358696211,1.2671529305127345
R-9,Common Nighthawk,2024,0.24747837728111555,6.165902429437577,6,0,Sansavilla,7.115434358696211,1.2671529305127345
M-1,Common Yellowthroat,2024,0.12191885546489963,2.627775551058091e-8,0,4,Mine,7.253149819382216e-5,0.002839451957159298
M-10,Common Yellowthroat,2024,0.12191885546489963,2.627775551058091e-8,0,5,Mine,7.253149819382216e-5,0.002839451957159298
M-11,Common Yellowthroat,2024,0.12191885546489963,2.627775551058091e-8,0,2,Mine,7.253149819382216e-5,0.002839451957159298
M-12,Common Yellowthroat,2024,0.12191885546489963,2.627775551058091e-8,0,3,Mine,7.253149819382216e-5,0.002839451957159298
M-2,Common Yellowthroat,2024,0.12191885546489963,2.627775551058091e-8,0,6,Mine,7.253149819382216e-5,0.002839451957159298
M-5,Common Yellowthroat,2024,0.12191885546489963,2.627775551058091e-8,0,6,Mine,7.253149819382216e-5,0.002839451957159298
M-6,Common Yellowthroat,2024,0.12191885546489963,2.627775551058091e-8,0,6,Mine,7.253149819382216e-5,0.002839451957159298
M-7,Common Yellowthroat,2024,0.12191885546489963,2.627775551058091e-8,0,5,Mine,7.253149819382216e-5,0.002839451957159298
M-9,Common Yellowthroat,2024,0.12191885546489963,2.627775551058091e-8,0,3,Mine,7.253149819382216e-5,0.002839451957159298
O-1,Common Yellowthroat,2024,0.12191885546489963,4.873871792289022,5,1,Okefenokee,2.1171288551024343,0.588360086823218
O-2,Common Yellowthroat,2024,0.12191885546489963,7.401837772959794,7,1,Okefenokee,2.1171288551024343,0.588360086823218
O-3,Common Yellowthroat,2024,0.12191885546489963,1.0168010603767108,1,1,Okefenokee,2.1171288551024343,0.588360086823218
O-4,Common Yellowthroat,2024,0.12191885546489963,2.6384334945758225,2,1,Okefenokee,2.1171288551024343,0.588360086823218
O-5,Common Yellowthroat,2024,0.12191885546489963,9.082609001855448e-4,0,0,Okefenokee,2.1171288551024343,0.588360086823218
O-6,Common Yellowthroat,2024,0.12191885546489963,9.082609001855448e-4,0,0,Okefenokee,2.1171288551024343,0.588360086823218
O-7,Common Yellowthroat,2024,0.12191885546489963,1.0096020492084652,1,0,Okefenokee,2.1171288551024343,0.588360086823218
O-8,Common Yellowthroat,2024,0.12191885546489963,9.082609001855448e-4,0,0,Okefenokee,2.1171288551024343,0.588360086823218
R-1,Common Yellowthroat,2024,0.12191885546489963,1.4859606087371866,1,4,Sansavilla,2.153857472563355,0.533000326695738
R-10,Common Yellowthroat,2024,0.12191885546489963,7.803304974814148e-4,0,1,Sansavilla,2.153857472563355,0.533000326695738
R-11,Common Yellowthroat,2024,0.12191885546489963,7.482507224748321,7,1,Sansavilla,2.153857472563355,0.533000326695738
R-12,Common Yellowthroat,2024,0.12191885546489963,1.0041149594667222,1,1,Sansavilla,2.153857472563355,0.533000326695738
R-13,Common Yellowthroat,2024,0.12191885546489963,1.008361964994937,1,0,Sansavilla,2.153857472563355,0.533000326695738
R-2,Common Yellowthroat,2024,0.12191885546489963,3.8202601568109498,4,0,Sansavilla,2.153857472563355,0.533000326695738
R-3,Common Yellowthroat,2024,0.12191885546489963,7.803304974814148e-4,0,1,Sansavilla,2.153857472563355,0.533000326695738
R-6,Common Yellowthroat,2024,0.12191885546489963,4.727599837237894,5,3,Sansavilla,2.153857472563355,0.533000326695738
R-7,Common Yellowthroat,2024,0.12191885546489963,1.0038767044328296,1,1,Sansavilla,2.153857472563355,0.533000326695738
R-9,Common Yellowthroat,2024,0.12191885546489963,1.0017517485949448,1,0,Sansavilla,2.153857472563355,0.533000326695738
M-1,Downy Woodpecker,2024,0.006854679305246584,1.9649116068834894e-4,0,4,Mine,2.9925905863739075e-4,0.009855700770095644
M-10,Downy Woodpecker,2024,0.006854679305246584,1.9649116068834894e-4,0,5,Mine,2.9925905863739075e-4,0.009855700770095644
M-11,Downy Woodpecker,2024,0.006854679305246584,1.9649116068834894e-4,0,2,Mine,2.9925905863739075e-4,0.009855700770095644
M-12,Downy Woodpecker,2024,0.006854679305246584,1.9649116068834894e-4,0,3,Mine,2.9925905863739075e-4,0.009855700770095644
M-2,Downy Woodpecker,2024,0.006854679305246584,1.9649116068834894e-4,0,6,Mine,2.9925905863739075e-4,0.009855700770095644
M-5,Downy Woodpecker,2024,0.006854679305246584,1.9649116068834894e-4,0,6,Mine,2.9925905863739075e-4,0.009855700770095644
M-6,Downy Woodpecker,2024,0.006854679305246584,1.9649116068834894e-4,0,6,Mine,2.9925905863739075e-4,0.009855700770095644
M-7,Downy Woodpecker,2024,0.006854679305246584,1.9649116068834894e-4,0,5,Mine,2.9925905863739075e-4,0.009855700770095644
M-9,Downy Woodpecker,2024,0.006854679305246584,1.9649116068834894e-4,0,3,Mine,2.9925905863739075e-4,0.009855700770095644
O-1,Downy Woodpecker,2024,0.006854679305246584,9.258238342432989,9,1,Okefenokee,7.772709631030292,17.79620029541764
O-2,Downy Woodpecker,2024,0.006854679305246584,7.046536583078666,7,1,Okefenokee,7.772709631030292,17.79620029541764
O-3,Downy Woodpecker,2024,0.006854679305246584,6.74394962436624,6,1,Okefenokee,7.772709631030292,17.79620029541764
O-4,Downy Woodpecker,2024,0.006854679305246584,8.460550357108827,8,1,Okefenokee,7.772709631030292,17.79620029541764
O-5,Downy Woodpecker,2024,0.006854679305246584,7.823698423053413,7,0,Okefenokee,7.772709631030292,17.79620029541764
O-6,Downy Woodpecker,2024,0.006854679305246584,5.157719282683931,5,0,Okefenokee,7.772709631030292,17.79620029541764
O-7,Downy Woodpecker,2024,0.006854679305246584,7.809231103887554,7,0,Okefenokee,7.772709631030292,17.79620029541764
O-8,Downy Woodpecker,2024,0.006854679305246584,9.881808859263689,9,0,Okefenokee,7.772709631030292,17.79620029541764
R-1,Downy Woodpecker,2024,0.006854679305246584,8.056480827885133e-8,0,4,Sansavilla,1.2270144163416567e-7,1.8792268907803626e-4
R-10,Downy Woodpecker,2024,0.006854679305246584,8.056480827885133e-8,0,1,Sansavilla,1.2270144163416567e-7,1.8792268907803626e-4
R-11,Downy Woodpecker,2024,0.006854679305246584,8.056480827885133e-8,0,1,Sansavilla,1.2270144163416567e-7,1.8792268907803626e-4
R-12,Downy Woodpecker,2024,0.006854679305246584,8.056480827885133e-8,0,1,Sansavilla,1.2270144163416567e-7,1.8792268907803626e-4
R-13,Downy Woodpecker,2024,0.006854679305246584,8.056480827885133e-8,0,0,Sansavilla,1.2270144163416567e-7,1.8792268907803626e-4
R-2,Downy Woodpecker,2024,0.006854679305246584,8.056480827885133e-8,0,0,Sansavilla,1.2270144163416567e-7,1.8792268907803626e-4
R-3,Downy Woodpecker,2024,0.006854679305246584,8.056480827885133e-8,0,1,Sansavilla,1.2270144163416567e-7,1.8792268907803626e-4
R-6,Downy Woodpecker,2024,0.006854679305246584,8.056480827885133e-8,0,3,Sansavilla,1.2270144163416567e-7,1.8792268907803626e-4
R-7,Downy Woodpecker,2024,0.006854679305246584,8.056480827885133e-8,0,1,Sansavilla,1.2270144163416567e-7,1.8792268907803626e-4
R-9,Downy Woodpecker,2024,0.006854679305246584,8.056480827885133e-8,0,0,Sansavilla,1.2270144163416567e-7,1.8792268907803626e-4
M-1,Eastern Bluebird,2024,0.04617791733776651,2.2490284005744394,2,4,Mine,3.147630474643586,0.8626568828554374
M-10,Eastern Bluebird,2024,0.04617791733776651,4.331298255136371,4,5,Mine,3.147630474643586,0.8626568828554374
M-11,Eastern Bluebird,2024,0.04617791733776651,6.377796972298835,6,2,Mine,3.147630474643586,0.8626568828554374
M-12,Eastern Bluebird,2024,0.04617791733776651,3.4616291307791225,3,3,Mine,3.147630474643586,0.8626568828554374
M-2,Eastern Bluebird,2024,0.04617791733776651,1.5969810742732682,1,6,Mine,3.147630474643586,0.8626568828554374
M-5,Eastern Bluebird,2024,0.04617791733776651,1.5884930166020625,1,6,Mine,3.147630474643586,0.8626568828554374
M-6,Eastern Bluebird,2024,0.04617791733776651,5.463801979335784,5,6,Mine,3.147630474643586,0.8626568828554374
M-7,Eastern Bluebird,2024,0.04617791733776651,1.3461225629701947,1,5,Mine,3.147630474643586,0.8626568828554374
M-9,Eastern Bluebird,2024,0.04617791733776651,1.9134906472670825,2,3,Mine,3.147630474643586,0.8626568828554374
O-1,Eastern Bluebird,2024,0.04617791733776651,21.327498718856564,22,1,Okefenokee,12.380271727053536,2.4464368918978314
O-2,Eastern Bluebird,2024,0.04617791733776651,9.140633929191152,9,1,Okefenokee,12.380271727053536,2.4464368918978314
O-3,Eastern Bluebird,2024,0.04617791733776651,15.756730081209904,15,1,Okefenokee,12.380271727053536,2.4464368918978314
O-4,Eastern Bluebird,2024,0.04617791733776651,14.424443325079654,14,1,Okefenokee,12.380271727053536,2.4464368918978314
O-5,Eastern Bluebird,2024,0.04617791733776651,4.9844877662684945,5,0,Okefenokee,12.380271727053536,2.4464368918978314
O-6,Eastern Bluebird,2024,0.04617791733776651,11.331374365441873,11,0,Okefenokee,12.380271727053536,2.4464368918978314
O-7,Eastern Bluebird,2024,0.04617791733776651,13.091021000327883,13,0,Okefenokee,12.380271727053536,2.4464368918978314
O-8,Eastern Bluebird,2024,0.04617791733776651,8.985969973824062,9,0,Okefenokee,12.380271727053536,2.4464368918978314
R-1,Eastern Bluebird,2024,0.04617791733776651,1.5033453328592747,1,4,Sansavilla,0.6989866649876852,0.2857862302302306
R-10,Eastern Bluebird,2024,0.04617791733776651,0.03973001702131427,0,1,Sansavilla,0.6989866649876852,0.2857862302302306
R-11,Eastern Bluebird,2024,0.04617791733776651,1.0820248011766687,1,1,Sansavilla,0.6989866649876852,0.2857862302302306
R-12,Eastern Bluebird,2024,0.04617791733776651,1.0408897205540468,1,1,Sansavilla,0.6989866649876852,0.2857862302302306
R-13,Eastern Bluebird,2024,0.04617791733776651,0.03973001702131427,0,0,Sansavilla,0.6989866649876852,0.2857862302302306
R-2,Eastern Bluebird,2024,0.04617791733776651,0.03973001702131427,0,0,Sansavilla,0.6989866649876852,0.2857862302302306
R-3,Eastern Bluebird,2024,0.04617791733776651,1.0817984381311407,1,1,Sansavilla,0.6989866649876852,0.2857862302302306
R-6,Eastern Bluebird,2024,0.04617791733776651,1.0820492560646024,1,3,Sansavilla,0.6989866649876852,0.2857862302302306
R-7,Eastern Bluebird,2024,0.04617791733776651,0.03973001702131427,0,1,Sansavilla,0.6989866649876852,0.2857862302302306
R-9,Eastern Bluebird,2024,0.04617791733776651,1.0408897205540468,1,0,Sansavilla,0.6989866649876852,0.2857862302302306
M-1,Eastern Kingbird,2024,0.06531229161488897,1.013028162762662,1,4,Mine,0.7532057148990046,0.3069694309811033
M-10,Eastern Kingbird,2024,0.06531229161488897,1.3701714736025745,1,5,Mine,0.7532057148990046,0.3069694309811033
M-11,Eastern Kingbird,2024,0.06531229161488897,1.209826055500768,1,2,Mine,0.7532057148990046,0.3069694309811033
M-12,Eastern Kingbird,2024,0.06531229161488897,1.109234227584696,1,3,Mine,0.7532057148990046,0.3069694309811033
M-2,Eastern Kingbird,2024,0.06531229161488897,0.012485575865136137,0,6,Mine,0.7532057148990046,0.3069694309811033
M-5,Eastern Kingbird,2024,0.06531229161488897,1.0262814155465738,1,6,Mine,0.7532057148990046,0.3069694309811033
M-6,Eastern Kingbird,2024,0.06531229161488897,0.012485575865136137,0,6,Mine,0.7532057148990046,0.3069694309811033
M-7,Eastern Kingbird,2024,0.06531229161488897,0.012485575865136137,0,5,Mine,0.7532057148990046,0.3069694309811033
M-9,Eastern Kingbird,2024,0.06531229161488897,1.0130002203922577,1,3,Mine,0.7532057148990046,0.3069694309811033
O-1,Eastern Kingbird,2024,0.06531229161488897,13.968068600851803,14,1,Okefenokee,6.026830336816742,1.1957782602138618
O-2,Eastern Kingbird,2024,0.06531229161488897,11.92244721825373,12,1,Okefenokee,6.026830336816742,1.1957782602138618
O-3,Eastern Kingbird,2024,0.06531229161488897,3.9137248859498213,4,1,Okefenokee,6.026830336816742,1.1957782602138618
O-4,Eastern Kingbird,2024,0.06531229161488897,11.695538439590235,11,1,Okefenokee,6.026830336816742,1.1957782602138618
O-5,Eastern Kingbird,2024,0.06531229161488897,1.2233145020024774,1,0,Okefenokee,6.026830336816742,1.1957782602138618
O-6,Eastern Kingbird,2024,0.06531229161488897,1.1120861254145606,1,0,Okefenokee,6.026830336816742,1.1957782602138618
O-7,Eastern Kingbird,2024,0.06531229161488897,0.10811592428344986,0,0,Okefenokee,6.026830336816742,1.1957782602138618
O-8,Eastern Kingbird,2024,0.06531229161488897,4.274036112600705,4,0,Okefenokee,6.026830336816742,1.1957782602138618
R-1,Eastern Kingbird,2024,0.06531229161488897,1.0191801072615496,1,4,Sansavilla,1.1098254669769045,0.35930839320101376
R-10,Eastern Kingbird,2024,0.06531229161488897,1.0191129835774715,1,1,Sansavilla,1.1098254669769045,0.35930839320101376
R-11,Eastern Kingbird,2024,0.06531229161488897,4.601987815554037,4,1,Sansavilla,1.1098254669769045,0.35930839320101376
R-12,Eastern Kingbird,2024,0.06531229161488897,1.284847472662076,1,1,Sansavilla,1.1098254669769045,0.35930839320101376
R-13,Eastern Kingbird,2024,0.06531229161488897,0.018397112224325465,0,0,Sansavilla,1.1098254669769045,0.35930839320101376
R-2,Eastern Kingbird,2024,0.06531229161488897,0.018397112224325465,0,0,Sansavilla,1.1098254669769045,0.35930839320101376
R-3,Eastern Kingbird,2024,0.06531229161488897,1.0806729348080821,1,1,Sansavilla,1.1098254669769045,0.35930839320101376
R-6,Eastern Kingbird,2024,0.06531229161488897,1.0189204182791707,1,3,Sansavilla,1.1098254669769045,0.35930839320101376
R-7,Eastern Kingbird,2024,0.06531229161488897,1.0189683258118225,1,1,Sansavilla,1.1098254669769045,0.35930839320101376
R-9,Eastern Kingbird,2024,0.06531229161488897,0.018397112224325465,0,0,Sansavilla,1.1098254669769045,0.35930839320101376
M-1,Eastern Screech-Owl,2024,0.016235434878121596,3.189319839461751,3,4,Mine,3.076593428518773,1.5400190013583304
M-10,Eastern Screech-Owl,2024,0.016235434878121596,2.1020776128840013,2,5,Mine,3.076593428518773,1.5400190013583304
M-11,Eastern Screech-Owl,2024,0.016235434878121596,1.0843472098535973,1,2,Mine,3.076593428518773,1.5400190013583304
M-12,Eastern Screech-Owl,2024,0.016235434878121596,2.0865528852046955,2,3,Mine,3.076593428518773,1.5400190013583304
M-2,Eastern Screech-Owl,2024,0.016235434878121596,2.1222622692765234,2,6,Mine,3.076593428518773,1.5400190013583304
M-5,Eastern Screech-Owl,2024,0.016235434878121596,6.460723257255448,6,6,Mine,3.076593428518773,1.5400190013583304
M-6,Eastern Screech-Owl,2024,0.016235434878121596,3.688917571176348,3,6,Mine,3.076593428518773,1.5400190013583304
M-7,Eastern Screech-Owl,2024,0.016235434878121596,3.2458849299497077,3,5,Mine,3.076593428518773,1.5400190013583304
M-9,Eastern Screech-Owl,2024,0.016235434878121596,3.709343779307947,3,3,Mine,3.076593428518773,1.5400190013583304
O-1,Eastern Screech-Owl,2024,0.016235434878121596,0.5104298567564688,0,1,Okefenokee,1.4399125802692272,0.9048774802960509
O-2,Eastern Screech-Owl,2024,0.016235434878121596,1.517005450515027,1,1,Okefenokee,1.4399125802692272,0.9048774802960509
O-3,Eastern Screech-Owl,2024,0.016235434878121596,1.1597735924739554,1,1,Okefenokee,1.4399125802692272,0.9048774802960509
O-4,Eastern Screech-Owl,2024,0.016235434878121596,1.3532272960658531,1,1,Okefenokee,1.4399125802692272,0.9048774802960509
O-5,Eastern Screech-Owl,2024,0.016235434878121596,0.5104298567564688,0,0,Okefenokee,1.4399125802692272,0.9048774802960509
O-6,Eastern Screech-Owl,2024,0.016235434878121596,2.2879078879890624,2,0,Okefenokee,1.4399125802692272,0.9048774802960509
O-7,Eastern Screech-Owl,2024,0.016235434878121596,2.3099971570403146,2,0,Okefenokee,1.4399125802692272,0.9048774802960509
O-8,Eastern Screech-Owl,2024,0.016235434878121596,1.8705409741522143,2,0,Okefenokee,1.4399125802692272,0.9048774802960509
R-1,Eastern Screech-Owl,2024,0.016235434878121596,0.9170446177632073,0,4,Sansavilla,2.601909627313672,1.355531682913275
R-10,Eastern Screech-Owl,2024,0.016235434878121596,1.9374406715759613,1,1,Sansavilla,2.601909627313672,1.355531682913275
R-11,Eastern Screech-Owl,2024,0.016235434878121596,2.444316453509204,2,1,Sansavilla,2.601909627313672,1.355531682913275
R-12,Eastern Screech-Owl,2024,0.016235434878121596,3.511054349281589,3,1,Sansavilla,2.601909627313672,1.355531682913275
R-13,Eastern Screech-Owl,2024,0.016235434878121596,2.469425432811781,2,0,Sansavilla,2.601909627313672,1.355531682913275
R-2,Eastern Screech-Owl,2024,0.016235434878121596,0.9170446177632073,0,0,Sansavilla,2.601909627313672,1.355531682913275
R-3,Eastern Screech-Owl,2024,0.016235434878121596,2.4130516413914154,2,1,Sansavilla,2.601909627313672,1.355531682913275
R-6,Eastern Screech-Owl,2024,0.016235434878121596,3.496962087514137,3,3,Sansavilla,2.601909627313672,1.355531682913275
R-7,Eastern Screech-Owl,2024,0.016235434878121596,4.406595147134719,4,1,Sansavilla,2.601909627313672,1.355531682913275
R-9,Eastern Screech-Owl,2024,0.016235434878121596,3.5061865248362896,3,0,Sansavilla,2.601909627313672,1.355531682913275
M-1,Eastern Towhee,2024,0.3034507914307649,5.56061871217969,5,4,Mine,5.857208412308883,1.0259040516869185
M-10,Eastern Towhee,2024,0.3034507914307649,2.0823397329425997,2,5,Mine,5.857208412308883,1.0259040516869185
M-11,Eastern Towhee,2024,0.3034507914307649,5.680144988189728,6,2,Mine,5.857208412308883,1.0259040516869185
M-12,Eastern Towhee,2024,0.3034507914307649,1.0000000653343075,1,3,Mine,5.857208412308883,1.0259040516869185
M-2,Eastern Towhee,2024,0.3034507914307649,9.687926847291859,9,6,Mine,5.857208412308883,1.0259040516869185
M-5,Eastern Towhee,2024,0.3034507914307649,10.675384850416641,10,6,Mine,5.857208412308883,1.0259040516869185
M-6,Eastern Towhee,2024,0.3034507914307649,7.216866308950353,7,6,Mine,5.857208412308883,1.0259040516869185
M-7,Eastern Towhee,2024,0.3034507914307649,8.844629216143039,9,5,Mine,5.857208412308883,1.0259040516869185
M-9,Eastern Towhee,2024,0.3034507914307649,1.9662988036475089,2,3,Mine,5.857208412308883,1.0259040516869185
O-1,Eastern Towhee,2024,0.3034507914307649,11.923475977330627,11,1,Okefenokee,7.991821493792963,1.4030285657923687
O-2,Eastern Towhee,2024,0.3034507914307649,11.923475977330627,11,1,Okefenokee,7.991821493792963,1.4030285657923687
O-3,Eastern Towhee,2024,0.3034507914307649,11.430326058778588,11,1,Okefenokee,7.991821493792963,1.4030285657923687
O-4,Eastern Towhee,2024,0.3034507914307649,10.630889150666711,10,1,Okefenokee,7.991821493792963,1.4030285657923687
O-5,Eastern Towhee,2024,0.3034507914307649,5.1189748287498285,5,0,Okefenokee,7.991821493792963,1.4030285657923687
O-6,Eastern Towhee,2024,0.3034507914307649,2.098552753900595,2,0,Okefenokee,7.991821493792963,1.4030285657923687
O-7,Eastern Towhee,2024,0.3034507914307649,6.936889187644512,7,0,Okefenokee,7.991821493792963,1.4030285657923687
O-8,Eastern Towhee,2024,0.3034507914307649,3.877358041616853,4,0,Okefenokee,7.991821493792963,1.4030285657923687
R-1,Eastern Towhee,2024,0.3034507914307649,18.209198635160124,18,4,Sansavilla,17.493950568653457,2.2342955954013455
R-10,Eastern Towhee,2024,0.3034507914307649,18.209198635160124,18,1,Sansavilla,17.493950568653457,2.2342955954013455
R-11,Eastern Towhee,2024,0.3034507914307649,18.209198635160124,18,1,Sansavilla,17.493950568653457,2.2342955954013455
R-12,Eastern Towhee,2024,0.3034507914307649,18.209198635160124,18,1,Sansavilla,17.493950568653457,2.2342955954013455
R-13,Eastern Towhee,2024,0.3034507914307649,18.209198635160124,18,0,Sansavilla,17.493950568653457,2.2342955954013455
R-2,Eastern Towhee,2024,0.3034507914307649,18.209198635160124,18,0,Sansavilla,17.493950568653457,2.2342955954013455
R-3,Eastern Towhee,2024,0.3034507914307649,18.209198635160124,18,1,Sansavilla,17.493950568653457,2.2342955954013455
R-6,Eastern Towhee,2024,0.3034507914307649,18.209198635160124,18,3,Sansavilla,17.493950568653457,2.2342955954013455
R-7,Eastern Towhee,2024,0.3034507914307649,11.045115182486283,11,1,Sansavilla,17.493950568653457,2.2342955954013455
R-9,Eastern Towhee,2024,0.3034507914307649,18.209198635160124,18,0,Sansavilla,17.493950568653457,2.2342955954013455
M-1,Fish Crow,2024,0.0829334659644439,3.7584666774520366,4,4,Mine,3.418843578477321,0.8155301620631946
M-10,Fish Crow,2024,0.0829334659644439,5.288722499677546,5,5,Mine,3.418843578477321,0.8155301620631946
M-11,Fish Crow,2024,0.0829334659644439,1.9416674399223106,2,2,Mine,3.418843578477321,0.8155301620631946
M-12,Fish Crow,2024,0.0829334659644439,6.3370831866507435,6,3,Mine,3.418843578477321,0.8155301620631946
M-2,Fish Crow,2024,0.0829334659644439,1.0184152953951477,1,6,Mine,3.418843578477321,0.8155301620631946
M-5,Fish Crow,2024,0.0829334659644439,1.2794958691339282,1,6,Mine,3.418843578477321,0.8155301620631946
M-6,Fish Crow,2024,0.0829334659644439,4.013311798024405,4,6,Mine,3.418843578477321,0.8155301620631946
M-7,Fish Crow,2024,0.0829334659644439,3.1739381404936045,3,5,Mine,3.418843578477321,0.8155301620631946
M-9,Fish Crow,2024,0.0829334659644439,3.9618301011574633,4,3,Mine,3.418843578477321,0.8155301620631946
O-1,Fish Crow,2024,0.0829334659644439,0.012470494751745278,0,1,Okefenokee,2.181551620783389,0.6068429149076199
O-2,Fish Crow,2024,0.0829334659644439,1.1149521194721375,1,1,Okefenokee,2.181551620783389,0.6068429149076199
O-3,Fish Crow,2024,0.0829334659644439,10.135983299326151,10,1,Okefenokee,2.181551620783389,0.6068429149076199
O-4,Fish Crow,2024,0.0829334659644439,1.8233532500697076,2,1,Okefenokee,2.181551620783389,0.6068429149076199
O-5,Fish Crow,2024,0.0829334659644439,1.0266283113985313,1,0,Okefenokee,2.181551620783389,0.6068429149076199
O-6,Fish Crow,2024,0.0829334659644439,1.2162438351549565,1,0,Okefenokee,2.181551620783389,0.6068429149076199
O-7,Fish Crow,2024,0.0829334659644439,1.111546250684705,1,0,Okefenokee,2.181551620783389,0.6068429149076199
O-8,Fish Crow,2024,0.0829334659644439,1.0130426894082074,1,0,Okefenokee,2.181551620783389,0.6068429149076199
R-1,Fish Crow,2024,0.0829334659644439,1.014005850340657,1,4,Sansavilla,2.577162921395569,0.6426521320853856
R-10,Fish Crow,2024,0.0829334659644439,3.477566326026227,3,1,Sansavilla,2.577162921395569,0.6426521320853856
R-11,Fish Crow,2024,0.0829334659644439,2.272104072480088,2,1,Sansavilla,2.577162921395569,0.6426521320853856
R-12,Fish Crow,2024,0.0829334659644439,1.2285420899431596,1,1,Sansavilla,2.577162921395569,0.6426521320853856
R-13,Fish Crow,2024,0.0829334659644439,3.043335800503538,3,0,Sansavilla,2.577162921395569,0.6426521320853856
R-2,Fish Crow,2024,0.0829334659644439,0.013347637604018026,0,0,Sansavilla,2.577162921395569,0.6426521320853856
R-3,Fish Crow,2024,0.0829334659644439,1.229296562309907,1,1,Sansavilla,2.577162921395569,0.6426521320853856
R-6,Fish Crow,2024,0.0829334659644439,4.2264148763512726,4,3,Sansavilla,2.577162921395569,0.6426521320853856
R-7,Fish Crow,2024,0.0829334659644439,3.8617776353217947,4,1,Sansavilla,2.577162921395569,0.6426521320853856
R-9,Fish Crow,2024,0.0829334659644439,5.402715021452514,5,0,Sansavilla,2.577162921395569,0.6426521320853856
M-1,Gray Catbird,2024,0.036640409474898654,3.284019010010487e-30,0,4,Mine,5.807093634790922e-29,NA
M-10,Gray Catbird,2024,0.036640409474898654,3.284019010010487e-30,0,5,Mine,5.807093634790922e-29,NA
M-11,Gray Catbird,2024,0.036640409474898654,3.284019010010487e-30,0,2,Mine,5.807093634790922e-29,NA
M-12,Gray Catbird,2024,0.036640409474898654,3.284019010010487e-30,0,3,Mine,5.807093634790922e-29,NA
M-2,Gray Catbird,2024,0.036640409474898654,3.284019010010487e-30,0,6,Mine,5.807093634790922e-29,NA
M-5,Gray Catbird,2024,0.036640409474898654,3.284019010010487e-30,0,6,Mine,5.807093634790922e-29,NA
M-6,Gray Catbird,2024,0.036640409474898654,3.284019010010487e-30,0,6,Mine,5.807093634790922e-29,NA
M-7,Gray Catbird,2024,0.036640409474898654,3.284019010010487e-30,0,5,Mine,5.807093634790922e-29,NA
M-9,Gray Catbird,2024,0.036640409474898654,3.284019010010487e-30,0,3,Mine,5.807093634790922e-29,NA
O-1,Gray Catbird,2024,0.036640409474898654,1.7785271672516614,2,1,Okefenokee,0.4869764024789976,NA
O-2,Gray Catbird,2024,0.036640409474898654,1.0334576461896812,1,1,Okefenokee,0.4869764024789976,NA
O-3,Gray Catbird,2024,0.036640409474898654,0.48688363358497627,0,1,Okefenokee,0.4869764024789976,NA
O-4,Gray Catbird,2024,0.036640409474898654,0.48697640247899765,0,1,Okefenokee,0.4869764024789976,NA
O-5,Gray Catbird,2024,0.036640409474898654,0.027539417542474753,0,0,Okefenokee,0.4869764024789976,NA
O-6,Gray Catbird,2024,0.036640409474898654,0.027539417542474753,0,0,Okefenokee,0.4869764024789976,NA
O-7,Gray Catbird,2024,0.036640409474898654,0.027539417542474753,0,0,Okefenokee,0.4869764024789976,NA
O-8,Gray Catbird,2024,0.036640409474898654,0.027539417542474753,0,0,Okefenokee,0.4869764024789976,NA
R-1,Gray Catbird,2024,0.036640409474898654,7.249478984586559e-25,0,4,Sansavilla,1.2819171612166984e-23,NA
R-10,Gray Catbird,2024,0.036640409474898654,7.249478984586559e-25,0,1,Sansavilla,1.2819171612166984e-23,NA
R-11,Gray Catbird,2024,0.036640409474898654,7.249478984586559e-25,0,1,Sansavilla,1.2819171612166984e-23,NA
R-12,Gray Catbird,2024,0.036640409474898654,7.249478984586559e-25,0,1,Sansavilla,1.2819171612166984e-23,NA
R-13,Gray Catbird,2024,0.036640409474898654,7.249478984586559e-25,0,0,Sansavilla,1.2819171612166984e-23,NA
R-2,Gray Catbird,2024,0.036640409474898654,7.249478984586559e-25,0,0,Sansavilla,1.2819171612166984e-23,NA
R-3,Gray Catbird,2024,0.036640409474898654,7.249478984586559e-25,0,1,Sansavilla,1.2819171612166984e-23,NA
R-6,Gray Catbird,2024,0.036640409474898654,7.249478984586559e-25,0,3,Sansavilla,1.2819171612166984e-23,NA
R-7,Gray Catbird,2024,0.036640409474898654,7.249478984586559e-25,0,1,Sansavilla,1.2819171612166984e-23,NA
R-9,Gray Catbird,2024,0.036640409474898654,7.249478984586559e-25,0,0,Sansavilla,1.2819171612166984e-23,NA
M-1,Great Crested Flycatcher,2024,0.05721388575973723,4.7155908230691965,5,4,Mine,1.7685522167240082,0.5289137207473417
M-10,Great Crested Flycatcher,2024,0.05721388575973723,1.0521475151783326,1,5,Mine,1.7685522167240082,0.5289137207473417
M-11,Great Crested Flycatcher,2024,0.05721388575973723,1.1034118565749786,1,2,Mine,1.7685522167240082,0.5289137207473417
M-12,Great Crested Flycatcher,2024,0.05721388575973723,1.2121840098017032,1,3,Mine,1.7685522167240082,0.5289137207473417
M-2,Great Crested Flycatcher,2024,0.05721388575973723,2.6579029477079597,2,6,Mine,1.7685522167240082,0.5289137207473417
M-5,Great Crested Flycatcher,2024,0.05721388575973723,1.373203981036704,1,6,Mine,1.7685522167240082,0.5289137207473417
M-6,Great Crested Flycatcher,2024,0.05721388575973723,1.0530045059105935,1,6,Mine,1.7685522167240082,0.5289137207473417
M-7,Great Crested Flycatcher,2024,0.05721388575973723,2.6914926590017947,3,5,Mine,1.7685522167240082,0.5289137207473417
M-9,Great Crested Flycatcher,2024,0.05721388575973723,0.049741758626967926,0,3,Mine,1.7685522167240082,0.5289137207473417
O-1,Great Crested Flycatcher,2024,0.05721388575973723,7.026301045762352,7,1,Okefenokee,7.231057567344639,1.6144037709938823
O-2,Great Crested Flycatcher,2024,0.05721388575973723,7.71184736694029,7,1,Okefenokee,7.231057567344639,1.6144037709938823
O-3,Great Crested Flycatcher,2024,0.05721388575973723,5.292278789022441,5,1,Okefenokee,7.231057567344639,1.6144037709938823
O-4,Great Crested Flycatcher,2024,0.05721388575973723,8.460316795673895,8,1,Okefenokee,7.231057567344639,1.6144037709938823
O-5,Great Crested Flycatcher,2024,0.05721388575973723,2.106787842024136,2,0,Okefenokee,7.231057567344639,1.6144037709938823
O-6,Great Crested Flycatcher,2024,0.05721388575973723,7.938906291792238,8,0,Okefenokee,7.231057567344639,1.6144037709938823
O-7,Great Crested Flycatcher,2024,0.05721388575973723,11.529783790676364,11,0,Okefenokee,7.231057567344639,1.6144037709938823
O-8,Great Crested Flycatcher,2024,0.05721388575973723,7.791671626941777,8,0,Okefenokee,7.231057567344639,1.6144037709938823
R-1,Great Crested Flycatcher,2024,0.05721388575973723,6.444107947978478,6,4,Sansavilla,3.0859081342302734,0.7474604018008237
R-10,Great Crested Flycatcher,2024,0.05721388575973723,6.289717461894113,6,1,Sansavilla,3.0859081342302734,0.7474604018008237
R-11,Great Crested Flycatcher,2024,0.05721388575973723,1.1872843592397266,1,1,Sansavilla,3.0859081342302734,0.7474604018008237
R-12,Great Crested Flycatcher,2024,0.05721388575973723,1.0911484011810941,1,1,Sansavilla,3.0859081342302734,0.7474604018008237
R-13,Great Crested Flycatcher,2024,0.05721388575973723,1.087875924559677,1,0,Sansavilla,3.0859081342302734,0.7474604018008237
R-2,Great Crested Flycatcher,2024,0.05721388575973723,3.550547155853821,3,0,Sansavilla,3.0859081342302734,0.7474604018008237
R-3,Great Crested Flycatcher,2024,0.05721388575973723,1.3302328650960695,1,1,Sansavilla,3.0859081342302734,0.7474604018008237
R-6,Great Crested Flycatcher,2024,0.05721388575973723,0.08679330816831261,0,3,Sansavilla,3.0859081342302734,0.7474604018008237
R-7,Great Crested Flycatcher,2024,0.05721388575973723,4.391021529379218,4,1,Sansavilla,3.0859081342302734,0.7474604018008237
R-9,Great Crested Flycatcher,2024,0.05721388575973723,5.395778985805551,5,0,Sansavilla,3.0859081342302734,0.7474604018008237
M-1,Great Horned Owl,2024,0.03393758024329956,3.56034880752499e-6,0,4,Mine,2.9119044405992484e-5,0.0019199276338999715
M-10,Great Horned Owl,2024,0.03393758024329956,3.56034880752499e-6,0,5,Mine,2.9119044405992484e-5,0.0019199276338999715
M-11,Great Horned Owl,2024,0.03393758024329956,3.56034880752499e-6,0,2,Mine,2.9119044405992484e-5,0.0019199276338999715
M-12,Great Horned Owl,2024,0.03393758024329956,3.56034880752499e-6,0,3,Mine,2.9119044405992484e-5,0.0019199276338999715
M-2,Great Horned Owl,2024,0.03393758024329956,3.56034880752499e-6,0,6,Mine,2.9119044405992484e-5,0.0019199276338999715
M-5,Great Horned Owl,2024,0.03393758024329956,3.56034880752499e-6,0,6,Mine,2.9119044405992484e-5,0.0019199276338999715
M-6,Great Horned Owl,2024,0.03393758024329956,3.56034880752499e-6,0,6,Mine,2.9119044405992484e-5,0.0019199276338999715
M-7,Great Horned Owl,2024,0.03393758024329956,3.56034880752499e-6,0,5,Mine,2.9119044405992484e-5,0.0019199276338999715
M-9,Great Horned Owl,2024,0.03393758024329956,3.56034880752499e-6,0,3,Mine,2.9119044405992484e-5,0.0019199276338999715
O-1,Great Horned Owl,2024,0.03393758024329956,1.406319787155202,1,1,Okefenokee,0.9103080166687545,0.5162586953072735
O-2,Great Horned Owl,2024,0.03393758024329956,0.11641690918414102,0,1,Okefenokee,0.9103080166687545,0.5162586953072735
O-3,Great Horned Owl,2024,0.03393758024329956,0.18783269364716434,0,1,Okefenokee,0.9103080166687545,0.5162586953072735
O-4,Great Horned Owl,2024,0.03393758024329956,0.32115052652080994,0,1,Okefenokee,0.9103080166687545,0.5162586953072735
O-5,Great Horned Owl,2024,0.03393758024329956,1.230239217252606,1,0,Okefenokee,0.9103080166687545,0.5162586953072735
O-6,Great Horned Owl,2024,0.03393758024329956,2.7850802745453542,3,0,Okefenokee,0.9103080166687545,0.5162586953072735
O-7,Great Horned Owl,2024,0.03393758024329956,1.1188515460606034,1,0,Okefenokee,0.9103080166687545,0.5162586953072735
O-8,Great Horned Owl,2024,0.03393758024329956,0.11641690918414102,0,0,Okefenokee,0.9103080166687545,0.5162586953072735
R-1,Great Horned Owl,2024,0.03393758024329956,1.4822278033251185e-7,0,4,Sansavilla,1.2122704700617418e-6,3.7132897773890257e-4
R-10,Great Horned Owl,2024,0.03393758024329956,1.4822278033251185e-7,0,1,Sansavilla,1.2122704700617418e-6,3.7132897773890257e-4
R-11,Great Horned Owl,2024,0.03393758024329956,1.4822278033251185e-7,0,1,Sansavilla,1.2122704700617418e-6,3.7132897773890257e-4
R-12,Great Horned Owl,2024,0.03393758024329956,1.4822278033251185e-7,0,1,Sansavilla,1.2122704700617418e-6,3.7132897773890257e-4
R-13,Great Horned Owl,2024,0.03393758024329956,1.4822278033251185e-7,0,0,Sansavilla,1.2122704700617418e-6,3.7132897773890257e-4
R-2,Great Horned Owl,2024,0.03393758024329956,1.4822278033251185e-7,0,0,Sansavilla,1.2122704700617418e-6,3.7132897773890257e-4
R-3,Great Horned Owl,2024,0.03393758024329956,1.4822278033251185e-7,0,1,Sansavilla,1.2122704700617418e-6,3.7132897773890257e-4
R-6,Great Horned Owl,2024,0.03393758024329956,1.4822278033251185e-7,0,3,Sansavilla,1.2122704700617418e-6,3.7132897773890257e-4
R-7,Great Horned Owl,2024,0.03393758024329956,1.4822278033251185e-7,0,1,Sansavilla,1.2122704700617418e-6,3.7132897773890257e-4
R-9,Great Horned Owl,2024,0.03393758024329956,1.4822278033251185e-7,0,0,Sansavilla,1.2122704700617418e-6,3.7132897773890257e-4
M-1,Indigo Bunting,2024,0.13154379034996566,2.4383287893294066,2,4,Mine,1.8607625662814562,0.5036349061828959
M-10,Indigo Bunting,2024,0.13154379034996566,3.4794454362405835e-4,0,5,Mine,1.8607625662814562,0.5036349061828959
M-11,Indigo Bunting,2024,0.13154379034996566,1.2900420781539097,1,2,Mine,1.8607625662814562,0.5036349061828959
M-12,Indigo Bunting,2024,0.13154379034996566,1.0017675306463996,1,3,Mine,1.8607625662814562,0.5036349061828959
M-2,Indigo Bunting,2024,0.13154379034996566,3.4794454362405835e-4,0,6,Mine,1.8607625662814562,0.5036349061828959
M-5,Indigo Bunting,2024,0.13154379034996566,6.907922489334812,7,6,Mine,1.8607625662814562,0.5036349061828959
M-6,Indigo Bunting,2024,0.13154379034996566,1.0779945326890947,1,6,Mine,1.8607625662814562,0.5036349061828959
M-7,Indigo Bunting,2024,0.13154379034996566,4.028340703115566,4,5,Mine,1.8607625662814562,0.5036349061828959
M-9,Indigo Bunting,2024,0.13154379034996566,3.4794454362405835e-4,0,3,Mine,1.8607625662814562,0.5036349061828959
O-1,Indigo Bunting,2024,0.13154379034996566,1.0002085506652576,1,1,Okefenokee,0.8866475142278774,0.33509223362126717
O-2,Indigo Bunting,2024,0.13154379034996566,1.002080794571689,1,1,Okefenokee,0.8866475142278774,0.33509223362126717
O-3,Indigo Bunting,2024,0.13154379034996566,1.004368694336997,1,1,Okefenokee,0.8866475142278774,0.33509223362126717
O-4,Indigo Bunting,2024,0.13154379034996566,1.0597771615043947,1,1,Okefenokee,0.8866475142278774,0.33509223362126717
O-5,Indigo Bunting,2024,0.13154379034996566,1.0200370350085366,1,0,Okefenokee,0.8866475142278774,0.33509223362126717
O-6,Indigo Bunting,2024,0.13154379034996566,1.0009458615196802,1,0,Okefenokee,0.8866475142278774,0.33509223362126717
O-7,Indigo Bunting,2024,0.13154379034996566,1.9273871180171005e-4,0,0,Okefenokee,0.8866475142278774,0.33509223362126717
O-8,Indigo Bunting,2024,0.13154379034996566,1.0044708001717517,1,0,Okefenokee,0.8866475142278774,0.33509223362126717
R-1,Indigo Bunting,2024,0.13154379034996566,6.433883665795936,6,4,Sansavilla,17.916687715056373,1.771054244964504
R-10,Indigo Bunting,2024,0.13154379034996566,20.782369960774705,21,1,Sansavilla,17.916687715056373,1.771054244964504
R-11,Indigo Bunting,2024,0.13154379034996566,20.813831243958678,21,1,Sansavilla,17.916687715056373,1.771054244964504
R-12,Indigo Bunting,2024,0.13154379034996566,22.435032176260965,24,1,Sansavilla,17.916687715056373,1.771054244964504
R-13,Indigo Bunting,2024,0.13154379034996566,22.435032176260965,24,0,Sansavilla,17.916687715056373,1.771054244964504
R-2,Indigo Bunting,2024,0.13154379034996566,13.377745574479185,13,0,Sansavilla,17.916687715056373,1.771054244964504
R-3,Indigo Bunting,2024,0.13154379034996566,14.331166155003572,14,1,Sansavilla,17.916687715056373,1.771054244964504
R-6,Indigo Bunting,2024,0.13154379034996566,19.88669286101031,20,3,Sansavilla,17.916687715056373,1.771054244964504
R-7,Indigo Bunting,2024,0.13154379034996566,16.23456872569128,16,1,Sansavilla,17.916687715056373,1.771054244964504
R-9,Indigo Bunting,2024,0.13154379034996566,22.435032176260965,24,0,Sansavilla,17.916687715056373,1.771054244964504
M-1,Mississippi Kite,2024,0.010775360665894183,0.24581477449102884,0,4,Mine,0.4918501815373808,0.6290995435787793
M-10,Mississippi Kite,2024,0.010775360665894183,0.24581477449102884,0,5,Mine,0.4918501815373808,0.6290995435787793
M-11,Mississippi Kite,2024,0.010775360665894183,0.24581477449102884,0,2,Mine,0.4918501815373808,0.6290995435787793
M-12,Mississippi Kite,2024,0.010775360665894183,0.24581477449102884,0,3,Mine,0.4918501815373808,0.6290995435787793
M-2,Mississippi Kite,2024,0.010775360665894183,1.2500648043213036,1,6,Mine,0.4918501815373808,0.6290995435787793
M-5,Mississippi Kite,2024,0.010775360665894183,1.4564662691969812,1,6,Mine,0.4918501815373808,0.6290995435787793
M-6,Mississippi Kite,2024,0.010775360665894183,0.24581477449102884,0,6,Mine,0.4918501815373808,0.6290995435787793
M-7,Mississippi Kite,2024,0.010775360665894183,0.24581477449102884,0,5,Mine,0.4918501815373808,0.6290995435787793
M-9,Mississippi Kite,2024,0.010775360665894183,0.24581477449102884,0,3,Mine,0.4918501815373808,0.6290995435787793
O-1,Mississippi Kite,2024,0.010775360665894183,3.964049312163616e-5,0,1,Okefenokee,7.926156093143039e-5,0.005084339713862969
O-2,Mississippi Kite,2024,0.010775360665894183,3.964049312163616e-5,0,1,Okefenokee,7.926156093143039e-5,0.005084339713862969
O-3,Mississippi Kite,2024,0.010775360665894183,7.415359174880254e-5,0,1,Okefenokee,7.926156093143039e-5,0.005084339713862969
O-4,Mississippi Kite,2024,0.010775360665894183,7.901782220119187e-5,0,1,Okefenokee,7.926156093143039e-5,0.005084339713862969
O-5,Mississippi Kite,2024,0.010775360665894183,3.964049312163616e-5,0,0,Okefenokee,7.926156093143039e-5,0.005084339713862969
O-6,Mississippi Kite,2024,0.010775360665894183,3.964049312163616e-5,0,0,Okefenokee,7.926156093143039e-5,0.005084339713862969
O-7,Mississippi Kite,2024,0.010775360665894183,3.964049312163616e-5,0,0,Okefenokee,7.926156093143039e-5,0.005084339713862969
O-8,Mississippi Kite,2024,0.010775360665894183,3.964049312163616e-5,0,0,Okefenokee,7.926156093143039e-5,0.005084339713862969
R-1,Mississippi Kite,2024,0.010775360665894183,2.64341569907042e-5,0,4,Sansavilla,5.289204012080236e-5,0.0032520810089752697
R-10,Mississippi Kite,2024,0.010775360665894183,2.64341569907042e-5,0,1,Sansavilla,5.289204012080236e-5,0.0032520810089752697
R-11,Mississippi Kite,2024,0.010775360665894183,2.64341569907042e-5,0,1,Sansavilla,5.289204012080236e-5,0.0032520810089752697
R-12,Mississippi Kite,2024,0.010775360665894183,2.64341569907042e-5,0,1,Sansavilla,5.289204012080236e-5,0.0032520810089752697
R-13,Mississippi Kite,2024,0.010775360665894183,2.64341569907042e-5,0,0,Sansavilla,5.289204012080236e-5,0.0032520810089752697
R-2,Mississippi Kite,2024,0.010775360665894183,2.64341569907042e-5,0,0,Sansavilla,5.289204012080236e-5,0.0032520810089752697
R-3,Mississippi Kite,2024,0.010775360665894183,2.64341569907042e-5,0,1,Sansavilla,5.289204012080236e-5,0.0032520810089752697
R-6,Mississippi Kite,2024,0.010775360665894183,2.64341569907042e-5,0,3,Sansavilla,5.289204012080236e-5,0.0032520810089752697
R-7,Mississippi Kite,2024,0.010775360665894183,2.64341569907042e-5,0,1,Sansavilla,5.289204012080236e-5,0.0032520810089752697
R-9,Mississippi Kite,2024,0.010775360665894183,2.64341569907042e-5,0,0,Sansavilla,5.289204012080236e-5,0.0032520810089752697
M-1,Mourning Dove,2024,0.17883334307872867,3.5338661641479994,3,4,Mine,2.5620457189577026,0.6855301036478978
M-10,Mourning Dove,2024,0.17883334307872867,1.7362151852738854,2,5,Mine,2.5620457189577026,0.6855301036478978
M-11,Mourning Dove,2024,0.17883334307872867,5.640842831936523,6,2,Mine,2.5620457189577026,0.6855301036478978
M-12,Mourning Dove,2024,0.17883334307872867,1.180486201162281,1,3,Mine,2.5620457189577026,0.6855301036478978
M-2,Mourning Dove,2024,0.17883334307872867,5.307063633026544,5,6,Mine,2.5620457189577026,0.6855301036478978
M-5,Mourning Dove,2024,0.17883334307872867,2.1241589379420733,2,6,Mine,2.5620457189577026,0.6855301036478978
M-6,Mourning Dove,2024,0.17883334307872867,1.1983037874082314,1,6,Mine,2.5620457189577026,0.6855301036478978
M-7,Mourning Dove,2024,0.17883334307872867,1.3289827044717772,1,5,Mine,2.5620457189577026,0.6855301036478978
M-9,Mourning Dove,2024,0.17883334307872867,1.0001672906057337,1,3,Mine,2.5620457189577026,0.6855301036478978
O-1,Mourning Dove,2024,0.17883334307872867,11.337335616968199,11,1,Okefenokee,16.538820492207286,2.515376353212591
O-2,Mourning Dove,2024,0.17883334307872867,12.461156782665295,12,1,Okefenokee,16.538820492207286,2.515376353212591
O-3,Mourning Dove,2024,0.17883334307872867,14.168531273397514,14,1,Okefenokee,16.538820492207286,2.515376353212591
O-4,Mourning Dove,2024,0.17883334307872867,14.47177518352165,14,1,Okefenokee,16.538820492207286,2.515376353212591
O-5,Mourning Dove,2024,0.17883334307872867,20.29851521602228,20,0,Okefenokee,16.538820492207286,2.515376353212591
O-6,Mourning Dove,2024,0.17883334307872867,18.968636012861996,19,0,Okefenokee,16.538820492207286,2.515376353212591
O-7,Mourning Dove,2024,0.17883334307872867,20.29851521602228,20,0,Okefenokee,16.538820492207286,2.515376353212591
O-8,Mourning Dove,2024,0.17883334307872867,20.29851521602228,20,0,Okefenokee,16.538820492207286,2.515376353212591
R-1,Mourning Dove,2024,0.17883334307872867,3.627229032240807,4,4,Sansavilla,3.374798135220047,0.7566485861343065
R-10,Mourning Dove,2024,0.17883334307872867,2.2224965661685245,2,1,Sansavilla,3.374798135220047,0.7566485861343065
R-11,Mourning Dove,2024,0.17883334307872867,5.30428496985525,5,1,Sansavilla,3.374798135220047,0.7566485861343065
R-12,Mourning Dove,2024,0.17883334307872867,3.06463412009841,3,1,Sansavilla,3.374798135220047,0.7566485861343065
R-13,Mourning Dove,2024,0.17883334307872867,1.0121058657615414,1,0,Sansavilla,3.374798135220047,0.7566485861343065
R-2,Mourning Dove,2024,0.17883334307872867,3.4858139200431673,3,0,Sansavilla,3.374798135220047,0.7566485861343065
R-3,Mourning Dove,2024,0.17883334307872867,3.230817668915928,3,1,Sansavilla,3.374798135220047,0.7566485861343065
R-6,Mourning Dove,2024,0.17883334307872867,7.9659609225736325,8,3,Sansavilla,3.374798135220047,0.7566485861343065
R-7,Mourning Dove,2024,0.17883334307872867,1.9246092855844739,2,1,Sansavilla,3.374798135220047,0.7566485861343065
R-9,Mourning Dove,2024,0.17883334307872867,1.9191895832152468,2,0,Sansavilla,3.374798135220047,0.7566485861343065
M-1,Northern Bobwhite,2024,0.3512601417353959,1.1073351203270536,1,4,Mine,4.465425038693952,0.8437604305386647
M-10,Northern Bobwhite,2024,0.3512601417353959,6.379400923511489,6,5,Mine,4.465425038693952,0.8437604305386647
M-11,Northern Bobwhite,2024,0.3512601417353959,5.816092250797853,6,2,Mine,4.465425038693952,0.8437604305386647
M-12,Northern Bobwhite,2024,0.3512601417353959,5.362988774389555,5,3,Mine,4.465425038693952,0.8437604305386647
M-2,Northern Bobwhite,2024,0.3512601417353959,1.9823361004017002,2,6,Mine,4.465425038693952,0.8437604305386647
M-5,Northern Bobwhite,2024,0.3512601417353959,3.8138990422849632,4,6,Mine,4.465425038693952,0.8437604305386647
M-6,Northern Bobwhite,2024,0.3512601417353959,5.188480188264762,5,6,Mine,4.465425038693952,0.8437604305386647
M-7,Northern Bobwhite,2024,0.3512601417353959,5.607752818419638,5,5,Mine,4.465425038693952,0.8437604305386647
M-9,Northern Bobwhite,2024,0.3512601417353959,4.930183115322668,5,3,Mine,4.465425038693952,0.8437604305386647
O-1,Northern Bobwhite,2024,0.3512601417353959,6.923684534622937,7,1,Okefenokee,4.043930134544768,0.8394536624208238
O-2,Northern Bobwhite,2024,0.3512601417353959,5.601063383827438,5,1,Okefenokee,4.043930134544768,0.8394536624208238
O-3,Northern Bobwhite,2024,0.3512601417353959,3.1246334653872587,3,1,Okefenokee,4.043930134544768,0.8394536624208238
O-4,Northern Bobwhite,2024,0.3512601417353959,1.0006995030252643,1,1,Okefenokee,4.043930134544768,0.8394536624208238
O-5,Northern Bobwhite,2024,0.3512601417353959,3.8394017742189956,4,0,Okefenokee,4.043930134544768,0.8394536624208238
O-6,Northern Bobwhite,2024,0.3512601417353959,3.611980554009571,4,0,Okefenokee,4.043930134544768,0.8394536624208238
O-7,Northern Bobwhite,2024,0.3512601417353959,5.696838028337112,6,0,Okefenokee,4.043930134544768,0.8394536624208238
O-8,Northern Bobwhite,2024,0.3512601417353959,2.552745123869843,3,0,Okefenokee,4.043930134544768,0.8394536624208238
R-1,Northern Bobwhite,2024,0.3512601417353959,1.000122556568374,1,4,Sansavilla,1.694126075826377,0.4318432577667493
R-10,Northern Bobwhite,2024,0.3512601417353959,1.0518332975054447,1,1,Sansavilla,1.694126075826377,0.4318432577667493
R-11,Northern Bobwhite,2024,0.3512601417353959,3.193145382112567,3,1,Sansavilla,1.694126075826377,0.4318432577667493
R-12,Northern Bobwhite,2024,0.3512601417353959,3.094503100020238,3,1,Sansavilla,1.694126075826377,0.4318432577667493
R-13,Northern Bobwhite,2024,0.3512601417353959,1.0000398867666447,1,0,Sansavilla,1.694126075826377,0.4318432577667493
R-2,Northern Bobwhite,2024,0.3512601417353959,1.0069852021240895,1,0,Sansavilla,1.694126075826377,0.4318432577667493
R-3,Northern Bobwhite,2024,0.3512601417353959,1.018305509617022,1,1,Sansavilla,1.694126075826377,0.4318432577667493
R-6,Northern Bobwhite,2024,0.3512601417353959,2.0362753314188757,2,3,Sansavilla,1.694126075826377,0.4318432577667493
R-7,Northern Bobwhite,2024,0.3512601417353959,1.0019853117886892,1,1,Sansavilla,1.694126075826377,0.4318432577667493
R-9,Northern Bobwhite,2024,0.3512601417353959,2.5378057484006593,3,0,Sansavilla,1.694126075826377,0.4318432577667493
M-1,Northern Cardinal,2024,0.0860479161236985,1.6586176383556157,2,4,Mine,1.8472176342895148,0.5601298396700919
M-10,Northern Cardinal,2024,0.0860479161236985,1.00832393740025,1,5,Mine,1.8472176342895148,0.5601298396700919
M-11,Northern Cardinal,2024,0.0860479161236985,1.6858441317371062,2,2,Mine,1.8472176342895148,0.5601298396700919
M-12,Northern Cardinal,2024,0.0860479161236985,1.075141310268435,1,3,Mine,1.8472176342895148,0.5601298396700919
M-2,Northern Cardinal,2024,0.0860479161236985,5.181004884954894,5,6,Mine,1.8472176342895148,0.5601298396700919
M-5,Northern Cardinal,2024,0.0860479161236985,3.730794834580751,4,6,Mine,1.8472176342895148,0.5601298396700919
M-6,Northern Cardinal,2024,0.0860479161236985,1.008258268606424,1,6,Mine,1.8472176342895148,0.5601298396700919
M-7,Northern Cardinal,2024,0.0860479161236985,1.2693566946414334,1,5,Mine,1.8472176342895148,0.5601298396700919
M-9,Northern Cardinal,2024,0.0860479161236985,0.007836253141485424,0,3,Mine,1.8472176342895148,0.5601298396700919
O-1,Northern Cardinal,2024,0.0860479161236985,1.0222081647666836,1,1,Okefenokee,2.1625043854642225,0.6756259456762975
O-2,Northern Cardinal,2024,0.0860479161236985,0.010178387629233655,0,1,Okefenokee,2.1625043854642225,0.6756259456762975
O-3,Northern Cardinal,2024,0.0860479161236985,4.866913217087729,5,1,Okefenokee,2.1625043854642225,0.6756259456762975
O-4,Northern Cardinal,2024,0.0860479161236985,0.09030560627811016,0,1,Okefenokee,2.1625043854642225,0.6756259456762975
O-5,Northern Cardinal,2024,0.0860479161236985,1.560911263212204,1,0,Okefenokee,2.1625043854642225,0.6756259456762975
O-6,Northern Cardinal,2024,0.0860479161236985,3.1888326174094455,3,0,Okefenokee,2.1625043854642225,0.6756259456762975
O-7,Northern Cardinal,2024,0.0860479161236985,2.9625155129210543,3,0,Okefenokee,2.1625043854642225,0.6756259456762975
O-8,Northern Cardinal,2024,0.0860479161236985,3.598052303136215,3,0,Okefenokee,2.1625043854642225,0.6756259456762975
R-1,Northern Cardinal,2024,0.0860479161236985,1.4437170871925078,1,4,Sansavilla,3.4062927260062463,0.8781198888200569
R-10,Northern Cardinal,2024,0.0860479161236985,10.57924790971173,10,1,Sansavilla,3.4062927260062463,0.8781198888200569
R-11,Northern Cardinal,2024,0.0860479161236985,2.6326905435119334,3,1,Sansavilla,3.4062927260062463,0.8781198888200569
R-12,Northern Cardinal,2024,0.0860479161236985,1.8780187059387181,2,1,Sansavilla,3.4062927260062463,0.8781198888200569
R-13,Northern Cardinal,2024,0.0860479161236985,2.47993195026782,2,0,Sansavilla,3.4062927260062463,0.8781198888200569
R-2,Northern Cardinal,2024,0.0860479161236985,2.663291770540689,3,0,Sansavilla,3.4062927260062463,0.8781198888200569
R-3,Northern Cardinal,2024,0.0860479161236985,1.2473506067314275,1,1,Sansavilla,3.4062927260062463,0.8781198888200569
R-6,Northern Cardinal,2024,0.0860479161236985,3.907306930969395,4,3,Sansavilla,3.4062927260062463,0.8781198888200569
R-7,Northern Cardinal,2024,0.0860479161236985,3.5002304886017215,3,1,Sansavilla,3.4062927260062463,0.8781198888200569
R-9,Northern Cardinal,2024,0.0860479161236985,3.7315709466211784,4,0,Sansavilla,3.4062927260062463,0.8781198888200569
M-1,Northern Flicker,2024,0.13436297522732646,1.7159390198048307e-8,0,4,Mine,1.1458105689097088e-4,0.0035683631920735647
M-10,Northern Flicker,2024,0.13436297522732646,1.7159390198048307e-8,0,5,Mine,1.1458105689097088e-4,0.0035683631920735647
M-11,Northern Flicker,2024,0.13436297522732646,1.7159390198048307e-8,0,2,Mine,1.1458105689097088e-4,0.0035683631920735647
M-12,Northern Flicker,2024,0.13436297522732646,1.7159390198048307e-8,0,3,Mine,1.1458105689097088e-4,0.0035683631920735647
M-2,Northern Flicker,2024,0.13436297522732646,1.7159390198048307e-8,0,6,Mine,1.1458105689097088e-4,0.0035683631920735647
M-5,Northern Flicker,2024,0.13436297522732646,1.7159390198048307e-8,0,6,Mine,1.1458105689097088e-4,0.0035683631920735647
M-6,Northern Flicker,2024,0.13436297522732646,1.7159390198048307e-8,0,6,Mine,1.1458105689097088e-4,0.0035683631920735647
M-7,Northern Flicker,2024,0.13436297522732646,1.7159390198048307e-8,0,5,Mine,1.1458105689097088e-4,0.0035683631920735647
M-9,Northern Flicker,2024,0.13436297522732646,1.7159390198048307e-8,0,3,Mine,1.1458105689097088e-4,0.0035683631920735647
O-1,Northern Flicker,2024,0.13436297522732646,4.561407130744295,4,1,Okefenokee,3.9600556824756743,1.5145636995661944
O-2,Northern Flicker,2024,0.13436297522732646,3.3180553697845876,3,1,Okefenokee,3.9600556824756743,1.5145636995661944
O-3,Northern Flicker,2024,0.13436297522732646,1.1041655312916232,1,1,Okefenokee,3.9600556824756743,1.5145636995661944
O-4,Northern Flicker,2024,0.13436297522732646,1.5713196162220942,1,1,Okefenokee,3.9600556824756743,1.5145636995661944
O-5,Northern Flicker,2024,0.13436297522732646,6.883994709113687,7,0,Okefenokee,3.9600556824756743,1.5145636995661944
O-6,Northern Flicker,2024,0.13436297522732646,4.376811004979557,4,0,Okefenokee,3.9600556824756743,1.5145636995661944
O-7,Northern Flicker,2024,0.13436297522732646,3.811858494470913,4,0,Okefenokee,3.9600556824756743,1.5145636995661944
O-8,Northern Flicker,2024,0.13436297522732646,6.050748375140009,6,0,Okefenokee,3.9600556824756743,1.5145636995661944
R-1,Northern Flicker,2024,0.13436297522732646,6.037548640752654e-10,0,4,Sansavilla,4.031545971643953e-6,6.334890125012862e-4
R-10,Northern Flicker,2024,0.13436297522732646,6.037548640752654e-10,0,1,Sansavilla,4.031545971643953e-6,6.334890125012862e-4
R-11,Northern Flicker,2024,0.13436297522732646,6.037548640752654e-10,0,1,Sansavilla,4.031545971643953e-6,6.334890125012862e-4
R-12,Northern Flicker,2024,0.13436297522732646,6.037548640752654e-10,0,1,Sansavilla,4.031545971643953e-6,6.334890125012862e-4
R-13,Northern Flicker,2024,0.13436297522732646,6.037548640752654e-10,0,0,Sansavilla,4.031545971643953e-6,6.334890125012862e-4
R-2,Northern Flicker,2024,0.13436297522732646,6.037548640752654e-10,0,0,Sansavilla,4.031545971643953e-6,6.334890125012862e-4
R-3,Northern Flicker,2024,0.13436297522732646,6.037548640752654e-10,0,1,Sansavilla,4.031545971643953e-6,6.334890125012862e-4
R-6,Northern Flicker,2024,0.13436297522732646,6.037548640752654e-10,0,3,Sansavilla,4.031545971643953e-6,6.334890125012862e-4
R-7,Northern Flicker,2024,0.13436297522732646,6.037548640752654e-10,0,1,Sansavilla,4.031545971643953e-6,6.334890125012862e-4
R-9,Northern Flicker,2024,0.13436297522732646,6.037548640752654e-10,0,0,Sansavilla,4.031545971643953e-6,6.334890125012862e-4
M-1,Northern Mockingbird,2024,0.041541543202218735,0.06931391703473923,0,4,Mine,0.9021938993529254,0.3871262965555683
M-10,Northern Mockingbird,2024,0.041541543202218735,1.2610130833435709,1,5,Mine,0.9021938993529254,0.3871262965555683
M-11,Northern Mockingbird,2024,0.041541543202218735,2.9590506560228795,3,2,Mine,0.9021938993529254,0.3871262965555683
M-12,Northern Mockingbird,2024,0.041541543202218735,1.4820521513855551,1,3,Mine,0.9021938993529254,0.3871262965555683
M-2,Northern Mockingbird,2024,0.041541543202218735,0.06931391703473923,0,6,Mine,0.9021938993529254,0.3871262965555683
M-5,Northern Mockingbird,2024,0.041541543202218735,1.0700183727868913,1,6,Mine,0.9021938993529254,0.3871262965555683
M-6,Northern Mockingbird,2024,0.041541543202218735,0.06931391703473923,0,6,Mine,0.9021938993529254,0.3871262965555683
M-7,Northern Mockingbird,2024,0.041541543202218735,0.06931391703473923,0,5,Mine,0.9021938993529254,0.3871262965555683
M-9,Northern Mockingbird,2024,0.041541543202218735,1.070042937026033,1,3,Mine,0.9021938993529254,0.3871262965555683
O-1,Northern Mockingbird,2024,0.041541543202218735,1.150509539287912,1,1,Okefenokee,0.9230944920988194,0.41682604353996683
O-2,Northern Mockingbird,2024,0.041541543202218735,0.07375307104347868,0,1,Okefenokee,0.9230944920988194,0.41682604353996683
O-3,Northern Mockingbird,2024,0.041541543202218735,0.11419545242054704,0,1,Okefenokee,0.9230944920988194,0.41682604353996683
O-4,Northern Mockingbird,2024,0.041541543202218735,0.1736808518576163,0,1,Okefenokee,0.9230944920988194,0.41682604353996683
O-5,Northern Mockingbird,2024,0.041541543202218735,1.1540036548027572,1,0,Okefenokee,0.9230944920988194,0.41682604353996683
O-6,Northern Mockingbird,2024,0.041541543202218735,1.151236815944417,1,0,Okefenokee,0.9230944920988194,0.41682604353996683
O-7,Northern Mockingbird,2024,0.041541543202218735,0.07375307104347868,0,0,Okefenokee,0.9230944920988194,0.41682604353996683
O-8,Northern Mockingbird,2024,0.041541543202218735,3.4951004851945746,3,0,Okefenokee,0.9230944920988194,0.41682604353996683
R-1,Northern Mockingbird,2024,0.041541543202218735,4.531046648584261e-6,0,4,Sansavilla,5.8976361731042315e-5,0.0025272925588963654
R-10,Northern Mockingbird,2024,0.041541543202218735,4.531046648584261e-6,0,1,Sansavilla,5.8976361731042315e-5,0.0025272925588963654
R-11,Northern Mockingbird,2024,0.041541543202218735,4.531046648584261e-6,0,1,Sansavilla,5.8976361731042315e-5,0.0025272925588963654
R-12,Northern Mockingbird,2024,0.041541543202218735,4.531046648584261e-6,0,1,Sansavilla,5.8976361731042315e-5,0.0025272925588963654
R-13,Northern Mockingbird,2024,0.041541543202218735,4.531046648584261e-6,0,0,Sansavilla,5.8976361731042315e-5,0.0025272925588963654
R-2,Northern Mockingbird,2024,0.041541543202218735,4.531046648584261e-6,0,0,Sansavilla,5.8976361731042315e-5,0.0025272925588963654
R-3,Northern Mockingbird,2024,0.041541543202218735,4.531046648584261e-6,0,1,Sansavilla,5.8976361731042315e-5,0.0025272925588963654
R-6,Northern Mockingbird,2024,0.041541543202218735,4.531046648584261e-6,0,3,Sansavilla,5.8976361731042315e-5,0.0025272925588963654
R-7,Northern Mockingbird,2024,0.041541543202218735,4.531046648584261e-6,0,1,Sansavilla,5.8976361731042315e-5,0.0025272925588963654
R-9,Northern Mockingbird,2024,0.041541543202218735,4.531046648584261e-6,0,0,Sansavilla,5.8976361731042315e-5,0.0025272925588963654
M-1,Pileated Woodpecker,2024,0.03540323663167385,1.9395205551342625,2,4,Mine,1.7244496242604705,0.5838254337539496
M-10,Pileated Woodpecker,2024,0.03540323663167385,1.3701201235880722,1,5,Mine,1.7244496242604705,0.5838254337539496
M-11,Pileated Woodpecker,2024,0.03540323663167385,1.3639929297113362,1,2,Mine,1.7244496242604705,0.5838254337539496
M-12,Pileated Woodpecker,2024,0.03540323663167385,1.196256252372924,1,3,Mine,1.7244496242604705,0.5838254337539496
M-2,Pileated Woodpecker,2024,0.03540323663167385,4.007781767324538,4,6,Mine,1.7244496242604705,0.5838254337539496
M-5,Pileated Woodpecker,2024,0.03540323663167385,2.8864215311216506,3,6,Mine,1.7244496242604705,0.5838254337539496
M-6,Pileated Woodpecker,2024,0.03540323663167385,1.196256252372924,1,6,Mine,1.7244496242604705,0.5838254337539496
M-7,Pileated Woodpecker,2024,0.03540323663167385,1.3692103917858995,1,5,Mine,1.7244496242604705,0.5838254337539496
M-9,Pileated Woodpecker,2024,0.03540323663167385,0.19246666141104957,0,3,Mine,1.7244496242604705,0.5838254337539496
O-1,Pileated Woodpecker,2024,0.03540323663167385,6.397334834392919,6,1,Okefenokee,7.353074932939584,1.9795554001300069
O-2,Pileated Woodpecker,2024,0.03540323663167385,6.302173871330272,6,1,Okefenokee,7.353074932939584,1.9795554001300069
O-3,Pileated Woodpecker,2024,0.03540323663167385,8.466594433738319,8,1,Okefenokee,7.353074932939584,1.9795554001300069
O-4,Pileated Woodpecker,2024,0.03540323663167385,9.648491391879766,9,1,Okefenokee,7.353074932939584,1.9795554001300069
O-5,Pileated Woodpecker,2024,0.03540323663167385,4.617111755766935,4,0,Okefenokee,7.353074932939584,1.9795554001300069
O-6,Pileated Woodpecker,2024,0.03540323663167385,5.883952239214825,6,0,Okefenokee,7.353074932939584,1.9795554001300069
O-7,Pileated Woodpecker,2024,0.03540323663167385,3.3414047528835358,3,0,Okefenokee,7.353074932939584,1.9795554001300069
O-8,Pileated Woodpecker,2024,0.03540323663167385,14.152768581666416,14,0,Okefenokee,7.353074932939584,1.9795554001300069
R-1,Pileated Woodpecker,2024,0.03540323663167385,1.6342025467766337,1,4,Sansavilla,3.1488340676024418,0.9032565316015465
R-10,Pileated Woodpecker,2024,0.03540323663167385,4.481646968572432,4,1,Sansavilla,3.1488340676024418,0.9032565316015465
R-11,Pileated Woodpecker,2024,0.03540323663167385,1.6452808937744432,1,1,Sansavilla,3.1488340676024418,0.9032565316015465
R-12,Pileated Woodpecker,2024,0.03540323663167385,3.436001803982761,3,1,Sansavilla,3.1488340676024418,0.9032565316015465
R-13,Pileated Woodpecker,2024,0.03540323663167385,5.12025220800906,5,0,Sansavilla,3.1488340676024418,0.9032565316015465
R-2,Pileated Woodpecker,2024,0.03540323663167385,1.6322220524650835,1,0,Sansavilla,3.1488340676024418,0.9032565316015465
R-3,Pileated Woodpecker,2024,0.03540323663167385,1.3581215245424019,1,1,Sansavilla,3.1488340676024418,0.9032565316015465
R-6,Pileated Woodpecker,2024,0.03540323663167385,5.706898332049164,5,3,Sansavilla,3.1488340676024418,0.9032565316015465
R-7,Pileated Woodpecker,2024,0.03540323663167385,1.3563981004522956,1,1,Sansavilla,3.1488340676024418,0.9032565316015465
R-9,Pileated Woodpecker,2024,0.03540323663167385,5.10954999172962,5,0,Sansavilla,3.1488340676024418,0.9032565316015465
M-1,Prairie Warbler,2024,0.0779997857203103,2.792669512504223e-7,0,4,Mine,7.26868601763353e-5,0.0028474028355403897
M-10,Prairie Warbler,2024,0.0779997857203103,2.792669512504223e-7,0,5,Mine,7.26868601763353e-5,0.0028474028355403897
M-11,Prairie Warbler,2024,0.0779997857203103,2.792669512504223e-7,0,2,Mine,7.26868601763353e-5,0.0028474028355403897
M-12,Prairie Warbler,2024,0.0779997857203103,2.792669512504223e-7,0,3,Mine,7.26868601763353e-5,0.0028474028355403897
M-2,Prairie Warbler,2024,0.0779997857203103,2.792669512504223e-7,0,6,Mine,7.26868601763353e-5,0.0028474028355403897
M-5,Prairie Warbler,2024,0.0779997857203103,2.792669512504223e-7,0,6,Mine,7.26868601763353e-5,0.0028474028355403897
M-6,Prairie Warbler,2024,0.0779997857203103,2.792669512504223e-7,0,6,Mine,7.26868601763353e-5,0.0028474028355403897
M-7,Prairie Warbler,2024,0.0779997857203103,2.792669512504223e-7,0,5,Mine,7.26868601763353e-5,0.0028474028355403897
M-9,Prairie Warbler,2024,0.0779997857203103,2.792669512504223e-7,0,3,Mine,7.26868601763353e-5,0.0028474028355403897
O-1,Prairie Warbler,2024,0.0779997857203103,1.5273513149931454e-8,0,1,Okefenokee,3.911490586076465e-6,7.008287606049356e-4
O-2,Prairie Warbler,2024,0.0779997857203103,1.5273513149931454e-8,0,1,Okefenokee,3.911490586076465e-6,7.008287606049356e-4
O-3,Prairie Warbler,2024,0.0779997857203103,1.8819078488301054e-8,0,1,Okefenokee,3.911490586076465e-6,7.008287606049356e-4
O-4,Prairie Warbler,2024,0.0779997857203103,2.148458668752132e-8,0,1,Okefenokee,3.911490586076465e-6,7.008287606049356e-4
O-5,Prairie Warbler,2024,0.0779997857203103,1.5273513149931454e-8,0,0,Okefenokee,3.911490586076465e-6,7.008287606049356e-4
O-6,Prairie Warbler,2024,0.0779997857203103,1.5273513149931454e-8,0,0,Okefenokee,3.911490586076465e-6,7.008287606049356e-4
O-7,Prairie Warbler,2024,0.0779997857203103,1.5273513149931454e-8,0,0,Okefenokee,3.911490586076465e-6,7.008287606049356e-4
O-8,Prairie Warbler,2024,0.0779997857203103,1.5273513149931454e-8,0,0,Okefenokee,3.911490586076465e-6,7.008287606049356e-4
R-1,Prairie Warbler,2024,0.0779997857203103,6.999693583887405,7,4,Sansavilla,1.9442414821231877,0.5568180307294114
R-10,Prairie Warbler,2024,0.0779997857203103,0.007469883688605352,0,1,Sansavilla,1.9442414821231877,0.5568180307294114
R-11,Prairie Warbler,2024,0.0779997857203103,3.2906986658521786,3,1,Sansavilla,1.9442414821231877,0.5568180307294114
R-12,Prairie Warbler,2024,0.0779997857203103,1.0098214529116847,1,1,Sansavilla,1.9442414821231877,0.5568180307294114
R-13,Prairie Warbler,2024,0.0779997857203103,2.1260987482082947,2,0,Sansavilla,1.9442414821231877,0.5568180307294114
R-2,Prairie Warbler,2024,0.0779997857203103,1.0793839066927902,1,0,Sansavilla,1.9442414821231877,0.5568180307294114
R-3,Prairie Warbler,2024,0.0779997857203103,1.1924834588227737,1,1,Sansavilla,1.9442414821231877,0.5568180307294114
R-6,Prairie Warbler,2024,0.0779997857203103,1.0161184011172906,1,3,Sansavilla,1.9442414821231877,0.5568180307294114
R-7,Prairie Warbler,2024,0.0779997857203103,0.007469883688605352,0,1,Sansavilla,1.9442414821231877,0.5568180307294114
R-9,Prairie Warbler,2024,0.0779997857203103,2.710902814902612,3,0,Sansavilla,1.9442414821231877,0.5568180307294114
M-1,Purple Martin,2024,5.880364953019754e-4,13.111141957991075,13,4,Mine,12.556898292001195,12.234494640399502
M-10,Purple Martin,2024,5.880364953019754e-4,12.112758564060545,12,5,Mine,12.556898292001195,12.234494640399502
M-11,Purple Martin,2024,5.880364953019754e-4,12.112758564060545,12,2,Mine,12.556898292001195,12.234494640399502
M-12,Purple Martin,2024,5.880364953019754e-4,13.113764110272491,13,3,Mine,12.556898292001195,12.234494640399502
M-2,Purple Martin,2024,5.880364953019754e-4,13.109329595868518,13,6,Mine,12.556898292001195,12.234494640399502
M-5,Purple Martin,2024,5.880364953019754e-4,12.112758564060545,12,6,Mine,12.556898292001195,12.234494640399502
M-6,Purple Martin,2024,5.880364953019754e-4,13.11364492925758,13,6,Mine,12.556898292001195,12.234494640399502
M-7,Purple Martin,2024,5.880364953019754e-4,12.112758564060545,12,5,Mine,12.556898292001195,12.234494640399502
M-9,Purple Martin,2024,5.880364953019754e-4,12.112758564060545,12,3,Mine,12.556898292001195,12.234494640399502
O-1,Purple Martin,2024,5.880364953019754e-4,8.326948232849455e-4,0,1,Okefenokee,8.61931055700083e-4,0.05827017662807653
O-2,Purple Martin,2024,5.880364953019754e-4,8.326948232849455e-4,0,1,Okefenokee,8.61931055700083e-4,0.05827017662807653
O-3,Purple Martin,2024,5.880364953019754e-4,8.358401318047051e-4,0,1,Okefenokee,8.61931055700083e-4,0.05827017662807653
O-4,Purple Martin,2024,5.880364953019754e-4,8.445812119671176e-4,0,1,Okefenokee,8.61931055700083e-4,0.05827017662807653
O-5,Purple Martin,2024,5.880364953019754e-4,8.326948232849455e-4,0,0,Okefenokee,8.61931055700083e-4,0.05827017662807653
O-6,Purple Martin,2024,5.880364953019754e-4,8.326948232849455e-4,0,0,Okefenokee,8.61931055700083e-4,0.05827017662807653
O-7,Purple Martin,2024,5.880364953019754e-4,8.326948232849455e-4,0,0,Okefenokee,8.61931055700083e-4,0.05827017662807653
O-8,Purple Martin,2024,5.880364953019754e-4,8.326948232849455e-4,0,0,Okefenokee,8.61931055700083e-4,0.05827017662807653
R-1,Purple Martin,2024,5.880364953019754e-4,8.328620852257805e-4,0,4,Sansavilla,8.630303023431522e-4,0.049697598112667295
R-10,Purple Martin,2024,5.880364953019754e-4,8.328620852257805e-4,0,1,Sansavilla,8.630303023431522e-4,0.049697598112667295
R-11,Purple Martin,2024,5.880364953019754e-4,8.328620852257805e-4,0,1,Sansavilla,8.630303023431522e-4,0.049697598112667295
R-12,Purple Martin,2024,5.880364953019754e-4,8.328620852257805e-4,0,1,Sansavilla,8.630303023431522e-4,0.049697598112667295
R-13,Purple Martin,2024,5.880364953019754e-4,8.328620852257805e-4,0,0,Sansavilla,8.630303023431522e-4,0.049697598112667295
R-2,Purple Martin,2024,5.880364953019754e-4,8.328620852257805e-4,0,0,Sansavilla,8.630303023431522e-4,0.049697598112667295
R-3,Purple Martin,2024,5.880364953019754e-4,8.328620852257805e-4,0,1,Sansavilla,8.630303023431522e-4,0.049697598112667295
R-6,Purple Martin,2024,5.880364953019754e-4,8.328620852257805e-4,0,3,Sansavilla,8.630303023431522e-4,0.049697598112667295
R-7,Purple Martin,2024,5.880364953019754e-4,8.328620852257805e-4,0,1,Sansavilla,8.630303023431522e-4,0.049697598112667295
R-9,Purple Martin,2024,5.880364953019754e-4,8.328620852257805e-4,0,0,Sansavilla,8.630303023431522e-4,0.049697598112667295
M-1,Red-bellied Woodpecker,2024,0.03333278565815468,2.2959496448603107,2,4,Mine,1.5973451250756963,0.539589320310093
M-10,Red-bellied Woodpecker,2024,0.03333278565815468,1.382877028451099,1,5,Mine,1.5973451250756963,0.539589320310093
M-11,Red-bellied Woodpecker,2024,0.03333278565815468,1.3871043781686083,1,2,Mine,1.5973451250756963,0.539589320310093
M-12,Red-bellied Woodpecker,2024,0.03333278565815468,0.20366189421915556,0,3,Mine,1.5973451250756963,0.539589320310093
M-2,Red-bellied Woodpecker,2024,0.03333278565815468,3.2114238253755523,3,6,Mine,1.5973451250756963,0.539589320310093
M-5,Red-bellied Woodpecker,2024,0.03333278565815468,1.3833631016602452,1,6,Mine,1.5973451250756963,0.539589320310093
M-6,Red-bellied Woodpecker,2024,0.03333278565815468,1.6462477575916215,1,6,Mine,1.5973451250756963,0.539589320310093
M-7,Red-bellied Woodpecker,2024,0.03333278565815468,1.658636753356276,1,5,Mine,1.5973451250756963,0.539589320310093
M-9,Red-bellied Woodpecker,2024,0.03333278565815468,1.206857785451723,1,3,Mine,1.5973451250756963,0.539589320310093
O-1,Red-bellied Woodpecker,2024,0.03333278565815468,14.445651163670949,14,1,Okefenokee,15.42731188714911,2.7910409859319443
O-2,Red-bellied Woodpecker,2024,0.03333278565815468,21.86403511636903,23,1,Okefenokee,15.42731188714911,2.7910409859319443
O-3,Red-bellied Woodpecker,2024,0.03333278565815468,13.416659752895551,13,1,Okefenokee,15.42731188714911,2.7910409859319443
O-4,Red-bellied Woodpecker,2024,0.03333278565815468,17.170935887212114,17,1,Okefenokee,15.42731188714911,2.7910409859319443
O-5,Red-bellied Woodpecker,2024,0.03333278565815468,15.121779379229249,15,0,Okefenokee,15.42731188714911,2.7910409859319443
O-6,Red-bellied Woodpecker,2024,0.03333278565815468,7.763109448888369,7,0,Okefenokee,15.42731188714911,2.7910409859319443
O-7,Red-bellied Woodpecker,2024,0.03333278565815468,18.526056284599708,18,0,Okefenokee,15.42731188714911,2.7910409859319443
O-8,Red-bellied Woodpecker,2024,0.03333278565815468,15.110311219507691,15,0,Okefenokee,15.42731188714911,2.7910409859319443
R-1,Red-bellied Woodpecker,2024,0.03333278565815468,1.4817307073229045,1,4,Sansavilla,2.0404024672770613,0.601563179708551
R-10,Red-bellied Woodpecker,2024,0.03333278565815468,3.1331225923387374,3,1,Sansavilla,2.0404024672770613,0.601563179708551
R-11,Red-bellied Woodpecker,2024,0.03333278565815468,4.338374229743134,4,1,Sansavilla,2.0404024672770613,0.601563179708551
R-12,Red-bellied Woodpecker,2024,0.03333278565815468,1.2661395944265563,1,1,Sansavilla,2.0404024672770613,0.601563179708551
R-13,Red-bellied Woodpecker,2024,0.03333278565815468,0.26015181373868246,0,0,Sansavilla,2.0404024672770613,0.601563179708551
R-2,Red-bellied Woodpecker,2024,0.03333278565815468,1.2639781285394416,1,0,Sansavilla,2.0404024672770613,0.601563179708551
R-3,Red-bellied Woodpecker,2024,0.03333278565815468,1.2661395944265563,1,1,Sansavilla,2.0404024672770613,0.601563179708551
R-6,Red-bellied Woodpecker,2024,0.03333278565815468,2.1346253496871483,2,3,Sansavilla,2.0404024672770613,0.601563179708551
R-7,Red-bellied Woodpecker,2024,0.03333278565815468,3.1307986050840317,3,1,Sansavilla,2.0404024672770613,0.601563179708551
R-9,Red-bellied Woodpecker,2024,0.03333278565815468,2.128952443467465,2,0,Sansavilla,2.0404024672770613,0.601563179708551
M-1,Red-cockaded Woodpecker,2024,0.1611410726522709,6.689340920269844e-10,0,4,Mine,2.9873663810602826e-5,0.0018219199900437195
M-10,Red-cockaded Woodpecker,2024,0.1611410726522709,6.689340920269844e-10,0,5,Mine,2.9873663810602826e-5,0.0018219199900437195
M-11,Red-cockaded Woodpecker,2024,0.1611410726522709,6.689340920269844e-10,0,2,Mine,2.9873663810602826e-5,0.0018219199900437195
M-12,Red-cockaded Woodpecker,2024,0.1611410726522709,6.689340920269844e-10,0,3,Mine,2.9873663810602826e-5,0.0018219199900437195
M-2,Red-cockaded Woodpecker,2024,0.1611410726522709,6.689340920269844e-10,0,6,Mine,2.9873663810602826e-5,0.0018219199900437195
M-5,Red-cockaded Woodpecker,2024,0.1611410726522709,6.689340920269844e-10,0,6,Mine,2.9873663810602826e-5,0.0018219199900437195
M-6,Red-cockaded Woodpecker,2024,0.1611410726522709,6.689340920269844e-10,0,6,Mine,2.9873663810602826e-5,0.0018219199900437195
M-7,Red-cockaded Woodpecker,2024,0.1611410726522709,6.689340920269844e-10,0,5,Mine,2.9873663810602826e-5,0.0018219199900437195
M-9,Red-cockaded Woodpecker,2024,0.1611410726522709,6.689340920269844e-10,0,3,Mine,2.9873663810602826e-5,0.0018219199900437195
O-1,Red-cockaded Woodpecker,2024,0.1611410726522709,1.000235917017734,1,1,Okefenokee,3.5641559906690032,0.8448233696495584
O-2,Red-cockaded Woodpecker,2024,0.1611410726522709,2.033633696047846,2,1,Okefenokee,3.5641559906690032,0.8448233696495584
O-3,Red-cockaded Woodpecker,2024,0.1611410726522709,2.5454878424258762,2,1,Okefenokee,3.5641559906690032,0.8448233696495584
O-4,Red-cockaded Woodpecker,2024,0.1611410726522709,1.1579924920371447,1,1,Okefenokee,3.5641559906690032,0.8448233696495584
O-5,Red-cockaded Woodpecker,2024,0.1611410726522709,1.027424554299859,1,0,Okefenokee,3.5641559906690032,0.8448233696495584
O-6,Red-cockaded Woodpecker,2024,0.1611410726522709,5.123978676914847,5,0,Okefenokee,3.5641559906690032,0.8448233696495584
O-7,Red-cockaded Woodpecker,2024,0.1611410726522709,3.2643581735014706,3,0,Okefenokee,3.5641559906690032,0.8448233696495584
O-8,Red-cockaded Woodpecker,2024,0.1611410726522709,12.360190591110946,12,0,Okefenokee,3.5641559906690032,0.8448233696495584
R-1,Red-cockaded Woodpecker,2024,0.1611410726522709,3.34242477486989e-11,0,4,Sansavilla,1.4926802988038629e-6,3.864221847081371e-4
R-10,Red-cockaded Woodpecker,2024,0.1611410726522709,3.34242477486989e-11,0,1,Sansavilla,1.4926802988038629e-6,3.864221847081371e-4
R-11,Red-cockaded Woodpecker,2024,0.1611410726522709,3.34242477486989e-11,0,1,Sansavilla,1.4926802988038629e-6,3.864221847081371e-4
R-12,Red-cockaded Woodpecker,2024,0.1611410726522709,3.34242477486989e-11,0,1,Sansavilla,1.4926802988038629e-6,3.864221847081371e-4
R-13,Red-cockaded Woodpecker,2024,0.1611410726522709,3.34242477486989e-11,0,0,Sansavilla,1.4926802988038629e-6,3.864221847081371e-4
R-2,Red-cockaded Woodpecker,2024,0.1611410726522709,3.34242477486989e-11,0,0,Sansavilla,1.4926802988038629e-6,3.864221847081371e-4
R-3,Red-cockaded Woodpecker,2024,0.1611410726522709,3.34242477486989e-11,0,1,Sansavilla,1.4926802988038629e-6,3.864221847081371e-4
R-6,Red-cockaded Woodpecker,2024,0.1611410726522709,3.34242477486989e-11,0,3,Sansavilla,1.4926802988038629e-6,3.864221847081371e-4
R-7,Red-cockaded Woodpecker,2024,0.1611410726522709,3.34242477486989e-11,0,1,Sansavilla,1.4926802988038629e-6,3.864221847081371e-4
R-9,Red-cockaded Woodpecker,2024,0.1611410726522709,3.34242477486989e-11,0,0,Sansavilla,1.4926802988038629e-6,3.864221847081371e-4
M-1,Red-headed Woodpecker,2024,0.1143873241649688,1.0005942128608312,1,4,Mine,0.44500974351578804,0.22250505522664143
M-10,Red-headed Woodpecker,2024,0.1143873241649688,1.0026671053547183,1,5,Mine,0.44500974351578804,0.22250505522664143
M-11,Red-headed Woodpecker,2024,0.1143873241649688,2.566254410898638e-4,0,2,Mine,0.44500974351578804,0.22250505522664143
M-12,Red-headed Woodpecker,2024,0.1143873241649688,1.000273540983478,1,3,Mine,0.44500974351578804,0.22250505522664143
M-2,Red-headed Woodpecker,2024,0.1143873241649688,2.566254410898638e-4,0,6,Mine,0.44500974351578804,0.22250505522664143
M-5,Red-headed Woodpecker,2024,0.1143873241649688,2.566254410898638e-4,0,6,Mine,0.44500974351578804,0.22250505522664143
M-6,Red-headed Woodpecker,2024,0.1143873241649688,2.566254410898638e-4,0,6,Mine,0.44500974351578804,0.22250505522664143
M-7,Red-headed Woodpecker,2024,0.1143873241649688,1.0002740352609292,1,5,Mine,0.44500974351578804,0.22250505522664143
M-9,Red-headed Woodpecker,2024,0.1143873241649688,2.566254410898638e-4,0,3,Mine,0.44500974351578804,0.22250505522664143
O-1,Red-headed Woodpecker,2024,0.1143873241649688,22.73294302655157,25,1,Okefenokee,20.587439401012645,1.842036191560548
O-2,Red-headed Woodpecker,2024,0.1143873241649688,22.126724152367967,23,1,Okefenokee,20.587439401012645,1.842036191560548
O-3,Red-headed Woodpecker,2024,0.1143873241649688,22.063105465083556,23,1,Okefenokee,20.587439401012645,1.842036191560548
O-4,Red-headed Woodpecker,2024,0.1143873241649688,7.837781808720008,7,1,Okefenokee,20.587439401012645,1.842036191560548
O-5,Red-headed Woodpecker,2024,0.1143873241649688,23.397080126312737,25,0,Okefenokee,20.587439401012645,1.842036191560548
O-6,Red-headed Woodpecker,2024,0.1143873241649688,23.397080126312737,25,0,Okefenokee,20.587439401012645,1.842036191560548
O-7,Red-headed Woodpecker,2024,0.1143873241649688,19.747762014730334,20,0,Okefenokee,20.587439401012645,1.842036191560548
O-8,Red-headed Woodpecker,2024,0.1143873241649688,23.397080126312737,25,0,Okefenokee,20.587439401012645,1.842036191560548
R-1,Red-headed Woodpecker,2024,0.1143873241649688,1.000722478010638,1,4,Sansavilla,1.1673463941788293,0.35778921827119675
R-10,Red-headed Woodpecker,2024,0.1143873241649688,6.731780318876906e-4,0,1,Sansavilla,1.1673463941788293,0.35778921827119675
R-11,Red-headed Woodpecker,2024,0.1143873241649688,3.371529878963985,3,1,Sansavilla,1.1673463941788293,0.35778921827119675
R-12,Red-headed Woodpecker,2024,0.1143873241649688,1.0006976810195907,1,1,Sansavilla,1.1673463941788293,0.35778921827119675
R-13,Red-headed Woodpecker,2024,0.1143873241649688,1.0007241283716908,1,0,Sansavilla,1.1673463941788293,0.35778921827119675
R-2,Red-headed Woodpecker,2024,0.1143873241649688,6.731780318876906e-4,0,0,Sansavilla,1.1673463941788293,0.35778921827119675
R-3,Red-headed Woodpecker,2024,0.1143873241649688,1.0007238627603845,1,1,Sansavilla,1.1673463941788293,0.35778921827119675
R-6,Red-headed Woodpecker,2024,0.1143873241649688,6.731780318876906e-4,0,3,Sansavilla,1.1673463941788293,0.35778921827119675
R-7,Red-headed Woodpecker,2024,0.1143873241649688,3.2333490788536663,3,1,Sansavilla,1.1673463941788293,0.35778921827119675
R-9,Red-headed Woodpecker,2024,0.1143873241649688,1.0636905837940815,1,0,Sansavilla,1.1673463941788293,0.35778921827119675
M-1,Red-shouldered Hawk,2024,0.05389307834833759,3.0544134677009,3,4,Mine,3.187259521648582,0.8753950797038329
M-10,Red-shouldered Hawk,2024,0.05389307834833759,7.0262381403707765,7,5,Mine,3.187259521648582,0.8753950797038329
M-11,Red-shouldered Hawk,2024,0.05389307834833759,1.1119936111107576,1,2,Mine,3.187259521648582,0.8753950797038329
M-12,Red-shouldered Hawk,2024,0.05389307834833759,2.2503745231741976,2,3,Mine,3.187259521648582,0.8753950797038329
M-2,Red-shouldered Hawk,2024,0.05389307834833759,6.772568941281412,7,6,Mine,3.187259521648582,0.8753950797038329
M-5,Red-shouldered Hawk,2024,0.05389307834833759,2.523800602897615,2,6,Mine,3.187259521648582,0.8753950797038329
M-6,Red-shouldered Hawk,2024,0.05389307834833759,3.5848560727467755,3,6,Mine,3.187259521648582,0.8753950797038329
M-7,Red-shouldered Hawk,2024,0.05389307834833759,2.2521078065479623,2,5,Mine,3.187259521648582,0.8753950797038329
M-9,Red-shouldered Hawk,2024,0.05389307834833759,0.10904008353767239,0,3,Mine,3.187259521648582,0.8753950797038329
O-1,Red-shouldered Hawk,2024,0.05389307834833759,1.4075257003749215,1,1,Okefenokee,3.1095249996103913,0.8930157528641837
O-2,Red-shouldered Hawk,2024,0.05389307834833759,4.941096024231947,5,1,Okefenokee,3.1095249996103913,0.8930157528641837
O-3,Red-shouldered Hawk,2024,0.05389307834833759,3.3859771240938565,3,1,Okefenokee,3.1095249996103913,0.8930157528641837
O-4,Red-shouldered Hawk,2024,0.05389307834833759,7.538894529877957,7,1,Okefenokee,3.1095249996103913,0.8930157528641837
O-5,Red-shouldered Hawk,2024,0.05389307834833759,1.115515995129836,1,0,Okefenokee,3.1095249996103913,0.8930157528641837
O-6,Red-shouldered Hawk,2024,0.05389307834833759,1.9754664333298262,2,0,Okefenokee,3.1095249996103913,0.8930157528641837
O-7,Red-shouldered Hawk,2024,0.05389307834833759,1.971704940837595,2,0,Okefenokee,3.1095249996103913,0.8930157528641837
O-8,Red-shouldered Hawk,2024,0.05389307834833759,2.540010101876454,2,0,Okefenokee,3.1095249996103913,0.8930157528641837
R-1,Red-shouldered Hawk,2024,0.05389307834833759,2.0269894595453852,2,4,Sansavilla,2.1112034697380135,0.6152004792345742
R-10,Red-shouldered Hawk,2024,0.05389307834833759,4.4834458475933285,4,1,Sansavilla,2.1112034697380135,0.6152004792345742
R-11,Red-shouldered Hawk,2024,0.05389307834833759,1.1470331221354553,1,1,Sansavilla,2.1112034697380135,0.6152004792345742
R-12,Red-shouldered Hawk,2024,0.05389307834833759,1.0741768669125453,1,1,Sansavilla,2.1112034697380135,0.6152004792345742
R-13,Red-shouldered Hawk,2024,0.05389307834833759,1.27781666760078,1,0,Sansavilla,2.1112034697380135,0.6152004792345742
R-2,Red-shouldered Hawk,2024,0.05389307834833759,1.7460725928185539,2,0,Sansavilla,2.1112034697380135,0.6152004792345742
R-3,Red-shouldered Hawk,2024,0.05389307834833759,1.4826694990491407,1,1,Sansavilla,2.1112034697380135,0.6152004792345742
R-6,Red-shouldered Hawk,2024,0.05389307834833759,1.1480232859979858,1,3,Sansavilla,2.1112034697380135,0.6152004792345742
R-7,Red-shouldered Hawk,2024,0.05389307834833759,1.7496359715536696,2,1,Sansavilla,2.1112034697380135,0.6152004792345742
R-9,Red-shouldered Hawk,2024,0.05389307834833759,4.976071391939123,5,0,Sansavilla,2.1112034697380135,0.6152004792345742
M-1,Summer Tanager,2024,0.039454698679487865,4.9279638902560515e-6,0,4,Mine,5.584058578253157e-5,0.0026086111586174844
M-10,Summer Tanager,2024,0.039454698679487865,4.9279638902560515e-6,0,5,Mine,5.584058578253157e-5,0.0026086111586174844
M-11,Summer Tanager,2024,0.039454698679487865,4.9279638902560515e-6,0,2,Mine,5.584058578253157e-5,0.0026086111586174844
M-12,Summer Tanager,2024,0.039454698679487865,4.9279638902560515e-6,0,3,Mine,5.584058578253157e-5,0.0026086111586174844
M-2,Summer Tanager,2024,0.039454698679487865,4.9279638902560515e-6,0,6,Mine,5.584058578253157e-5,0.0026086111586174844
M-5,Summer Tanager,2024,0.039454698679487865,4.9279638902560515e-6,0,6,Mine,5.584058578253157e-5,0.0026086111586174844
M-6,Summer Tanager,2024,0.039454698679487865,4.9279638902560515e-6,0,6,Mine,5.584058578253157e-5,0.0026086111586174844
M-7,Summer Tanager,2024,0.039454698679487865,4.9279638902560515e-6,0,5,Mine,5.584058578253157e-5,0.0026086111586174844
M-9,Summer Tanager,2024,0.039454698679487865,4.9279638902560515e-6,0,3,Mine,5.584058578253157e-5,0.0026086111586174844
O-1,Summer Tanager,2024,0.039454698679487865,3.0812545463854597e-7,0,1,Okefenokee,3.3313783259898364e-6,6.812968211290324e-4
O-2,Summer Tanager,2024,0.039454698679487865,3.0812545463854597e-7,0,1,Okefenokee,3.3313783259898364e-6,6.812968211290324e-4
O-3,Summer Tanager,2024,0.039454698679487865,3.606397872953633e-7,0,1,Okefenokee,3.3313783259898364e-6,6.812968211290324e-4
O-4,Summer Tanager,2024,0.039454698679487865,5.335718247180178e-7,0,1,Okefenokee,3.3313783259898364e-6,6.812968211290324e-4
O-5,Summer Tanager,2024,0.039454698679487865,3.0812545463854597e-7,0,0,Okefenokee,3.3313783259898364e-6,6.812968211290324e-4
O-6,Summer Tanager,2024,0.039454698679487865,3.0812545463854597e-7,0,0,Okefenokee,3.3313783259898364e-6,6.812968211290324e-4
O-7,Summer Tanager,2024,0.039454698679487865,3.0812545463854597e-7,0,0,Okefenokee,3.3313783259898364e-6,6.812968211290324e-4
O-8,Summer Tanager,2024,0.039454698679487865,3.0812545463854597e-7,0,0,Okefenokee,3.3313783259898364e-6,6.812968211290324e-4
R-1,Summer Tanager,2024,0.039454698679487865,2.1190878060464917,2,4,Sansavilla,2.717826031762919,1.0133436738656993
R-10,Summer Tanager,2024,0.039454698679487865,1.2483982802785858,1,1,Sansavilla,2.717826031762919,1.0133436738656993
R-11,Summer Tanager,2024,0.039454698679487865,2.7971048005861103,3,1,Sansavilla,2.717826031762919,1.0133436738656993
R-12,Summer Tanager,2024,0.039454698679487865,2.0860287198455425,2,1,Sansavilla,2.717826031762919,1.0133436738656993
R-13,Summer Tanager,2024,0.039454698679487865,1.4519113226614282,1,0,Sansavilla,2.717826031762919,1.0133436738656993
R-2,Summer Tanager,2024,0.039454698679487865,1.248417299262771,1,0,Sansavilla,2.717826031762919,1.0133436738656993
R-3,Summer Tanager,2024,0.039454698679487865,2.116380091828602,2,1,Sansavilla,2.717826031762919,1.0133436738656993
R-6,Summer Tanager,2024,0.039454698679487865,1.7282954588417647,1,3,Sansavilla,2.717826031762919,1.0133436738656993
R-7,Summer Tanager,2024,0.039454698679487865,6.947142181080817,7,1,Sansavilla,2.717826031762919,1.0133436738656993
R-9,Summer Tanager,2024,0.039454698679487865,5.435660496271382,5,0,Sansavilla,2.717826031762919,1.0133436738656993
M-1,Swallow-tailed Kite,2024,0.009370068784726243,1.5361561159558725,1,4,Mine,0.9524701453266277,1.0300063783003186
M-10,Swallow-tailed Kite,2024,0.009370068784726243,0.5327526512998555,0,5,Mine,0.9524701453266277,1.0300063783003186
M-11,Swallow-tailed Kite,2024,0.009370068784726243,0.5327526512998555,0,2,Mine,0.9524701453266277,1.0300063783003186
M-12,Swallow-tailed Kite,2024,0.009370068784726243,0.5327526512998555,0,3,Mine,0.9524701453266277,1.0300063783003186
M-2,Swallow-tailed Kite,2024,0.009370068784726243,0.5327526512998555,0,6,Mine,0.9524701453266277,1.0300063783003186
M-5,Swallow-tailed Kite,2024,0.009370068784726243,2.3027911853935352,2,6,Mine,0.9524701453266277,1.0300063783003186
M-6,Swallow-tailed Kite,2024,0.009370068784726243,1.5363349224689036,1,6,Mine,0.9524701453266277,1.0300063783003186
M-7,Swallow-tailed Kite,2024,0.009370068784726243,0.5327526512998555,0,5,Mine,0.9524701453266277,1.0300063783003186
M-9,Swallow-tailed Kite,2024,0.009370068784726243,0.5327526512998555,0,3,Mine,0.9524701453266277,1.0300063783003186
O-1,Swallow-tailed Kite,2024,0.009370068784726243,2.1403017451718602,2,1,Okefenokee,1.2657715276318386,1.4493022531732114
O-2,Swallow-tailed Kite,2024,0.009370068784726243,0.7150698652686114,0,1,Okefenokee,1.2657715276318386,1.4493022531732114
O-3,Swallow-tailed Kite,2024,0.009370068784726243,0.9148829169976085,0,1,Okefenokee,1.2657715276318386,1.4493022531732114
O-4,Swallow-tailed Kite,2024,0.009370068784726243,1.0677758246125695,1,1,Okefenokee,1.2657715276318386,1.4493022531732114
O-5,Swallow-tailed Kite,2024,0.009370068784726243,0.7150698652686114,0,0,Okefenokee,1.2657715276318386,1.4493022531732114
O-6,Swallow-tailed Kite,2024,0.009370068784726243,2.1397275877780952,2,0,Okefenokee,1.2657715276318386,1.4493022531732114
O-7,Swallow-tailed Kite,2024,0.009370068784726243,1.7185421962605847,1,0,Okefenokee,1.2657715276318386,1.4493022531732114
O-8,Swallow-tailed Kite,2024,0.009370068784726243,0.7150698652686114,0,0,Okefenokee,1.2657715276318386,1.4493022531732114
R-1,Swallow-tailed Kite,2024,0.009370068784726243,2.5978429289984773e-5,0,4,Sansavilla,4.644496514624106e-5,0.0032467979397261663
R-10,Swallow-tailed Kite,2024,0.009370068784726243,2.5978429289984773e-5,0,1,Sansavilla,4.644496514624106e-5,0.0032467979397261663
R-11,Swallow-tailed Kite,2024,0.009370068784726243,2.5978429289984773e-5,0,1,Sansavilla,4.644496514624106e-5,0.0032467979397261663
R-12,Swallow-tailed Kite,2024,0.009370068784726243,2.5978429289984773e-5,0,1,Sansavilla,4.644496514624106e-5,0.0032467979397261663
R-13,Swallow-tailed Kite,2024,0.009370068784726243,2.5978429289984773e-5,0,0,Sansavilla,4.644496514624106e-5,0.0032467979397261663
R-2,Swallow-tailed Kite,2024,0.009370068784726243,2.5978429289984773e-5,0,0,Sansavilla,4.644496514624106e-5,0.0032467979397261663
R-3,Swallow-tailed Kite,2024,0.009370068784726243,2.5978429289984773e-5,0,1,Sansavilla,4.644496514624106e-5,0.0032467979397261663
R-6,Swallow-tailed Kite,2024,0.009370068784726243,2.5978429289984773e-5,0,3,Sansavilla,4.644496514624106e-5,0.0032467979397261663
R-7,Swallow-tailed Kite,2024,0.009370068784726243,2.5978429289984773e-5,0,1,Sansavilla,4.644496514624106e-5,0.0032467979397261663
R-9,Swallow-tailed Kite,2024,0.009370068784726243,2.5978429289984773e-5,0,0,Sansavilla,4.644496514624106e-5,0.0032467979397261663
M-1,White-eyed Vireo,2024,0.07147175044124476,1.848602926362884,2,4,Mine,0.6577598094684435,0.2817659817289362
M-10,White-eyed Vireo,2024,0.07147175044124476,0.007326781075937665,0,5,Mine,0.6577598094684435,0.2817659817289362
M-11,White-eyed Vireo,2024,0.07147175044124476,1.0077585353978065,1,2,Mine,0.6577598094684435,0.2817659817289362
M-12,White-eyed Vireo,2024,0.07147175044124476,0.007326781075937665,0,3,Mine,0.6577598094684435,0.2817659817289362
M-2,White-eyed Vireo,2024,0.07147175044124476,1.0076202153122724,1,6,Mine,0.6577598094684435,0.2817659817289362
M-5,White-eyed Vireo,2024,0.07147175044124476,1.016110601693592,1,6,Mine,0.6577598094684435,0.2817659817289362
M-6,White-eyed Vireo,2024,0.07147175044124476,1.0075655160171737,1,6,Mine,0.6577598094684435,0.2817659817289362
M-7,White-eyed Vireo,2024,0.07147175044124476,0.007326781075937665,0,5,Mine,0.6577598094684435,0.2817659817289362
M-9,White-eyed Vireo,2024,0.07147175044124476,0.007326781075937665,0,3,Mine,0.6577598094684435,0.2817659817289362
O-1,White-eyed Vireo,2024,0.07147175044124476,1.996822128217619e-5,0,1,Okefenokee,0.0016646823880610213,0.014577109013452196
O-2,White-eyed Vireo,2024,0.07147175044124476,1.996822128217619e-5,0,1,Okefenokee,0.0016646823880610213,0.014577109013452196
O-3,White-eyed Vireo,2024,0.07147175044124476,4.7722121247362534e-5,0,1,Okefenokee,0.0016646823880610213,0.014577109013452196
O-4,White-eyed Vireo,2024,0.07147175044124476,1.0865551025812469e-4,0,1,Okefenokee,0.0016646823880610213,0.014577109013452196
O-5,White-eyed Vireo,2024,0.07147175044124476,1.996822128217619e-5,0,0,Okefenokee,0.0016646823880610213,0.014577109013452196
O-6,White-eyed Vireo,2024,0.07147175044124476,1.996822128217619e-5,0,0,Okefenokee,0.0016646823880610213,0.014577109013452196
O-7,White-eyed Vireo,2024,0.07147175044124476,1.996822128217619e-5,0,0,Okefenokee,0.0016646823880610213,0.014577109013452196
O-8,White-eyed Vireo,2024,0.07147175044124476,1.996822128217619e-5,0,0,Okefenokee,0.0016646823880610213,0.014577109013452196
R-1,White-eyed Vireo,2024,0.07147175044124476,2.386769649911915,2,4,Sansavilla,4.445038730901154,0.9871964062202823
R-10,White-eyed Vireo,2024,0.07147175044124476,6.900084474362593,7,1,Sansavilla,4.445038730901154,0.9871964062202823
R-11,White-eyed Vireo,2024,0.07147175044124476,9.839121446414477,10,1,Sansavilla,4.445038730901154,0.9871964062202823
R-12,White-eyed Vireo,2024,0.07147175044124476,0.049513249649132014,0,1,Sansavilla,4.445038730901154,0.9871964062202823
R-13,White-eyed Vireo,2024,0.07147175044124476,1.2078689975645573,1,0,Sansavilla,4.445038730901154,0.9871964062202823
R-2,White-eyed Vireo,2024,0.07147175044124476,5.835819478774563,6,0,Sansavilla,4.445038730901154,0.9871964062202823
R-3,White-eyed Vireo,2024,0.07147175044124476,1.104961547378834,1,1,Sansavilla,4.445038730901154,0.9871964062202823
R-6,White-eyed Vireo,2024,0.07147175044124476,11.494142564492764,11,3,Sansavilla,4.445038730901154,0.9871964062202823
R-7,White-eyed Vireo,2024,0.07147175044124476,4.048742520866096,4,1,Sansavilla,4.445038730901154,0.9871964062202823
R-9,White-eyed Vireo,2024,0.07147175044124476,1.5888222837213315,1,0,Sansavilla,4.445038730901154,0.9871964062202823
M-1,Yellow-billed Cuckoo,2024,0.04853828515394729,2.037085771288709,2,4,Mine,1.5903195597627342,0.5032904255337549
M-10,Yellow-billed Cuckoo,2024,0.04853828515394729,1.0772819614732647,1,5,Mine,1.5903195597627342,0.5032904255337549
M-11,Yellow-billed Cuckoo,2024,0.04853828515394729,1.0773120711313964,1,2,Mine,1.5903195597627342,0.5032904255337549
M-12,Yellow-billed Cuckoo,2024,0.04853828515394729,1.153266117995476,1,3,Mine,1.5903195597627342,0.5032904255337549
M-2,Yellow-billed Cuckoo,2024,0.04853828515394729,2.5664164533968425,2,6,Mine,1.5903195597627342,0.5032904255337549
M-5,Yellow-billed Cuckoo,2024,0.04853828515394729,2.7984353419670485,3,6,Mine,1.5903195597627342,0.5032904255337549
M-6,Yellow-billed Cuckoo,2024,0.04853828515394729,1.2861087212025515,1,6,Mine,1.5903195597627342,0.5032904255337549
M-7,Yellow-billed Cuckoo,2024,0.04853828515394729,1.151892254721492,1,5,Mine,1.5903195597627342,0.5032904255337549
M-9,Yellow-billed Cuckoo,2024,0.04853828515394729,1.1545346365930014,1,3,Mine,1.5903195597627342,0.5032904255337549
O-1,Yellow-billed Cuckoo,2024,0.04853828515394729,0.05055851093969897,0,1,Okefenokee,1.0216407269827958,0.42568490948566245
O-2,Yellow-billed Cuckoo,2024,0.04853828515394729,0.05055851093969897,0,1,Okefenokee,1.0216407269827958,0.42568490948566245
O-3,Yellow-billed Cuckoo,2024,0.04853828515394729,0.16087267557040286,0,1,Okefenokee,1.0216407269827958,0.42568490948566245
O-4,Yellow-billed Cuckoo,2024,0.04853828515394729,1.3015048946187264,1,1,Okefenokee,1.0216407269827958,0.42568490948566245
O-5,Yellow-billed Cuckoo,2024,0.04853828515394729,0.05055851093969897,0,0,Okefenokee,1.0216407269827958,0.42568490948566245
O-6,Yellow-billed Cuckoo,2024,0.04853828515394729,1.0517115286949728,1,0,Okefenokee,1.0216407269827958,0.42568490948566245
O-7,Yellow-billed Cuckoo,2024,0.04853828515394729,4.133308841539047,4,0,Okefenokee,1.0216407269827958,0.42568490948566245
O-8,Yellow-billed Cuckoo,2024,0.04853828515394729,1.3663504759185556,1,0,Okefenokee,1.0216407269827958,0.42568490948566245
R-1,Yellow-billed Cuckoo,2024,0.04853828515394729,0.24586131051819893,0,4,Sansavilla,5.188891421091499,1.2773178634691424
R-10,Yellow-billed Cuckoo,2024,0.04853828515394729,11.04016084973073,11,1,Sansavilla,5.188891421091499,1.2773178634691424
R-11,Yellow-billed Cuckoo,2024,0.04853828515394729,4.99994415888756,5,1,Sansavilla,5.188891421091499,1.2773178634691424
R-12,Yellow-billed Cuckoo,2024,0.04853828515394729,4.728905044778137,5,1,Sansavilla,5.188891421091499,1.2773178634691424
R-13,Yellow-billed Cuckoo,2024,0.04853828515394729,5.324752219528129,5,0,Sansavilla,5.188891421091499,1.2773178634691424
R-2,Yellow-billed Cuckoo,2024,0.04853828515394729,2.1159982626614786,2,0,Sansavilla,5.188891421091499,1.2773178634691424
R-3,Yellow-billed Cuckoo,2024,0.04853828515394729,3.4651670705466677,3,1,Sansavilla,5.188891421091499,1.2773178634691424
R-6,Yellow-billed Cuckoo,2024,0.04853828515394729,4.99458960416509,5,3,Sansavilla,5.188891421091499,1.2773178634691424
R-7,Yellow-billed Cuckoo,2024,0.04853828515394729,7.498855368747545,7,1,Sansavilla,5.188891421091499,1.2773178634691424
R-9,Yellow-billed Cuckoo,2024,0.04853828515394729,7.49421250215592,7,0,Sansavilla,5.188891421091499,1.2773178634691424
M-1,American Crow,2025,0.05358121698585466,7.5560605404222745,7,5,Mine,8.038632458495304,1.832628060448987
M-10,American Crow,2025,0.05358121698585466,8.534493874671961,8,6,Mine,8.038632458495304,1.832628060448987
M-11,American Crow,2025,0.05358121698585466,1.289074536901856,1,3,Mine,8.038632458495304,1.832628060448987
M-12,American Crow,2025,0.05358121698585466,9.584081335004022,9,4,Mine,8.038632458495304,1.832628060448987
M-2,American Crow,2025,0.05358121698585466,5.545160444449603,5,7,Mine,8.038632458495304,1.832628060448987
M-5,American Crow,2025,0.05358121698585466,11.00808184601553,11,7,Mine,8.038632458495304,1.832628060448987
M-6,American Crow,2025,0.05358121698585466,12.352093573766657,12,7,Mine,8.038632458495304,1.832628060448987
M-7,American Crow,2025,0.05358121698585466,11.869546611349078,12,6,Mine,8.038632458495304,1.832628060448987
M-9,American Crow,2025,0.05358121698585466,4.589718768245696,4,4,Mine,8.038632458495304,1.832628060448987
O-1,American Crow,2025,0.05358121698585466,1.0855165522946568,1,2,Okefenokee,2.4091968373760215,0.7464633312830458
O-2,American Crow,2025,0.05358121698585466,1.3207181292242431,1,2,Okefenokee,2.4091968373760215,0.7464633312830458
O-3,American Crow,2025,0.05358121698585466,3.3670790475775996,3,2,Okefenokee,2.4091968373760215,0.7464633312830458
O-4,American Crow,2025,0.05358121698585466,2.1400613579846013,2,2,Okefenokee,2.4091968373760215,0.7464633312830458
O-5,American Crow,2025,0.05358121698585466,2.3761654432707826,2,1,Okefenokee,2.4091968373760215,0.7464633312830458
O-6,American Crow,2025,0.05358121698585466,4.053710399363481,4,1,Okefenokee,2.4091968373760215,0.7464633312830458
O-7,American Crow,2025,0.05358121698585466,3.621778671759817,3,1,Okefenokee,2.4091968373760215,0.7464633312830458
O-8,American Crow,2025,0.05358121698585466,1.3191393265200637,1,1,Okefenokee,2.4091968373760215,0.7464633312830458
R-1,American Crow,2025,0.05358121698585466,2.3870045524057724,2,5,Sansavilla,2.4894249536713446,0.7065107016659578
R-10,American Crow,2025,0.05358121698585466,3.66551486962682,3,2,Sansavilla,2.4894249536713446,0.7065107016659578
R-11,American Crow,2025,0.05358121698585466,1.5621221021771907,1,0,Sansavilla,2.4894249536713446,0.7065107016659578
R-12,American Crow,2025,0.05358121698585466,1.1743768094436162,1,2,Sansavilla,2.4894249536713446,0.7065107016659578
R-13,American Crow,2025,0.05358121698585466,4.147107015933207,4,1,Sansavilla,2.4894249536713446,0.7065107016659578
R-2,American Crow,2025,0.05358121698585466,1.1756565501395682,1,1,Sansavilla,2.4894249536713446,0.7065107016659578
R-3,American Crow,2025,0.05358121698585466,1.3925329671500846,1,2,Sansavilla,2.4894249536713446,0.7065107016659578
R-6,American Crow,2025,0.05358121698585466,5.7106981304536415,6,4,Sansavilla,2.4894249536713446,0.7065107016659578
R-7,American Crow,2025,0.05358121698585466,1.5536196033300105,1,2,Sansavilla,2.4894249536713446,0.7065107016659578
R-9,American Crow,2025,0.05358121698585466,2.120127346395876,2,1,Sansavilla,2.4894249536713446,0.7065107016659578
M-1,Bachman's Sparrow,2025,0.11502421071989627,5.749794706100696,6,5,Mine,1.0749059282648763,0.3747786978549895
M-10,Bachman's Sparrow,2025,0.11502421071989627,6.071497261953946e-4,0,6,Mine,1.0749059282648763,0.3747786978549895
M-11,Bachman's Sparrow,2025,0.11502421071989627,1.9181158780830623,2,3,Mine,1.0749059282648763,0.3747786978549895
M-12,Bachman's Sparrow,2025,0.11502421071989627,6.071497261953946e-4,0,4,Mine,1.0749059282648763,0.3747786978549895
M-2,Bachman's Sparrow,2025,0.11502421071989627,6.071497261953946e-4,0,7,Mine,1.0749059282648763,0.3747786978549895
M-5,Bachman's Sparrow,2025,0.11502421071989627,1.0006503476497983,1,7,Mine,1.0749059282648763,0.3747786978549895
M-6,Bachman's Sparrow,2025,0.11502421071989627,6.071497261953946e-4,0,7,Mine,1.0749059282648763,0.3747786978549895
M-7,Bachman's Sparrow,2025,0.11502421071989627,1.0029282105792856,1,6,Mine,1.0749059282648763,0.3747786978549895
M-9,Bachman's Sparrow,2025,0.11502421071989627,6.071497261953946e-4,0,4,Mine,1.0749059282648763,0.3747786978549895
O-1,Bachman's Sparrow,2025,0.11502421071989627,1.181874506199285,1,2,Okefenokee,7.877629511729765,1.5169231962348462
O-2,Bachman's Sparrow,2025,0.11502421071989627,7.008491794337613,7,2,Okefenokee,7.877629511729765,1.5169231962348462
O-3,Bachman's Sparrow,2025,0.11502421071989627,10.812334617378449,11,2,Okefenokee,7.877629511729765,1.5169231962348462
O-4,Bachman's Sparrow,2025,0.11502421071989627,4.671517617752623,4,2,Okefenokee,7.877629511729765,1.5169231962348462
O-5,Bachman's Sparrow,2025,0.11502421071989627,8.781750788699433,9,1,Okefenokee,7.877629511729765,1.5169231962348462
O-6,Bachman's Sparrow,2025,0.11502421071989627,7.398818890959706,7,1,Okefenokee,7.877629511729765,1.5169231962348462
O-7,Bachman's Sparrow,2025,0.11502421071989627,10.292049949919754,10,1,Okefenokee,7.877629511729765,1.5169231962348462
O-8,Bachman's Sparrow,2025,0.11502421071989627,12.873821675675433,13,1,Okefenokee,7.877629511729765,1.5169231962348462
R-1,Bachman's Sparrow,2025,0.11502421071989627,6.034934108076076e-4,0,5,Sansavilla,1.0684327390063284,0.35655600056635817
R-10,Bachman's Sparrow,2025,0.11502421071989627,6.034934108076076e-4,0,2,Sansavilla,1.0684327390063284,0.35655600056635817
R-11,Bachman's Sparrow,2025,0.11502421071989627,1.924263159821448,2,0,Sansavilla,1.0684327390063284,0.35655600056635817
R-12,Bachman's Sparrow,2025,0.11502421071989627,1.0265846397794307,1,2,Sansavilla,1.0684327390063284,0.35655600056635817
R-13,Bachman's Sparrow,2025,0.11502421071989627,6.034934108076076e-4,0,1,Sansavilla,1.0684327390063284,0.35655600056635817
R-2,Bachman's Sparrow,2025,0.11502421071989627,6.034934108076076e-4,0,1,Sansavilla,1.0684327390063284,0.35655600056635817
R-3,Bachman's Sparrow,2025,0.11502421071989627,3.6700615888327808,4,2,Sansavilla,1.0684327390063284,0.35655600056635817
R-6,Bachman's Sparrow,2025,0.11502421071989627,1.0006405641339369,1,4,Sansavilla,1.0684327390063284,0.35655600056635817
R-7,Bachman's Sparrow,2025,0.11502421071989627,1.1202820322143063,1,2,Sansavilla,1.0684327390063284,0.35655600056635817
R-9,Bachman's Sparrow,2025,0.11502421071989627,1.9394443634168608,2,1,Sansavilla,1.0684327390063284,0.35655600056635817
M-1,Barred Owl,2025,0.01749982064435659,1.2793624367382118e-5,0,5,Mine,3.777549507271098e-5,0.0025193429950112842
M-10,Barred Owl,2025,0.01749982064435659,1.2793624367382118e-5,0,6,Mine,3.777549507271098e-5,0.0025193429950112842
M-11,Barred Owl,2025,0.01749982064435659,1.2793624367382118e-5,0,3,Mine,3.777549507271098e-5,0.0025193429950112842
M-12,Barred Owl,2025,0.01749982064435659,1.2793624367382118e-5,0,4,Mine,3.777549507271098e-5,0.0025193429950112842
M-2,Barred Owl,2025,0.01749982064435659,1.2793624367382118e-5,0,7,Mine,3.777549507271098e-5,0.0025193429950112842
M-5,Barred Owl,2025,0.01749982064435659,1.2793624367382118e-5,0,7,Mine,3.777549507271098e-5,0.0025193429950112842
M-6,Barred Owl,2025,0.01749982064435659,1.2793624367382118e-5,0,7,Mine,3.777549507271098e-5,0.0025193429950112842
M-7,Barred Owl,2025,0.01749982064435659,1.2793624367382118e-5,0,6,Mine,3.777549507271098e-5,0.0025193429950112842
M-9,Barred Owl,2025,0.01749982064435659,1.2793624367382118e-5,0,4,Mine,3.777549507271098e-5,0.0025193429950112842
O-1,Barred Owl,2025,0.01749982064435659,3.582834418484755,3,2,Okefenokee,2.284042926053896,1.3736794387674627
O-2,Barred Owl,2025,0.01749982064435659,4.775600022265218,4,2,Okefenokee,2.284042926053896,1.3736794387674627
O-3,Barred Owl,2025,0.01749982064435659,2.705761791216964,2,2,Okefenokee,2.284042926053896,1.3736794387674627
O-4,Barred Owl,2025,0.01749982064435659,2.8227732708714885,2,2,Okefenokee,2.284042926053896,1.3736794387674627
O-5,Barred Owl,2025,0.01749982064435659,0.773548756374056,0,1,Okefenokee,2.284042926053896,1.3736794387674627
O-6,Barred Owl,2025,0.01749982064435659,1.0593295899997972,1,1,Okefenokee,2.284042926053896,1.3736794387674627
O-7,Barred Owl,2025,0.01749982064435659,0.773548756374056,0,1,Okefenokee,2.284042926053896,1.3736794387674627
O-8,Barred Owl,2025,0.01749982064435659,1.779121090599112,1,1,Okefenokee,2.284042926053896,1.3736794387674627
R-1,Barred Owl,2025,0.01749982064435659,0.6274340126753948,0,5,Sansavilla,1.8526126587473501,1.017593455080107
R-10,Barred Owl,2025,0.01749982064435659,3.307813243343915,3,2,Sansavilla,1.8526126587473501,1.017593455080107
R-11,Barred Owl,2025,0.01749982064435659,2.0315966830233254,2,0,Sansavilla,1.8526126587473501,1.017593455080107
R-12,Barred Owl,2025,0.01749982064435659,2.470070587199246,2,2,Sansavilla,1.8526126587473501,1.017593455080107
R-13,Barred Owl,2025,0.01749982064435659,2.0304010467381874,2,1,Sansavilla,1.8526126587473501,1.017593455080107
R-2,Barred Owl,2025,0.01749982064435659,1.6363763287354334,1,1,Sansavilla,1.8526126587473501,1.017593455080107
R-3,Barred Owl,2025,0.01749982064435659,0.6896362134944708,0,2,Sansavilla,1.8526126587473501,1.017593455080107
R-6,Barred Owl,2025,0.01749982064435659,1.6320178492863902,1,4,Sansavilla,1.8526126587473501,1.017593455080107
R-7,Barred Owl,2025,0.01749982064435659,1.6319522151375994,1,2,Sansavilla,1.8526126587473501,1.017593455080107
R-9,Barred Owl,2025,0.01749982064435659,2.4688143840803964,2,1,Sansavilla,1.8526126587473501,1.017593455080107
M-1,Blue-gray Gnatcatcher,2025,0.042858017711802136,2.5150877183515177,2,5,Mine,0.6653033495046424,0.303814587461898
M-10,Blue-gray Gnatcatcher,2025,0.042858017711802136,0.04662423653240797,0,6,Mine,0.6653033495046424,0.303814587461898
M-11,Blue-gray Gnatcatcher,2025,0.042858017711802136,0.04662423653240797,0,3,Mine,0.6653033495046424,0.303814587461898
M-12,Blue-gray Gnatcatcher,2025,0.042858017711802136,0.04662423653240797,0,4,Mine,0.6653033495046424,0.303814587461898
M-2,Blue-gray Gnatcatcher,2025,0.042858017711802136,1.0952687888913333,1,7,Mine,0.6653033495046424,0.303814587461898
M-5,Blue-gray Gnatcatcher,2025,0.042858017711802136,1.0963203544992555,1,7,Mine,0.6653033495046424,0.303814587461898
M-6,Blue-gray Gnatcatcher,2025,0.042858017711802136,1.0479464097017819,1,7,Mine,0.6653033495046424,0.303814587461898
M-7,Blue-gray Gnatcatcher,2025,0.042858017711802136,0.04662423653240797,0,6,Mine,0.6653033495046424,0.303814587461898
M-9,Blue-gray Gnatcatcher,2025,0.042858017711802136,0.04662423653240797,0,4,Mine,0.6653033495046424,0.303814587461898
O-1,Blue-gray Gnatcatcher,2025,0.042858017711802136,1.0856831166224727,1,2,Okefenokee,0.5995979683093511,0.3019056522993952
O-2,Blue-gray Gnatcatcher,2025,0.042858017711802136,1.043070704704853,1,2,Okefenokee,0.5995979683093511,0.3019056522993952
O-3,Blue-gray Gnatcatcher,2025,0.042858017711802136,0.042019625362808094,0,2,Okefenokee,0.5995979683093511,0.3019056522993952
O-4,Blue-gray Gnatcatcher,2025,0.042858017711802136,0.25543258284151155,0,2,Okefenokee,0.5995979683093511,0.3019056522993952
O-5,Blue-gray Gnatcatcher,2025,0.042858017711802136,1.0432059816028123,1,1,Okefenokee,0.5995979683093511,0.3019056522993952
O-6,Blue-gray Gnatcatcher,2025,0.042858017711802136,1.24335957321535,1,1,Okefenokee,0.5995979683093511,0.3019056522993952
O-7,Blue-gray Gnatcatcher,2025,0.042858017711802136,0.042019625362808094,0,1,Okefenokee,0.5995979683093511,0.3019056522993952
O-8,Blue-gray Gnatcatcher,2025,0.042858017711802136,0.042019625362808094,0,1,Okefenokee,0.5995979683093511,0.3019056522993952
R-1,Blue-gray Gnatcatcher,2025,0.042858017711802136,2.1055301304567764,2,5,Sansavilla,2.1032599189652688,0.6044019357627579
R-10,Blue-gray Gnatcatcher,2025,0.042858017711802136,2.113653274499238,2,2,Sansavilla,2.1032599189652688,0.6044019357627579
R-11,Blue-gray Gnatcatcher,2025,0.042858017711802136,9.832170080946582,10,0,Sansavilla,2.1032599189652688,0.6044019357627579
R-12,Blue-gray Gnatcatcher,2025,0.042858017711802136,1.1510859487299367,1,2,Sansavilla,2.1032599189652688,0.6044019357627579
R-13,Blue-gray Gnatcatcher,2025,0.042858017711802136,1.2900190620626775,1,1,Sansavilla,2.1032599189652688,0.6044019357627579
R-2,Blue-gray Gnatcatcher,2025,0.042858017711802136,1.2869181071558837,1,1,Sansavilla,2.1032599189652688,0.6044019357627579
R-3,Blue-gray Gnatcatcher,2025,0.042858017711802136,0.16305057762712416,0,2,Sansavilla,2.1032599189652688,0.6044019357627579
R-6,Blue-gray Gnatcatcher,2025,0.042858017711802136,1.1500198306841887,1,4,Sansavilla,2.1032599189652688,0.6044019357627579
R-7,Blue-gray Gnatcatcher,2025,0.042858017711802136,0.147395752665282,0,2,Sansavilla,2.1032599189652688,0.6044019357627579
R-9,Blue-gray Gnatcatcher,2025,0.042858017711802136,1.7927413089866369,2,1,Sansavilla,2.1032599189652688,0.6044019357627579
M-1,Blue Grosbeak,2025,0.13940505903324824,1.022905591727287,1,5,Mine,9.164109032709959,1.3978234759661439
M-10,Blue Grosbeak,2025,0.13940505903324824,15.576726380670527,15,6,Mine,9.164109032709959,1.3978234759661439
M-11,Blue Grosbeak,2025,0.13940505903324824,7.761588379331866,8,3,Mine,9.164109032709959,1.3978234759661439
M-12,Blue Grosbeak,2025,0.13940505903324824,18.14014322999802,18,4,Mine,9.164109032709959,1.3978234759661439
M-2,Blue Grosbeak,2025,0.13940505903324824,1.0010429386761241,1,7,Mine,9.164109032709959,1.3978234759661439
M-5,Blue Grosbeak,2025,0.13940505903324824,2.5107589010501754,2,7,Mine,9.164109032709959,1.3978234759661439
M-6,Blue Grosbeak,2025,0.13940505903324824,14.261015001501791,14,7,Mine,9.164109032709959,1.3978234759661439
M-7,Blue Grosbeak,2025,0.13940505903324824,4.067718389392048,4,6,Mine,9.164109032709959,1.3978234759661439
M-9,Blue Grosbeak,2025,0.13940505903324824,18.14014322999802,18,4,Mine,9.164109032709959,1.3978234759661439
O-1,Blue Grosbeak,2025,0.13940505903324824,1.0339795570894909e-4,0,2,Okefenokee,0.9694823922456369,0.36309179963066457
O-2,Blue Grosbeak,2025,0.13940505903324824,1.0002438830403375,1,2,Okefenokee,0.9694823922456369,0.36309179963066457
O-3,Blue Grosbeak,2025,0.13940505903324824,1.0002394207379133,1,2,Okefenokee,0.9694823922456369,0.36309179963066457
O-4,Blue Grosbeak,2025,0.13940505903324824,0.08156385743501214,0,2,Okefenokee,0.9694823922456369,0.36309179963066457
O-5,Blue Grosbeak,2025,0.13940505903324824,1.0024766240245915,1,1,Okefenokee,0.9694823922456369,0.36309179963066457
O-6,Blue Grosbeak,2025,0.13940505903324824,1.6643899627492935,2,1,Okefenokee,0.9694823922456369,0.36309179963066457
O-7,Blue Grosbeak,2025,0.13940505903324824,2.008053267086615,2,1,Okefenokee,0.9694823922456369,0.36309179963066457
O-8,Blue Grosbeak,2025,0.13940505903324824,1.0001123749393002,1,1,Okefenokee,0.9694823922456369,0.36309179963066457
R-1,Blue Grosbeak,2025,0.13940505903324824,5.3297466604225034,5,5,Sansavilla,10.602109554633318,1.558428929965471
R-10,Blue Grosbeak,2025,0.13940505903324824,3.6393756577953336,4,2,Sansavilla,10.602109554633318,1.558428929965471
R-11,Blue Grosbeak,2025,0.13940505903324824,17.99507836613264,18,0,Sansavilla,10.602109554633318,1.558428929965471
R-12,Blue Grosbeak,2025,0.13940505903324824,10.048899342959988,10,2,Sansavilla,10.602109554633318,1.558428929965471
R-13,Blue Grosbeak,2025,0.13940505903324824,9.274390125443077,9,1,Sansavilla,10.602109554633318,1.558428929965471
R-2,Blue Grosbeak,2025,0.13940505903324824,9.55220814960198,9,1,Sansavilla,10.602109554633318,1.558428929965471
R-3,Blue Grosbeak,2025,0.13940505903324824,7.581798196009121,7,2,Sansavilla,10.602109554633318,1.558428929965471
R-6,Blue Grosbeak,2025,0.13940505903324824,16.14659752004885,16,4,Sansavilla,10.602109554633318,1.558428929965471
R-7,Blue Grosbeak,2025,0.13940505903324824,19.03817537455868,19,2,Sansavilla,10.602109554633318,1.558428929965471
R-9,Blue Grosbeak,2025,0.13940505903324824,7.412676878880878,7,1,Sansavilla,10.602109554633318,1.558428929965471
M-1,Blue Jay,2025,0.03288767051276534,1.3580105981082866,1,5,Mine,1.3989463248089684,0.4930706001946977
M-10,Blue Jay,2025,0.03288767051276534,1.1842897053788675,1,6,Mine,1.3989463248089684,0.4930706001946977
M-11,Blue Jay,2025,0.03288767051276534,0.1825159251188434,0,3,Mine,1.3989463248089684,0.4930706001946977
M-12,Blue Jay,2025,0.03288767051276534,1.184656901787912,1,4,Mine,1.3989463248089684,0.4930706001946977
M-2,Blue Jay,2025,0.03288767051276534,5.946296127758567,6,7,Mine,1.3989463248089684,0.4930706001946977
M-5,Blue Jay,2025,0.03288767051276534,1.1854078704397115,1,7,Mine,1.3989463248089684,0.4930706001946977
M-6,Blue Jay,2025,0.03288767051276534,0.1825159251188434,0,7,Mine,1.3989463248089684,0.4930706001946977
M-7,Blue Jay,2025,0.03288767051276534,1.1842897053788675,1,6,Mine,1.3989463248089684,0.4930706001946977
M-9,Blue Jay,2025,0.03288767051276534,0.1825159251188434,0,4,Mine,1.3989463248089684,0.4930706001946977
O-1,Blue Jay,2025,0.03288767051276534,0.21167024449649258,0,2,Okefenokee,1.622408074347329,0.6774205524552099
O-2,Blue Jay,2025,0.03288767051276534,0.21167024449649258,0,2,Okefenokee,1.622408074347329,0.6774205524552099
O-3,Blue Jay,2025,0.03288767051276534,0.21167024449649258,0,2,Okefenokee,1.622408074347329,0.6774205524552099
O-4,Blue Jay,2025,0.03288767051276534,1.0029803315339383,1,2,Okefenokee,1.622408074347329,0.6774205524552099
O-5,Blue Jay,2025,0.03288767051276534,1.6919300045294803,1,1,Okefenokee,1.622408074347329,0.6774205524552099
O-6,Blue Jay,2025,0.03288767051276534,2.830823883015708,3,1,Okefenokee,1.622408074347329,0.6774205524552099
O-7,Blue Jay,2025,0.03288767051276534,3.852254284418917,4,1,Okefenokee,1.622408074347329,0.6774205524552099
O-8,Blue Jay,2025,0.03288767051276534,2.9661323776804727,3,1,Okefenokee,1.622408074347329,0.6774205524552099
R-1,Blue Jay,2025,0.03288767051276534,1.1084121235930955,1,5,Sansavilla,0.8168423865342247,0.3375940900202193
R-10,Blue Jay,2025,0.03288767051276534,1.10726923628744,1,2,Sansavilla,0.8168423865342247,0.3375940900202193
R-11,Blue Jay,2025,0.03288767051276534,1.1095040960237443,1,0,Sansavilla,0.8168423865342247,0.3375940900202193
R-12,Blue Jay,2025,0.03288767051276534,1.1076395992544932,1,2,Sansavilla,0.8168423865342247,0.3375940900202193
R-13,Blue Jay,2025,0.03288767051276534,1.9141185793135973,2,1,Sansavilla,0.8168423865342247,0.3375940900202193
R-2,Blue Jay,2025,0.03288767051276534,1.3890534103396985,1,1,Sansavilla,0.8168423865342247,0.3375940900202193
R-3,Blue Jay,2025,0.03288767051276534,0.11257284172135923,0,2,Sansavilla,0.8168423865342247,0.3375940900202193
R-6,Blue Jay,2025,0.03288767051276534,0.10657073914178682,0,4,Sansavilla,0.8168423865342247,0.3375940900202193
R-7,Blue Jay,2025,0.03288767051276534,0.10657073914178682,0,2,Sansavilla,0.8168423865342247,0.3375940900202193
R-9,Blue Jay,2025,0.03288767051276534,0.10657073914178682,0,1,Sansavilla,0.8168423865342247,0.3375940900202193
M-1,Brown-headed Cowbird,2025,0.05691389122356071,5.95291968845943e-7,0,5,Mine,2.3871149949387856e-5,0.0016493006615315503
M-10,Brown-headed Cowbird,2025,0.05691389122356071,5.95291968845943e-7,0,6,Mine,2.3871149949387856e-5,0.0016493006615315503
M-11,Brown-headed Cowbird,2025,0.05691389122356071,5.95291968845943e-7,0,3,Mine,2.3871149949387856e-5,0.0016493006615315503
M-12,Brown-headed Cowbird,2025,0.05691389122356071,5.95291968845943e-7,0,4,Mine,2.3871149949387856e-5,0.0016493006615315503
M-2,Brown-headed Cowbird,2025,0.05691389122356071,5.95291968845943e-7,0,7,Mine,2.3871149949387856e-5,0.0016493006615315503
M-5,Brown-headed Cowbird,2025,0.05691389122356071,5.95291968845943e-7,0,7,Mine,2.3871149949387856e-5,0.0016493006615315503
M-6,Brown-headed Cowbird,2025,0.05691389122356071,5.95291968845943e-7,0,7,Mine,2.3871149949387856e-5,0.0016493006615315503
M-7,Brown-headed Cowbird,2025,0.05691389122356071,5.95291968845943e-7,0,6,Mine,2.3871149949387856e-5,0.0016493006615315503
M-9,Brown-headed Cowbird,2025,0.05691389122356071,5.95291968845943e-7,0,4,Mine,2.3871149949387856e-5,0.0016493006615315503
O-1,Brown-headed Cowbird,2025,0.05691389122356071,1.1325574531714027,1,2,Okefenokee,0.5626198313904421,0.32657674736109604
O-2,Brown-headed Cowbird,2025,0.05691389122356071,1.035376729824915,1,2,Okefenokee,0.5626198313904421,0.32657674736109604
O-3,Brown-headed Cowbird,2025,0.05691389122356071,1.9252729867926928,2,2,Okefenokee,0.5626198313904421,0.32657674736109604
O-4,Brown-headed Cowbird,2025,0.05691389122356071,0.35131351937424316,0,2,Okefenokee,0.5626198313904421,0.32657674736109604
O-5,Brown-headed Cowbird,2025,0.05691389122356071,0.014030453826074572,0,1,Okefenokee,0.5626198313904421,0.32657674736109604
O-6,Brown-headed Cowbird,2025,0.05691389122356071,0.014431974931307974,0,1,Okefenokee,0.5626198313904421,0.32657674736109604
O-7,Brown-headed Cowbird,2025,0.05691389122356071,0.014030453826074572,0,1,Okefenokee,0.5626198313904421,0.32657674736109604
O-8,Brown-headed Cowbird,2025,0.05691389122356071,0.014030453826074572,0,1,Okefenokee,0.5626198313904421,0.32657674736109604
R-1,Brown-headed Cowbird,2025,0.05691389122356071,9.083627984833052e-9,0,5,Sansavilla,3.642525971428338e-7,1.9373630550447576e-4
R-10,Brown-headed Cowbird,2025,0.05691389122356071,9.083627984833052e-9,0,2,Sansavilla,3.642525971428338e-7,1.9373630550447576e-4
R-11,Brown-headed Cowbird,2025,0.05691389122356071,9.083627984833052e-9,0,0,Sansavilla,3.642525971428338e-7,1.9373630550447576e-4
R-12,Brown-headed Cowbird,2025,0.05691389122356071,9.083627984833052e-9,0,2,Sansavilla,3.642525971428338e-7,1.9373630550447576e-4
R-13,Brown-headed Cowbird,2025,0.05691389122356071,9.083627984833052e-9,0,1,Sansavilla,3.642525971428338e-7,1.9373630550447576e-4
R-2,Brown-headed Cowbird,2025,0.05691389122356071,9.083627984833052e-9,0,1,Sansavilla,3.642525971428338e-7,1.9373630550447576e-4
R-3,Brown-headed Cowbird,2025,0.05691389122356071,9.132492966297704e-9,0,2,Sansavilla,3.642525971428338e-7,1.9373630550447576e-4
R-6,Brown-headed Cowbird,2025,0.05691389122356071,9.083627984833052e-9,0,4,Sansavilla,3.642525971428338e-7,1.9373630550447576e-4
R-7,Brown-headed Cowbird,2025,0.05691389122356071,9.083627984833052e-9,0,2,Sansavilla,3.642525971428338e-7,1.9373630550447576e-4
R-9,Brown-headed Cowbird,2025,0.05691389122356071,9.083627984833052e-9,0,1,Sansavilla,3.642525971428338e-7,1.9373630550447576e-4
M-1,Brown-headed Nuthatch,2025,0.029745968964957282,5.4671676509742206e-5,0,5,Mine,3.45614536937549e-4,0.0067541276181800275
M-10,Brown-headed Nuthatch,2025,0.029745968964957282,5.4671676509742206e-5,0,6,Mine,3.45614536937549e-4,0.0067541276181800275
M-11,Brown-headed Nuthatch,2025,0.029745968964957282,5.4671676509742206e-5,0,3,Mine,3.45614536937549e-4,0.0067541276181800275
M-12,Brown-headed Nuthatch,2025,0.029745968964957282,5.4671676509742206e-5,0,4,Mine,3.45614536937549e-4,0.0067541276181800275
M-2,Brown-headed Nuthatch,2025,0.029745968964957282,5.4671676509742206e-5,0,7,Mine,3.45614536937549e-4,0.0067541276181800275
M-5,Brown-headed Nuthatch,2025,0.029745968964957282,5.4671676509742206e-5,0,7,Mine,3.45614536937549e-4,0.0067541276181800275
M-6,Brown-headed Nuthatch,2025,0.029745968964957282,5.4671676509742206e-5,0,7,Mine,3.45614536937549e-4,0.0067541276181800275
M-7,Brown-headed Nuthatch,2025,0.029745968964957282,5.4671676509742206e-5,0,6,Mine,3.45614536937549e-4,0.0067541276181800275
M-9,Brown-headed Nuthatch,2025,0.029745968964957282,5.4671676509742206e-5,0,4,Mine,3.45614536937549e-4,0.0067541276181800275
O-1,Brown-headed Nuthatch,2025,0.029745968964957282,20.34332837748037,20,2,Okefenokee,15.909049316738402,3.3261378212128516
O-2,Brown-headed Nuthatch,2025,0.029745968964957282,18.377753265664232,18,2,Okefenokee,15.909049316738402,3.3261378212128516
O-3,Brown-headed Nuthatch,2025,0.029745968964957282,15.36345320406442,15,2,Okefenokee,15.909049316738402,3.3261378212128516
O-4,Brown-headed Nuthatch,2025,0.029745968964957282,16.657734264661112,16,2,Okefenokee,15.909049316738402,3.3261378212128516
O-5,Brown-headed Nuthatch,2025,0.029745968964957282,12.301563128217312,12,1,Okefenokee,15.909049316738402,3.3261378212128516
O-6,Brown-headed Nuthatch,2025,0.029745968964957282,19.678391737565246,20,1,Okefenokee,15.909049316738402,3.3261378212128516
O-7,Brown-headed Nuthatch,2025,0.029745968964957282,14.87888859467827,15,1,Okefenokee,15.909049316738402,3.3261378212128516
O-8,Brown-headed Nuthatch,2025,0.029745968964957282,9.672334513532162,9,1,Okefenokee,15.909049316738402,3.3261378212128516
R-1,Brown-headed Nuthatch,2025,0.029745968964957282,1.115762793682022,1,5,Sansavilla,0.36440877724225,0.21230764088516732
R-10,Brown-headed Nuthatch,2025,0.029745968964957282,0.057644678268550284,0,2,Sansavilla,0.36440877724225,0.21230764088516732
R-11,Brown-headed Nuthatch,2025,0.029745968964957282,0.057644678268550284,0,0,Sansavilla,0.36440877724225,0.21230764088516732
R-12,Brown-headed Nuthatch,2025,0.029745968964957282,1.0585365184032782,1,2,Sansavilla,0.36440877724225,0.21230764088516732
R-13,Brown-headed Nuthatch,2025,0.029745968964957282,0.057644678268550284,0,1,Sansavilla,0.36440877724225,0.21230764088516732
R-2,Brown-headed Nuthatch,2025,0.029745968964957282,0.057644678268550284,0,1,Sansavilla,0.36440877724225,0.21230764088516732
R-3,Brown-headed Nuthatch,2025,0.029745968964957282,0.0658711244930485,0,2,Sansavilla,0.36440877724225,0.21230764088516732
R-6,Brown-headed Nuthatch,2025,0.029745968964957282,0.057644678268550284,0,4,Sansavilla,0.36440877724225,0.21230764088516732
R-7,Brown-headed Nuthatch,2025,0.029745968964957282,1.0583713993339434,1,2,Sansavilla,0.36440877724225,0.21230764088516732
R-9,Brown-headed Nuthatch,2025,0.029745968964957282,0.057644678268550284,0,1,Sansavilla,0.36440877724225,0.21230764088516732
M-1,Brown Thrasher,2025,0.05268556248091338,1.3277050327664601,1,5,Mine,2.247503043232738,0.7425388605538076
M-10,Brown Thrasher,2025,0.05268556248091338,3.6829877348265847,3,6,Mine,2.247503043232738,0.7425388605538076
M-11,Brown Thrasher,2025,0.05268556248091338,2.427546325054526,2,3,Mine,2.247503043232738,0.7425388605538076
M-12,Brown Thrasher,2025,0.05268556248091338,2.3812356211962165,2,4,Mine,2.247503043232738,0.7425388605538076
M-2,Brown Thrasher,2025,0.05268556248091338,0.08420731545437077,0,7,Mine,2.247503043232738,0.7425388605538076
M-5,Brown Thrasher,2025,0.05268556248091338,1.8374137263122008,2,7,Mine,2.247503043232738,0.7425388605538076
M-6,Brown Thrasher,2025,0.05268556248091338,3.431310119972298,3,7,Mine,2.247503043232738,0.7425388605538076
M-7,Brown Thrasher,2025,0.05268556248091338,3.216416676264579,3,6,Mine,2.247503043232738,0.7425388605538076
M-9,Brown Thrasher,2025,0.05268556248091338,1.8386908059042015,2,4,Mine,2.247503043232738,0.7425388605538076
O-1,Brown Thrasher,2025,0.05268556248091338,4.707829560142925,5,2,Okefenokee,1.6833434300190722,0.6025987969604816
O-2,Brown Thrasher,2025,0.05268556248091338,1.1334029209807441,1,2,Okefenokee,1.6833434300190722,0.6025987969604816
O-3,Brown Thrasher,2025,0.05268556248091338,1.248202976785434,1,2,Okefenokee,1.6833434300190722,0.6025987969604816
O-4,Brown Thrasher,2025,0.05268556248091338,0.49994894424319425,0,2,Okefenokee,1.6833434300190722,0.6025987969604816
O-5,Brown Thrasher,2025,0.05268556248091338,1.2526956041342927,1,1,Okefenokee,1.6833434300190722,0.6025987969604816
O-6,Brown Thrasher,2025,0.05268556248091338,1.7726486821732153,2,1,Okefenokee,1.6833434300190722,0.6025987969604816
O-7,Brown Thrasher,2025,0.05268556248091338,1.1334694569649462,1,1,Okefenokee,1.6833434300190722,0.6025987969604816
O-8,Brown Thrasher,2025,0.05268556248091338,1.7185514381479328,2,1,Okefenokee,1.6833434300190722,0.6025987969604816
R-1,Brown Thrasher,2025,0.05268556248091338,3.5812404463329166,3,5,Sansavilla,0.8513193506483621,0.34208610198333933
R-10,Brown Thrasher,2025,0.05268556248091338,0.03189642716093675,0,2,Sansavilla,0.8513193506483621,0.34208610198333933
R-11,Brown Thrasher,2025,0.05268556248091338,1.1333645477427214,1,0,Sansavilla,0.8513193506483621,0.34208610198333933
R-12,Brown Thrasher,2025,0.05268556248091338,0.03189642716093675,0,2,Sansavilla,0.8513193506483621,0.34208610198333933
R-13,Brown Thrasher,2025,0.05268556248091338,1.440203695258241,1,1,Sansavilla,0.8513193506483621,0.34208610198333933
R-2,Brown Thrasher,2025,0.05268556248091338,1.0677779140366737,1,1,Sansavilla,0.8513193506483621,0.34208610198333933
R-3,Brown Thrasher,2025,0.05268556248091338,0.03292479797240851,0,2,Sansavilla,0.8513193506483621,0.34208610198333933
R-6,Brown Thrasher,2025,0.05268556248091338,0.03189642716093675,0,4,Sansavilla,0.8513193506483621,0.34208610198333933
R-7,Brown Thrasher,2025,0.05268556248091338,1.1300618319508862,1,2,Sansavilla,0.8513193506483621,0.34208610198333933
R-9,Brown Thrasher,2025,0.05268556248091338,0.03189642716093675,0,1,Sansavilla,0.8513193506483621,0.34208610198333933
M-1,Carolina Chickadee,2025,0.0404844257229027,2.8118294441990273e-6,0,5,Mine,3.43452607000795e-5,0.0020387276226295414
M-10,Carolina Chickadee,2025,0.0404844257229027,2.8118294441990273e-6,0,6,Mine,3.43452607000795e-5,0.0020387276226295414
M-11,Carolina Chickadee,2025,0.0404844257229027,2.8118294441990273e-6,0,3,Mine,3.43452607000795e-5,0.0020387276226295414
M-12,Carolina Chickadee,2025,0.0404844257229027,2.8118294441990273e-6,0,4,Mine,3.43452607000795e-5,0.0020387276226295414
M-2,Carolina Chickadee,2025,0.0404844257229027,2.8118294441990273e-6,0,7,Mine,3.43452607000795e-5,0.0020387276226295414
M-5,Carolina Chickadee,2025,0.0404844257229027,2.8118294441990273e-6,0,7,Mine,3.43452607000795e-5,0.0020387276226295414
M-6,Carolina Chickadee,2025,0.0404844257229027,2.8118294441990273e-6,0,7,Mine,3.43452607000795e-5,0.0020387276226295414
M-7,Carolina Chickadee,2025,0.0404844257229027,2.8118294441990273e-6,0,6,Mine,3.43452607000795e-5,0.0020387276226295414
M-9,Carolina Chickadee,2025,0.0404844257229027,2.8118294441990273e-6,0,4,Mine,3.43452607000795e-5,0.0020387276226295414
O-1,Carolina Chickadee,2025,0.0404844257229027,2.6806871309054643e-7,0,2,Okefenokee,3.2743414987790235e-6,6.798097519151122e-4
O-2,Carolina Chickadee,2025,0.0404844257229027,2.6806871309054643e-7,0,2,Okefenokee,3.2743414987790235e-6,6.798097519151122e-4
O-3,Carolina Chickadee,2025,0.0404844257229027,2.6806871309054643e-7,0,2,Okefenokee,3.2743414987790235e-6,6.798097519151122e-4
O-4,Carolina Chickadee,2025,0.0404844257229027,1.0952148261427048e-6,0,2,Okefenokee,3.2743414987790235e-6,6.798097519151122e-4
O-5,Carolina Chickadee,2025,0.0404844257229027,2.6806871309054643e-7,0,1,Okefenokee,3.2743414987790235e-6,6.798097519151122e-4
O-6,Carolina Chickadee,2025,0.0404844257229027,2.9153563902333606e-7,0,1,Okefenokee,3.2743414987790235e-6,6.798097519151122e-4
O-7,Carolina Chickadee,2025,0.0404844257229027,2.6806871309054643e-7,0,1,Okefenokee,3.2743414987790235e-6,6.798097519151122e-4
O-8,Carolina Chickadee,2025,0.0404844257229027,2.6806871309054643e-7,0,1,Okefenokee,3.2743414987790235e-6,6.798097519151122e-4
R-1,Carolina Chickadee,2025,0.0404844257229027,1.3049445356377358,1,5,Sansavilla,0.24888707794044956,0.18825765284600188
R-10,Carolina Chickadee,2025,0.0404844257229027,1.0207111844488115,1,2,Sansavilla,0.24888707794044956,0.18825765284600188
R-11,Carolina Chickadee,2025,0.0404844257229027,0.02037626152105447,0,0,Sansavilla,0.24888707794044956,0.18825765284600188
R-12,Carolina Chickadee,2025,0.0404844257229027,0.02037626152105447,0,2,Sansavilla,0.24888707794044956,0.18825765284600188
R-13,Carolina Chickadee,2025,0.0404844257229027,0.02037626152105447,0,1,Sansavilla,0.24888707794044956,0.18825765284600188
R-2,Carolina Chickadee,2025,0.0404844257229027,0.02037626152105447,0,1,Sansavilla,0.24888707794044956,0.18825765284600188
R-3,Carolina Chickadee,2025,0.0404844257229027,0.020643976038093453,0,2,Sansavilla,0.24888707794044956,0.18825765284600188
R-6,Carolina Chickadee,2025,0.0404844257229027,0.02037626152105447,0,4,Sansavilla,0.24888707794044956,0.18825765284600188
R-7,Carolina Chickadee,2025,0.0404844257229027,0.02037626152105447,0,2,Sansavilla,0.24888707794044956,0.18825765284600188
R-9,Carolina Chickadee,2025,0.0404844257229027,0.02037626152105447,0,1,Sansavilla,0.24888707794044956,0.18825765284600188
M-1,Carolina Wren,2025,0.16380092193574455,6.783170062484151,7,5,Mine,3.1214944082123153,0.7449351385343452
M-10,Carolina Wren,2025,0.16380092193574455,2.054613194436891,2,6,Mine,3.1214944082123153,0.7449351385343452
M-11,Carolina Wren,2025,0.16380092193574455,4.923453188577037,5,3,Mine,3.1214944082123153,0.7449351385343452
M-12,Carolina Wren,2025,0.16380092193574455,1.033556888352503,1,4,Mine,3.1214944082123153,0.7449351385343452
M-2,Carolina Wren,2025,0.16380092193574455,3.832206083649498,4,7,Mine,3.1214944082123153,0.7449351385343452
M-5,Carolina Wren,2025,0.16380092193574455,4.5036555911082505,4,7,Mine,3.1214944082123153,0.7449351385343452
M-6,Carolina Wren,2025,0.16380092193574455,1.4712665733132015,1,7,Mine,3.1214944082123153,0.7449351385343452
M-7,Carolina Wren,2025,0.16380092193574455,2.488352437657098,2,6,Mine,3.1214944082123153,0.7449351385343452
M-9,Carolina Wren,2025,0.16380092193574455,1.0006931318544372,1,4,Mine,3.1214944082123153,0.7449351385343452
O-1,Carolina Wren,2025,0.16380092193574455,11.55401193039433,11,2,Okefenokee,6.671986150602423,1.3477265765477462
O-2,Carolina Wren,2025,0.16380092193574455,5.565738047003103,5,2,Okefenokee,6.671986150602423,1.3477265765477462
O-3,Carolina Wren,2025,0.16380092193574455,13.660452047931994,13,2,Okefenokee,6.671986150602423,1.3477265765477462
O-4,Carolina Wren,2025,0.16380092193574455,4.6984583070656685,4,2,Okefenokee,6.671986150602423,1.3477265765477462
O-5,Carolina Wren,2025,0.16380092193574455,3.1136887909849307,3,1,Okefenokee,6.671986150602423,1.3477265765477462
O-6,Carolina Wren,2025,0.16380092193574455,4.620734781453483,4,1,Okefenokee,6.671986150602423,1.3477265765477462
O-7,Carolina Wren,2025,0.16380092193574455,6.061324659605783,6,1,Okefenokee,6.671986150602423,1.3477265765477462
O-8,Carolina Wren,2025,0.16380092193574455,4.1133407728019105,4,1,Okefenokee,6.671986150602423,1.3477265765477462
R-1,Carolina Wren,2025,0.16380092193574455,6.467709576162641,6,5,Sansavilla,4.454893443199608,0.9031438445140838
R-10,Carolina Wren,2025,0.16380092193574455,5.537222097080383,5,2,Sansavilla,4.454893443199608,0.9031438445140838
R-11,Carolina Wren,2025,0.16380092193574455,12.559962763517069,12,0,Sansavilla,4.454893443199608,0.9031438445140838
R-12,Carolina Wren,2025,0.16380092193574455,1.0020689087184445,1,2,Sansavilla,4.454893443199608,0.9031438445140838
R-13,Carolina Wren,2025,0.16380092193574455,2.741224312377314,3,1,Sansavilla,4.454893443199608,0.9031438445140838
R-2,Carolina Wren,2025,0.16380092193574455,5.54109037228191,5,1,Sansavilla,4.454893443199608,0.9031438445140838
R-3,Carolina Wren,2025,0.16380092193574455,1.0083664600817572,1,2,Sansavilla,4.454893443199608,0.9031438445140838
R-6,Carolina Wren,2025,0.16380092193574455,3.7051804393825742,4,4,Sansavilla,4.454893443199608,0.9031438445140838
R-7,Carolina Wren,2025,0.16380092193574455,1.8874663036023196,2,2,Sansavilla,4.454893443199608,0.9031438445140838
R-9,Carolina Wren,2025,0.16380092193574455,4.097106871275376,4,1,Sansavilla,4.454893443199608,0.9031438445140838
M-1,Chimney Swift,2025,0.04218843007952188,1.1305611662721067,1,5,Mine,0.4494735275220624,0.2577173282735886
M-10,Chimney Swift,2025,0.04218843007952188,0.03245101440224112,0,6,Mine,0.4494735275220624,0.2577173282735886
M-11,Chimney Swift,2025,0.04218843007952188,0.03245101440224112,0,3,Mine,0.4494735275220624,0.2577173282735886
M-12,Chimney Swift,2025,0.04218843007952188,0.03245101440224112,0,4,Mine,0.4494735275220624,0.2577173282735886
M-2,Chimney Swift,2025,0.04218843007952188,1.6530999358959793,2,7,Mine,0.4494735275220624,0.2577173282735886
M-5,Chimney Swift,2025,0.04218843007952188,1.0666959361757757,1,7,Mine,0.4494735275220624,0.2577173282735886
M-6,Chimney Swift,2025,0.04218843007952188,0.03245101440224112,0,7,Mine,0.4494735275220624,0.2577173282735886
M-7,Chimney Swift,2025,0.04218843007952188,0.03245101440224112,0,6,Mine,0.4494735275220624,0.2577173282735886
M-9,Chimney Swift,2025,0.04218843007952188,0.03245101440224112,0,4,Mine,0.4494735275220624,0.2577173282735886
O-1,Chimney Swift,2025,0.04218843007952188,4.505017549476576e-6,0,2,Okefenokee,6.239823829273553e-5,0.0029957430138438774
O-2,Chimney Swift,2025,0.04218843007952188,4.505017549476576e-6,0,2,Okefenokee,6.239823829273553e-5,0.0029957430138438774
O-3,Chimney Swift,2025,0.04218843007952188,4.505017549476576e-6,0,2,Okefenokee,6.239823829273553e-5,0.0029957430138438774
O-4,Chimney Swift,2025,0.04218843007952188,3.0025788039767265e-5,0,2,Okefenokee,6.239823829273553e-5,0.0029957430138438774
O-5,Chimney Swift,2025,0.04218843007952188,4.505017549476576e-6,0,1,Okefenokee,6.239823829273553e-5,0.0029957430138438774
O-6,Chimney Swift,2025,0.04218843007952188,8.297088463774636e-6,0,1,Okefenokee,6.239823829273553e-5,0.0029957430138438774
O-7,Chimney Swift,2025,0.04218843007952188,4.505017549476576e-6,0,1,Okefenokee,6.239823829273553e-5,0.0029957430138438774
O-8,Chimney Swift,2025,0.04218843007952188,4.505017549476576e-6,0,1,Okefenokee,6.239823829273553e-5,0.0029957430138438774
R-1,Chimney Swift,2025,0.04218843007952188,1.0695823901879369,1,5,Sansavilla,0.9416097075943386,0.35654604258888856
R-10,Chimney Swift,2025,0.04218843007952188,1.069572769374264,1,2,Sansavilla,0.9416097075943386,0.35654604258888856
R-11,Chimney Swift,2025,0.04218843007952188,1.069572769374264,1,0,Sansavilla,0.9416097075943386,0.35654604258888856
R-12,Chimney Swift,2025,0.04218843007952188,4.785352637369238,5,2,Sansavilla,0.9416097075943386,0.35654604258888856
R-13,Chimney Swift,2025,0.04218843007952188,1.0694863619810888,1,1,Sansavilla,0.9416097075943386,0.35654604258888856
R-2,Chimney Swift,2025,0.04218843007952188,0.06798217984246933,0,1,Sansavilla,0.9416097075943386,0.35654604258888856
R-3,Chimney Swift,2025,0.04218843007952188,0.08077526113384809,0,2,Sansavilla,0.9416097075943386,0.35654604258888856
R-6,Chimney Swift,2025,0.04218843007952188,0.06798217984246933,0,4,Sansavilla,0.9416097075943386,0.35654604258888856
R-7,Chimney Swift,2025,0.04218843007952188,0.06798217984246933,0,2,Sansavilla,0.9416097075943386,0.35654604258888856
R-9,Chimney Swift,2025,0.04218843007952188,0.06798217984246933,0,1,Sansavilla,0.9416097075943386,0.35654604258888856
M-1,Chuck-will's-widow,2025,0.18566319648549248,10.373250372887085,10,5,Mine,12.916256818404888,2.3908840396402793
M-10,Chuck-will's-widow,2025,0.18566319648549248,17.884573680847236,17,6,Mine,12.916256818404888,2.3908840396402793
M-11,Chuck-will's-widow,2025,0.18566319648549248,12.235224714516432,12,3,Mine,12.916256818404888,2.3908840396402793
M-12,Chuck-will's-widow,2025,0.18566319648549248,14.550499414467453,14,4,Mine,12.916256818404888,2.3908840396402793
M-2,Chuck-will's-widow,2025,0.18566319648549248,8.873514787018241,9,7,Mine,12.916256818404888,2.3908840396402793
M-5,Chuck-will's-widow,2025,0.18566319648549248,8.97770845124414,9,7,Mine,12.916256818404888,2.3908840396402793
M-6,Chuck-will's-widow,2025,0.18566319648549248,13.684504825373832,13,7,Mine,12.916256818404888,2.3908840396402793
M-7,Chuck-will's-widow,2025,0.18566319648549248,13.280300272473657,13,6,Mine,12.916256818404888,2.3908840396402793
M-9,Chuck-will's-widow,2025,0.18566319648549248,16.37242959412033,16,4,Mine,12.916256818404888,2.3908840396402793
O-1,Chuck-will's-widow,2025,0.18566319648549248,1.0000215575666764,1,2,Okefenokee,6.720227066696647,1.362221641028854
O-2,Chuck-will's-widow,2025,0.18566319648549248,1.012911742536805,1,2,Okefenokee,6.720227066696647,1.362221641028854
O-3,Chuck-will's-widow,2025,0.18566319648549248,2.9644874708431943,3,2,Okefenokee,6.720227066696647,1.362221641028854
O-4,Chuck-will's-widow,2025,0.18566319648549248,6.796697874447595,6,2,Okefenokee,6.720227066696647,1.362221641028854
O-5,Chuck-will's-widow,2025,0.18566319648549248,9.45693887284675,9,1,Okefenokee,6.720227066696647,1.362221641028854
O-6,Chuck-will's-widow,2025,0.18566319648549248,9.77985115860407,9,1,Okefenokee,6.720227066696647,1.362221641028854
O-7,Chuck-will's-widow,2025,0.18566319648549248,13.104995086348227,13,1,Okefenokee,6.720227066696647,1.362221641028854
O-8,Chuck-will's-widow,2025,0.18566319648549248,9.640547521295654,9,1,Okefenokee,6.720227066696647,1.362221641028854
R-1,Chuck-will's-widow,2025,0.18566319648549248,15.84529512786164,15,5,Sansavilla,11.194777896650626,2.0925076434857517
R-10,Chuck-will's-widow,2025,0.18566319648549248,9.041851194326188,9,2,Sansavilla,11.194777896650626,2.0925076434857517
R-11,Chuck-will's-widow,2025,0.18566319648549248,10.842679173890662,11,0,Sansavilla,11.194777896650626,2.0925076434857517
R-12,Chuck-will's-widow,2025,0.18566319648549248,14.568121551725794,14,2,Sansavilla,11.194777896650626,2.0925076434857517
R-13,Chuck-will's-widow,2025,0.18566319648549248,11.16326735603117,11,1,Sansavilla,11.194777896650626,2.0925076434857517
R-2,Chuck-will's-widow,2025,0.18566319648549248,9.393040619343674,9,1,Sansavilla,11.194777896650626,2.0925076434857517
R-3,Chuck-will's-widow,2025,0.18566319648549248,8.643172354700708,8,2,Sansavilla,11.194777896650626,2.0925076434857517
R-6,Chuck-will's-widow,2025,0.18566319648549248,8.27184339748454,8,4,Sansavilla,11.194777896650626,2.0925076434857517
R-7,Chuck-will's-widow,2025,0.18566319648549248,12.85608641354765,12,2,Sansavilla,11.194777896650626,2.0925076434857517
R-9,Chuck-will's-widow,2025,0.18566319648549248,11.340018502707009,11,1,Sansavilla,11.194777896650626,2.0925076434857517
M-1,Common Grackle,2025,0.027758017210928167,1.7758560161120112,2,5,Mine,1.3694977122416971,0.6042604632882014
M-10,Common Grackle,2025,0.027758017210928167,1.4679156603427383,1,6,Mine,1.3694977122416971,0.6042604632882014
M-11,Common Grackle,2025,0.027758017210928167,1.4633667449979075,1,3,Mine,1.3694977122416971,0.6042604632882014
M-12,Common Grackle,2025,0.027758017210928167,1.4685116086041385,1,4,Mine,1.3694977122416971,0.6042604632882014
M-2,Common Grackle,2025,0.027758017210928167,2.4382515266221634,2,7,Mine,1.3694977122416971,0.6042604632882014
M-5,Common Grackle,2025,0.027758017210928167,1.7476557800054247,2,7,Mine,1.3694977122416971,0.6042604632882014
M-6,Common Grackle,2025,0.027758017210928167,0.2475809778708057,0,7,Mine,1.3694977122416971,0.6042604632882014
M-7,Common Grackle,2025,0.027758017210928167,1.4687589424728962,1,6,Mine,1.3694977122416971,0.6042604632882014
M-9,Common Grackle,2025,0.027758017210928167,0.2475809778708057,0,4,Mine,1.3694977122416971,0.6042604632882014
O-1,Common Grackle,2025,0.027758017210928167,3.7981260320407024,4,2,Okefenokee,2.525109434438109,1.0705801233378527
O-2,Common Grackle,2025,0.027758017210928167,2.2143007920749067,2,2,Okefenokee,2.525109434438109,1.0705801233378527
O-3,Common Grackle,2025,0.027758017210928167,7.703095484301192,7,2,Okefenokee,2.525109434438109,1.0705801233378527
O-4,Common Grackle,2025,0.027758017210928167,1.5558632088519722,1,2,Okefenokee,2.525109434438109,1.0705801233378527
O-5,Common Grackle,2025,0.027758017210928167,1.7921860222272286,1,1,Okefenokee,2.525109434438109,1.0705801233378527
O-6,Common Grackle,2025,0.027758017210928167,0.46648600037722043,0,1,Okefenokee,2.525109434438109,1.0705801233378527
O-7,Common Grackle,2025,0.027758017210928167,2.2143204262141345,2,1,Okefenokee,2.525109434438109,1.0705801233378527
O-8,Common Grackle,2025,0.027758017210928167,0.45649514958711424,0,1,Okefenokee,2.525109434438109,1.0705801233378527
R-1,Common Grackle,2025,0.027758017210928167,1.1778084786363066,1,5,Sansavilla,0.49969667305515364,0.25870771034941004
R-10,Common Grackle,2025,0.027758017210928167,0.09033632538989535,0,2,Sansavilla,0.49969667305515364,0.25870771034941004
R-11,Common Grackle,2025,0.027758017210928167,1.0928242008060594,1,0,Sansavilla,0.49969667305515364,0.25870771034941004
R-12,Common Grackle,2025,0.027758017210928167,1.0929601508107842,1,2,Sansavilla,0.49969667305515364,0.25870771034941004
R-13,Common Grackle,2025,0.027758017210928167,0.09033632538989535,0,1,Sansavilla,0.49969667305515364,0.25870771034941004
R-2,Common Grackle,2025,0.027758017210928167,0.09033632538989535,0,1,Sansavilla,0.49969667305515364,0.25870771034941004
R-3,Common Grackle,2025,0.027758017210928167,0.09063182846964879,0,2,Sansavilla,0.49969667305515364,0.25870771034941004
R-6,Common Grackle,2025,0.027758017210928167,0.09033632538989535,0,4,Sansavilla,0.49969667305515364,0.25870771034941004
R-7,Common Grackle,2025,0.027758017210928167,1.0910611806635342,1,2,Sansavilla,0.49969667305515364,0.25870771034941004
R-9,Common Grackle,2025,0.027758017210928167,0.09033632538989535,0,1,Sansavilla,0.49969667305515364,0.25870771034941004
M-1,Common Ground Dove,2025,0.05473059279798837,1.0060941060573632e-6,0,5,Mine,3.2438632679436846e-5,0.001928657176094823
M-10,Common Ground Dove,2025,0.05473059279798837,1.0060941060573632e-6,0,6,Mine,3.2438632679436846e-5,0.001928657176094823
M-11,Common Ground Dove,2025,0.05473059279798837,1.0060941060573632e-6,0,3,Mine,3.2438632679436846e-5,0.001928657176094823
M-12,Common Ground Dove,2025,0.05473059279798837,1.0060941060573632e-6,0,4,Mine,3.2438632679436846e-5,0.001928657176094823
M-2,Common Ground Dove,2025,0.05473059279798837,1.0060941060573632e-6,0,7,Mine,3.2438632679436846e-5,0.001928657176094823
M-5,Common Ground Dove,2025,0.05473059279798837,1.0060941060573632e-6,0,7,Mine,3.2438632679436846e-5,0.001928657176094823
M-6,Common Ground Dove,2025,0.05473059279798837,1.0060941060573632e-6,0,7,Mine,3.2438632679436846e-5,0.001928657176094823
M-7,Common Ground Dove,2025,0.05473059279798837,1.0060941060573632e-6,0,6,Mine,3.2438632679436846e-5,0.001928657176094823
M-9,Common Ground Dove,2025,0.05473059279798837,1.0060941060573632e-6,0,4,Mine,3.2438632679436846e-5,0.001928657176094823
O-1,Common Ground Dove,2025,0.05473059279798837,4.3469845901747396e-8,0,2,Okefenokee,1.401561101838031e-6,4.376314702549103e-4
O-2,Common Ground Dove,2025,0.05473059279798837,4.3469845901747396e-8,0,2,Okefenokee,1.401561101838031e-6,4.376314702549103e-4
O-3,Common Ground Dove,2025,0.05473059279798837,4.3469845901747396e-8,0,2,Okefenokee,1.401561101838031e-6,4.376314702549103e-4
O-4,Common Ground Dove,2025,0.05473059279798837,5.400224379976523e-7,0,2,Okefenokee,1.401561101838031e-6,4.376314702549103e-4
O-5,Common Ground Dove,2025,0.05473059279798837,4.3469845901747396e-8,0,1,Okefenokee,1.401561101838031e-6,4.376314702549103e-4
O-6,Common Ground Dove,2025,0.05473059279798837,1.4985674867370878e-7,0,1,Okefenokee,1.401561101838031e-6,4.376314702549103e-4
O-7,Common Ground Dove,2025,0.05473059279798837,4.3469845901747396e-8,0,1,Okefenokee,1.401561101838031e-6,4.376314702549103e-4
O-8,Common Ground Dove,2025,0.05473059279798837,4.3469845901747396e-8,0,1,Okefenokee,1.401561101838031e-6,4.376314702549103e-4
R-1,Common Ground Dove,2025,0.05473059279798837,0.028686979850906014,0,5,Sansavilla,0.9249297818795584,0.34701643249525266
R-10,Common Ground Dove,2025,0.05473059279798837,0.028686979850906014,0,2,Sansavilla,0.9249297818795584,0.34701643249525266
R-11,Common Ground Dove,2025,0.05473059279798837,1.123752654949188,1,0,Sansavilla,0.9249297818795584,0.34701643249525266
R-12,Common Ground Dove,2025,0.05473059279798837,4.8494879560482564,5,2,Sansavilla,0.9249297818795584,0.34701643249525266
R-13,Common Ground Dove,2025,0.05473059279798837,1.029583448768638,1,1,Sansavilla,0.9249297818795584,0.34701643249525266
R-2,Common Ground Dove,2025,0.05473059279798837,0.028686979850906014,0,1,Sansavilla,0.9249297818795584,0.34701643249525266
R-3,Common Ground Dove,2025,0.05473059279798837,1.0429231878679894,1,2,Sansavilla,0.9249297818795584,0.34701643249525266
R-6,Common Ground Dove,2025,0.05473059279798837,0.028686979850906014,0,4,Sansavilla,0.9249297818795584,0.34701643249525266
R-7,Common Ground Dove,2025,0.05473059279798837,0.028686979850906014,0,2,Sansavilla,0.9249297818795584,0.34701643249525266
R-9,Common Ground Dove,2025,0.05473059279798837,1.0605007703979619,1,1,Sansavilla,0.9249297818795584,0.34701643249525266
M-1,Common Nighthawk,2025,0.2948498243922162,10.40498853469882,10,5,Mine,9.085823068776062,1.5043407562825917
M-10,Common Nighthawk,2025,0.2948498243922162,11.422528207614977,11,6,Mine,9.085823068776062,1.5043407562825917
M-11,Common Nighthawk,2025,0.2948498243922162,10.049712194092784,10,3,Mine,9.085823068776062,1.5043407562825917
M-12,Common Nighthawk,2025,0.2948498243922162,12.948914654046606,12,4,Mine,9.085823068776062,1.5043407562825917
M-2,Common Nighthawk,2025,0.2948498243922162,3.517270016986577,3,7,Mine,9.085823068776062,1.5043407562825917
M-5,Common Nighthawk,2025,0.2948498243922162,8.281964855018561,8,7,Mine,9.085823068776062,1.5043407562825917
M-6,Common Nighthawk,2025,0.2948498243922162,9.314503099984476,9,7,Mine,9.085823068776062,1.5043407562825917
M-7,Common Nighthawk,2025,0.2948498243922162,4.409494223942532,4,6,Mine,9.085823068776062,1.5043407562825917
M-9,Common Nighthawk,2025,0.2948498243922162,11.422528207614977,11,4,Mine,9.085823068776062,1.5043407562825917
O-1,Common Nighthawk,2025,0.2948498243922162,1.0000000085555458,1,2,Okefenokee,5.6942362118596135,1.0841513689206717
O-2,Common Nighthawk,2025,0.2948498243922162,1.0009489833418448,1,2,Okefenokee,5.6942362118596135,1.0841513689206717
O-3,Common Nighthawk,2025,0.2948498243922162,1.0015788249209454,1,2,Okefenokee,5.6942362118596135,1.0841513689206717
O-4,Common Nighthawk,2025,0.2948498243922162,0.026487612047651016,0,2,Okefenokee,5.6942362118596135,1.0841513689206717
O-5,Common Nighthawk,2025,0.2948498243922162,10.856755199433337,10,1,Okefenokee,5.6942362118596135,1.0841513689206717
O-6,Common Nighthawk,2025,0.2948498243922162,9.95536771831627,9,1,Okefenokee,5.6942362118596135,1.0841513689206717
O-7,Common Nighthawk,2025,0.2948498243922162,10.856755199433337,10,1,Okefenokee,5.6942362118596135,1.0841513689206717
O-8,Common Nighthawk,2025,0.2948498243922162,10.856755199433337,10,1,Okefenokee,5.6942362118596135,1.0841513689206717
R-1,Common Nighthawk,2025,0.2948498243922162,10.74152110988898,10,5,Sansavilla,5.508645546198783,0.9833935525785504
R-10,Common Nighthawk,2025,0.2948498243922162,1.0000101574372668,1,2,Sansavilla,5.508645546198783,0.9833935525785504
R-11,Common Nighthawk,2025,0.2948498243922162,4.940844623723325,5,0,Sansavilla,5.508645546198783,0.9833935525785504
R-12,Common Nighthawk,2025,0.2948498243922162,6.592944895306209,6,2,Sansavilla,5.508645546198783,0.9833935525785504
R-13,Common Nighthawk,2025,0.2948498243922162,1.812814597269388,2,1,Sansavilla,5.508645546198783,0.9833935525785504
R-2,Common Nighthawk,2025,0.2948498243922162,9.894776580141706,10,1,Sansavilla,5.508645546198783,0.9833935525785504
R-3,Common Nighthawk,2025,0.2948498243922162,10.499215028993971,10,2,Sansavilla,5.508645546198783,0.9833935525785504
R-6,Common Nighthawk,2025,0.2948498243922162,2.243448898601906,2,4,Sansavilla,5.508645546198783,0.9833935525785504
R-7,Common Nighthawk,2025,0.2948498243922162,3.322100772007644,3,2,Sansavilla,5.508645546198783,0.9833935525785504
R-9,Common Nighthawk,2025,0.2948498243922162,4.0388906988403335,4,1,Sansavilla,5.508645546198783,0.9833935525785504
M-1,Common Yellowthroat,2025,0.07548101828612383,2.3250288029270067e-6,0,5,Mine,2.769350110803049e-4,0.005570549341287152
M-10,Common Yellowthroat,2025,0.07548101828612383,2.3250288029270067e-6,0,6,Mine,2.769350110803049e-4,0.005570549341287152
M-11,Common Yellowthroat,2025,0.07548101828612383,2.3250288029270067e-6,0,3,Mine,2.769350110803049e-4,0.005570549341287152
M-12,Common Yellowthroat,2025,0.07548101828612383,2.3250288029270067e-6,0,4,Mine,2.769350110803049e-4,0.005570549341287152
M-2,Common Yellowthroat,2025,0.07548101828612383,2.3250288029270067e-6,0,7,Mine,2.769350110803049e-4,0.005570549341287152
M-5,Common Yellowthroat,2025,0.07548101828612383,2.3250288029270067e-6,0,7,Mine,2.769350110803049e-4,0.005570549341287152
M-6,Common Yellowthroat,2025,0.07548101828612383,2.3250288029270067e-6,0,7,Mine,2.769350110803049e-4,0.005570549341287152
M-7,Common Yellowthroat,2025,0.07548101828612383,2.3250288029270067e-6,0,6,Mine,2.769350110803049e-4,0.005570549341287152
M-9,Common Yellowthroat,2025,0.07548101828612383,2.3250288029270067e-6,0,4,Mine,2.769350110803049e-4,0.005570549341287152
O-1,Common Yellowthroat,2025,0.07548101828612383,5.445155101809724,5,2,Okefenokee,3.7514597274418335,0.991998236446093
O-2,Common Yellowthroat,2025,0.07548101828612383,6.000181567974966,6,2,Okefenokee,3.7514597274418335,0.991998236446093
O-3,Common Yellowthroat,2025,0.07548101828612383,1.6950473565692565,2,2,Okefenokee,3.7514597274418335,0.991998236446093
O-4,Common Yellowthroat,2025,0.07548101828612383,4.370612638475347,4,2,Okefenokee,3.7514597274418335,0.991998236446093
O-5,Common Yellowthroat,2025,0.07548101828612383,1.0325002977935556,1,1,Okefenokee,3.7514597274418335,0.991998236446093
O-6,Common Yellowthroat,2025,0.07548101828612383,7.924918177559097,8,1,Okefenokee,3.7514597274418335,0.991998236446093
O-7,Common Yellowthroat,2025,0.07548101828612383,3.5149676243533263,3,1,Okefenokee,3.7514597274418335,0.991998236446093
O-8,Common Yellowthroat,2025,0.07548101828612383,0.03149566349627677,0,1,Okefenokee,3.7514597274418335,0.991998236446093
R-1,Common Yellowthroat,2025,0.07548101828612383,1.0830571333999772,1,5,Sansavilla,1.09892859344155,0.3770829705162272
R-10,Common Yellowthroat,2025,0.07548101828612383,0.009226138010302937,0,2,Sansavilla,1.09892859344155,0.3770829705162272
R-11,Common Yellowthroat,2025,0.07548101828612383,1.9146524889098027,2,0,Sansavilla,1.09892859344155,0.3770829705162272
R-12,Common Yellowthroat,2025,0.07548101828612383,0.009226138010302937,0,2,Sansavilla,1.09892859344155,0.3770829705162272
R-13,Common Yellowthroat,2025,0.07548101828612383,1.020100136397017,1,1,Sansavilla,1.09892859344155,0.3770829705162272
R-2,Common Yellowthroat,2025,0.07548101828612383,1.4981656073060632,1,1,Sansavilla,1.09892859344155,0.3770829705162272
R-3,Common Yellowthroat,2025,0.07548101828612383,0.010895355345240831,0,2,Sansavilla,1.09892859344155,0.3770829705162272
R-6,Common Yellowthroat,2025,0.07548101828612383,3.3624743857738957,3,4,Sansavilla,1.09892859344155,0.3770829705162272
R-7,Common Yellowthroat,2025,0.07548101828612383,1.040202374678267,1,2,Sansavilla,1.09892859344155,0.3770829705162272
R-9,Common Yellowthroat,2025,0.07548101828612383,1.040520245413678,1,1,Sansavilla,1.09892859344155,0.3770829705162272
M-1,Downy Woodpecker,2025,0.0023090367939026784,3.8066927940637026e-4,0,5,Mine,4.3829367391254813e-4,0.019247423477784076
M-10,Downy Woodpecker,2025,0.0023090367939026784,3.8066927940637026e-4,0,6,Mine,4.3829367391254813e-4,0.019247423477784076
M-11,Downy Woodpecker,2025,0.0023090367939026784,3.8066927940637026e-4,0,3,Mine,4.3829367391254813e-4,0.019247423477784076
M-12,Downy Woodpecker,2025,0.0023090367939026784,3.8066927940637026e-4,0,4,Mine,4.3829367391254813e-4,0.019247423477784076
M-2,Downy Woodpecker,2025,0.0023090367939026784,3.8066927940637026e-4,0,7,Mine,4.3829367391254813e-4,0.019247423477784076
M-5,Downy Woodpecker,2025,0.0023090367939026784,3.8066927940637026e-4,0,7,Mine,4.3829367391254813e-4,0.019247423477784076
M-6,Downy Woodpecker,2025,0.0023090367939026784,3.8066927940637026e-4,0,7,Mine,4.3829367391254813e-4,0.019247423477784076
M-7,Downy Woodpecker,2025,0.0023090367939026784,3.8066927940637026e-4,0,6,Mine,4.3829367391254813e-4,0.019247423477784076
M-9,Downy Woodpecker,2025,0.0023090367939026784,3.8066927940637026e-4,0,4,Mine,4.3829367391254813e-4,0.019247423477784076
O-1,Downy Woodpecker,2025,0.0023090367939026784,15.189239052890736,15,2,Okefenokee,14.270707262487063,7.262556300856935
O-2,Downy Woodpecker,2025,0.0023090367939026784,13.397045228228022,13,2,Okefenokee,14.270707262487063,7.262556300856935
O-3,Downy Woodpecker,2025,0.0023090367939026784,14.321643381241485,14,2,Okefenokee,14.270707262487063,7.262556300856935
O-4,Downy Woodpecker,2025,0.0023090367939026784,13.615238949190072,13,2,Okefenokee,14.270707262487063,7.262556300856935
O-5,Downy Woodpecker,2025,0.0023090367939026784,15.18535369131248,15,1,Okefenokee,14.270707262487063,7.262556300856935
O-6,Downy Woodpecker,2025,0.0023090367939026784,13.862959890154798,13,1,Okefenokee,14.270707262487063,7.262556300856935
O-7,Downy Woodpecker,2025,0.0023090367939026784,13.399259095283737,13,1,Okefenokee,14.270707262487063,7.262556300856935
O-8,Downy Woodpecker,2025,0.0023090367939026784,15.19497985276466,15,1,Okefenokee,14.270707262487063,7.262556300856935
R-1,Downy Woodpecker,2025,0.0023090367939026784,1.6253866668032006e-5,0,5,Sansavilla,1.8714320599565664e-5,0.0037872350624840122
R-10,Downy Woodpecker,2025,0.0023090367939026784,1.6253866668032006e-5,0,2,Sansavilla,1.8714320599565664e-5,0.0037872350624840122
R-11,Downy Woodpecker,2025,0.0023090367939026784,1.6253866668032006e-5,0,0,Sansavilla,1.8714320599565664e-5,0.0037872350624840122
R-12,Downy Woodpecker,2025,0.0023090367939026784,1.6253866668032006e-5,0,2,Sansavilla,1.8714320599565664e-5,0.0037872350624840122
R-13,Downy Woodpecker,2025,0.0023090367939026784,1.6253866668032006e-5,0,1,Sansavilla,1.8714320599565664e-5,0.0037872350624840122
R-2,Downy Woodpecker,2025,0.0023090367939026784,1.6253866668032006e-5,0,1,Sansavilla,1.8714320599565664e-5,0.0037872350624840122
R-3,Downy Woodpecker,2025,0.0023090367939026784,1.64223029507106e-5,0,2,Sansavilla,1.8714320599565664e-5,0.0037872350624840122
R-6,Downy Woodpecker,2025,0.0023090367939026784,1.6253866668032006e-5,0,4,Sansavilla,1.8714320599565664e-5,0.0037872350624840122
R-7,Downy Woodpecker,2025,0.0023090367939026784,1.6253866668032006e-5,0,2,Sansavilla,1.8714320599565664e-5,0.0037872350624840122
R-9,Downy Woodpecker,2025,0.0023090367939026784,1.6253866668032006e-5,0,1,Sansavilla,1.8714320599565664e-5,0.0037872350624840122
M-1,Eastern Bluebird,2025,0.036257335157624755,2.24535760115128,2,5,Mine,2.8202792380622936,1.0121549053926107
M-10,Eastern Bluebird,2025,0.036257335157624755,1.8808492139336521,2,6,Mine,2.8202792380622936,1.0121549053926107
M-11,Eastern Bluebird,2025,0.036257335157624755,6.459669469953962,6,3,Mine,2.8202792380622936,1.0121549053926107
M-12,Eastern Bluebird,2025,0.036257335157624755,4.2622324087215775,4,4,Mine,2.8202792380622936,1.0121549053926107
M-2,Eastern Bluebird,2025,0.036257335157624755,1.879884025086698,2,7,Mine,2.8202792380622936,1.0121549053926107
M-5,Eastern Bluebird,2025,0.036257335157624755,1.5527946039236349,1,7,Mine,2.8202792380622936,1.0121549053926107
M-6,Eastern Bluebird,2025,0.036257335157624755,3.2912294855416238,3,7,Mine,2.8202792380622936,1.0121549053926107
M-7,Eastern Bluebird,2025,0.036257335157624755,1.55301246482565,1,6,Mine,2.8202792380622936,1.0121549053926107
M-9,Eastern Bluebird,2025,0.036257335157624755,2.2603551201475143,2,4,Mine,2.8202792380622936,1.0121549053926107
O-1,Eastern Bluebird,2025,0.036257335157624755,13.707669157111315,13,2,Okefenokee,10.350665824708237,3.2832293332999236
O-2,Eastern Bluebird,2025,0.036257335157624755,10.443464118170802,10,2,Okefenokee,10.350665824708237,3.2832293332999236
O-3,Eastern Bluebird,2025,0.036257335157624755,13.938852727647536,14,2,Okefenokee,10.350665824708237,3.2832293332999236
O-4,Eastern Bluebird,2025,0.036257335157624755,8.071877034417927,8,2,Okefenokee,10.350665824708237,3.2832293332999236
O-5,Eastern Bluebird,2025,0.036257335157624755,4.68969335707844,4,1,Okefenokee,10.350665824708237,3.2832293332999236
O-6,Eastern Bluebird,2025,0.036257335157624755,15.1966032784402,15,1,Okefenokee,10.350665824708237,3.2832293332999236
O-7,Eastern Bluebird,2025,0.036257335157624755,8.820952849662977,9,1,Okefenokee,10.350665824708237,3.2832293332999236
O-8,Eastern Bluebird,2025,0.036257335157624755,7.90820941074688,8,1,Okefenokee,10.350665824708237,3.2832293332999236
R-1,Eastern Bluebird,2025,0.036257335157624755,1.075003922007749,1,5,Sansavilla,0.6904442862375999,0.3206627477769341
R-10,Eastern Bluebird,2025,0.036257335157624755,0.0735138021953229,0,2,Sansavilla,0.6904442862375999,0.3206627477769341
R-11,Eastern Bluebird,2025,0.036257335157624755,1.7244603530711566,2,0,Sansavilla,0.6904442862375999,0.3206627477769341
R-12,Eastern Bluebird,2025,0.036257335157624755,0.0735138021953229,0,2,Sansavilla,0.6904442862375999,0.3206627477769341
R-13,Eastern Bluebird,2025,0.036257335157624755,0.0735138021953229,0,1,Sansavilla,0.6904442862375999,0.3206627477769341
R-2,Eastern Bluebird,2025,0.036257335157624755,0.0735138021953229,0,1,Sansavilla,0.6904442862375999,0.3206627477769341
R-3,Eastern Bluebird,2025,0.036257335157624755,1.5072495601795513,1,2,Sansavilla,0.6904442862375999,0.3206627477769341
R-6,Eastern Bluebird,2025,0.036257335157624755,1.0741892938119004,1,4,Sansavilla,0.6904442862375999,0.3206627477769341
R-7,Eastern Bluebird,2025,0.036257335157624755,1.1487424395985144,1,2,Sansavilla,0.6904442862375999,0.3206627477769341
R-9,Eastern Bluebird,2025,0.036257335157624755,0.0735138021953229,0,1,Sansavilla,0.6904442862375999,0.3206627477769341
M-1,Eastern Kingbird,2025,0.05714922551358868,0.01055959057264651,0,5,Mine,0.38143570612599637,0.2187818204788197
M-10,Eastern Kingbird,2025,0.05714922551358868,0.01055959057264651,0,6,Mine,0.38143570612599637,0.2187818204788197
M-11,Eastern Kingbird,2025,0.05714922551358868,1.3358654189914416,1,3,Mine,0.38143570612599637,0.2187818204788197
M-12,Eastern Kingbird,2025,0.05714922551358868,0.01055959057264651,0,4,Mine,0.38143570612599637,0.2187818204788197
M-2,Eastern Kingbird,2025,0.05714922551358868,0.01055959057264651,0,7,Mine,0.38143570612599637,0.2187818204788197
M-5,Eastern Kingbird,2025,0.05714922551358868,1.0108779338518552,1,7,Mine,0.38143570612599637,0.2187818204788197
M-6,Eastern Kingbird,2025,0.05714922551358868,0.01055959057264651,0,7,Mine,0.38143570612599637,0.2187818204788197
M-7,Eastern Kingbird,2025,0.05714922551358868,0.01055959057264651,0,6,Mine,0.38143570612599637,0.2187818204788197
M-9,Eastern Kingbird,2025,0.05714922551358868,1.0228255022383894,1,4,Mine,0.38143570612599637,0.2187818204788197
O-1,Eastern Kingbird,2025,0.05714922551358868,12.482049050863148,12,2,Okefenokee,4.984610226225222,1.1873725523874359
O-2,Eastern Kingbird,2025,0.05714922551358868,9.729425478633782,10,2,Okefenokee,4.984610226225222,1.1873725523874359
O-3,Eastern Kingbird,2025,0.05714922551358868,4.271085351879427,4,2,Okefenokee,4.984610226225222,1.1873725523874359
O-4,Eastern Kingbird,2025,0.05714922551358868,3.859845554941496,3,2,Okefenokee,4.984610226225222,1.1873725523874359
O-5,Eastern Kingbird,2025,0.05714922551358868,1.1443839951375443,1,1,Okefenokee,4.984610226225222,1.1873725523874359
O-6,Eastern Kingbird,2025,0.05714922551358868,2.7450206402888044,3,1,Okefenokee,4.984610226225222,1.1873725523874359
O-7,Eastern Kingbird,2025,0.05714922551358868,1.4781829924358036,1,1,Okefenokee,4.984610226225222,1.1873725523874359
O-8,Eastern Kingbird,2025,0.05714922551358868,4.16691262501025,4,1,Okefenokee,4.984610226225222,1.1873725523874359
R-1,Eastern Kingbird,2025,0.05714922551358868,1.418679714506331,1,5,Sansavilla,1.062560355114388,0.36201510703034584
R-10,Eastern Kingbird,2025,0.05714922551358868,1.0305794454159316,1,2,Sansavilla,1.062560355114388,0.36201510703034584
R-11,Eastern Kingbird,2025,0.05714922551358868,4.96386024909158,5,0,Sansavilla,1.062560355114388,0.36201510703034584
R-12,Eastern Kingbird,2025,0.05714922551358868,0.02941571050778227,0,2,Sansavilla,1.062560355114388,0.36201510703034584
R-13,Eastern Kingbird,2025,0.05714922551358868,0.02941571050778227,0,1,Sansavilla,1.062560355114388,0.36201510703034584
R-2,Eastern Kingbird,2025,0.05714922551358868,1.030046164585682,1,1,Sansavilla,1.062560355114388,0.36201510703034584
R-3,Eastern Kingbird,2025,0.05714922551358868,0.03330423684534154,0,2,Sansavilla,1.062560355114388,0.36201510703034584
R-6,Eastern Kingbird,2025,0.05714922551358868,0.02941571050778227,0,4,Sansavilla,1.062560355114388,0.36201510703034584
R-7,Eastern Kingbird,2025,0.05714922551358868,1.0301578103704567,1,2,Sansavilla,1.062560355114388,0.36201510703034584
R-9,Eastern Kingbird,2025,0.05714922551358868,1.0306998428459624,1,1,Sansavilla,1.062560355114388,0.36201510703034584
M-1,Eastern Screech-Owl,2025,0.02312314858873675,3.1275073789187444,3,5,Mine,6.5989514269016505,2.4942695306678635
M-10,Eastern Screech-Owl,2025,0.02312314858873675,9.201209771470754,9,6,Mine,6.5989514269016505,2.4942695306678635
M-11,Eastern Screech-Owl,2025,0.02312314858873675,5.056797829249501,5,3,Mine,6.5989514269016505,2.4942695306678635
M-12,Eastern Screech-Owl,2025,0.02312314858873675,6.637346261196364,6,4,Mine,6.5989514269016505,2.4942695306678635
M-2,Eastern Screech-Owl,2025,0.02312314858873675,4.432248100358756,4,7,Mine,6.5989514269016505,2.4942695306678635
M-5,Eastern Screech-Owl,2025,0.02312314858873675,10.809461379324958,10,7,Mine,6.5989514269016505,2.4942695306678635
M-6,Eastern Screech-Owl,2025,0.02312314858873675,6.112016127185236,6,7,Mine,6.5989514269016505,2.4942695306678635
M-7,Eastern Screech-Owl,2025,0.02312314858873675,8.081291421450722,8,6,Mine,6.5989514269016505,2.4942695306678635
M-9,Eastern Screech-Owl,2025,0.02312314858873675,5.932683314905101,6,4,Mine,6.5989514269016505,2.4942695306678635
O-1,Eastern Screech-Owl,2025,0.02312314858873675,0.13144985144693894,0,2,Okefenokee,0.5819834169719207,0.41011679903439585
O-2,Eastern Screech-Owl,2025,0.02312314858873675,0.13144985144693894,0,2,Okefenokee,0.5819834169719207,0.41011679903439585
O-3,Eastern Screech-Owl,2025,0.02312314858873675,0.13144985144693894,0,2,Okefenokee,0.5819834169719207,0.41011679903439585
O-4,Eastern Screech-Owl,2025,0.02312314858873675,0.47183651760620865,0,2,Okefenokee,0.5819834169719207,0.41011679903439585
O-5,Eastern Screech-Owl,2025,0.02312314858873675,0.13144985144693894,0,1,Okefenokee,0.5819834169719207,0.41011679903439585
O-6,Eastern Screech-Owl,2025,0.02312314858873675,0.3438714192789643,0,1,Okefenokee,0.5819834169719207,0.41011679903439585
O-7,Eastern Screech-Owl,2025,0.02312314858873675,2.0664095106317406,2,1,Okefenokee,0.5819834169719207,0.41011679903439585
O-8,Eastern Screech-Owl,2025,0.02312314858873675,1.2479968673060595,1,1,Okefenokee,0.5819834169719207,0.41011679903439585
R-1,Eastern Screech-Owl,2025,0.02312314858873675,0.3483303570661928,0,5,Sansavilla,1.5422040360560096,0.6262644082669863
R-10,Eastern Screech-Owl,2025,0.02312314858873675,0.3483303570661928,0,2,Sansavilla,1.5422040360560096,0.6262644082669863
R-11,Eastern Screech-Owl,2025,0.02312314858873675,1.6508782003444409,1,0,Sansavilla,1.5422040360560096,0.6262644082669863
R-12,Eastern Screech-Owl,2025,0.02312314858873675,3.1348310008219267,3,2,Sansavilla,1.5422040360560096,0.6262644082669863
R-13,Eastern Screech-Owl,2025,0.02312314858873675,1.6557342173249556,1,1,Sansavilla,1.5422040360560096,0.6262644082669863
R-2,Eastern Screech-Owl,2025,0.02312314858873675,1.3527688787279213,1,1,Sansavilla,1.5422040360560096,0.6262644082669863
R-3,Eastern Screech-Owl,2025,0.02312314858873675,1.478695501853007,1,2,Sansavilla,1.5422040360560096,0.6262644082669863
R-6,Eastern Screech-Owl,2025,0.02312314858873675,1.3598750030726758,1,4,Sansavilla,1.5422040360560096,0.6262644082669863
R-7,Eastern Screech-Owl,2025,0.02312314858873675,2.7299402580954877,2,2,Sansavilla,1.5422040360560096,0.6262644082669863
R-9,Eastern Screech-Owl,2025,0.02312314858873675,1.3626730693891653,1,1,Sansavilla,1.5422040360560096,0.6262644082669863
M-1,Eastern Towhee,2025,0.7079339616408881,3.3924841339069136,3,5,Mine,2.3686647691963354,0.562948577798529
M-10,Eastern Towhee,2025,0.7079339616408881,1.0198038300860486,1,6,Mine,2.3686647691963354,0.562948577798529
M-11,Eastern Towhee,2025,0.7079339616408881,4.438411918770528,4,3,Mine,2.3686647691963354,0.562948577798529
M-12,Eastern Towhee,2025,0.7079339616408881,1.0056254907639512,1,4,Mine,2.3686647691963354,0.562948577798529
M-2,Eastern Towhee,2025,0.7079339616408881,2.0401464344503073,2,7,Mine,2.3686647691963354,0.562948577798529
M-5,Eastern Towhee,2025,0.7079339616408881,1.9762156206768495,2,7,Mine,2.3686647691963354,0.562948577798529
M-6,Eastern Towhee,2025,0.7079339616408881,1.0053231151536783,1,7,Mine,2.3686647691963354,0.562948577798529
M-7,Eastern Towhee,2025,0.7079339616408881,4.438411918770528,4,6,Mine,2.3686647691963354,0.562948577798529
M-9,Eastern Towhee,2025,0.7079339616408881,2.0017937811479,2,4,Mine,2.3686647691963354,0.562948577798529
O-1,Eastern Towhee,2025,0.7079339616408881,4.740655328124561,4,2,Okefenokee,2.889549033826711,0.7063261465768941
O-2,Eastern Towhee,2025,0.7079339616408881,4.740655328124561,4,2,Okefenokee,2.889549033826711,0.7063261465768941
O-3,Eastern Towhee,2025,0.7079339616408881,3.6816915274545803,3,2,Okefenokee,2.889549033826711,0.7063261465768941
O-4,Eastern Towhee,2025,0.7079339616408881,3.9447566528761113,3,2,Okefenokee,2.889549033826711,0.7063261465768941
O-5,Eastern Towhee,2025,0.7079339616408881,1.9864466632228936,2,1,Okefenokee,2.889549033826711,0.7063261465768941
O-6,Eastern Towhee,2025,0.7079339616408881,1.0000000034659837,1,1,Okefenokee,2.889549033826711,0.7063261465768941
O-7,Eastern Towhee,2025,0.7079339616408881,2.013379532853429,2,1,Okefenokee,2.889549033826711,0.7063261465768941
O-8,Eastern Towhee,2025,0.7079339616408881,1.0080813477207944,1,1,Okefenokee,2.889549033826711,0.7063261465768941
R-1,Eastern Towhee,2025,0.7079339616408881,7.36062280128845,6,5,Sansavilla,6.761693091304054,1.4643473450324371
R-10,Eastern Towhee,2025,0.7079339616408881,7.36062280128845,6,2,Sansavilla,6.761693091304054,1.4643473450324371
R-11,Eastern Towhee,2025,0.7079339616408881,7.36062280128845,6,0,Sansavilla,6.761693091304054,1.4643473450324371
R-12,Eastern Towhee,2025,0.7079339616408881,7.36062280128845,6,2,Sansavilla,6.761693091304054,1.4643473450324371
R-13,Eastern Towhee,2025,0.7079339616408881,4.445006723103605,4,1,Sansavilla,6.761693091304054,1.4643473450324371
R-2,Eastern Towhee,2025,0.7079339616408881,7.36062280128845,6,1,Sansavilla,6.761693091304054,1.4643473450324371
R-3,Eastern Towhee,2025,0.7079339616408881,7.346841897018519,6,2,Sansavilla,6.761693091304054,1.4643473450324371
R-6,Eastern Towhee,2025,0.7079339616408881,7.36062280128845,6,4,Sansavilla,6.761693091304054,1.4643473450324371
R-7,Eastern Towhee,2025,0.7079339616408881,4.301196337169365,4,2,Sansavilla,6.761693091304054,1.4643473450324371
R-9,Eastern Towhee,2025,0.7079339616408881,7.36062280128845,6,1,Sansavilla,6.761693091304054,1.4643473450324371
M-1,Fish Crow,2025,0.050916031968153704,4.588150235481186,4,5,Mine,5.262962657226126,1.389175183422253
M-10,Fish Crow,2025,0.050916031968153704,7.952272151923964,8,6,Mine,5.262962657226126,1.389175183422253
M-11,Fish Crow,2025,0.050916031968153704,7.35121896152387,7,3,Mine,5.262962657226126,1.389175183422253
M-12,Fish Crow,2025,0.050916031968153704,6.117322662865128,6,4,Mine,5.262962657226126,1.389175183422253
M-2,Fish Crow,2025,0.050916031968153704,4.566571119090417,4,7,Mine,5.262962657226126,1.389175183422253
M-5,Fish Crow,2025,0.050916031968153704,2.715122547134893,2,7,Mine,5.262962657226126,1.389175183422253
M-6,Fish Crow,2025,0.050916031968153704,7.074600675276365,7,7,Mine,5.262962657226126,1.389175183422253
M-7,Fish Crow,2025,0.050916031968153704,2.716302156162996,2,6,Mine,5.262962657226126,1.389175183422253
M-9,Fish Crow,2025,0.050916031968153704,4.276485405323866,4,4,Mine,5.262962657226126,1.389175183422253
O-1,Fish Crow,2025,0.050916031968153704,0.07009766688541465,0,2,Okefenokee,1.691539527873227,0.5880751865636697
O-2,Fish Crow,2025,0.050916031968153704,1.1413339591990286,1,2,Okefenokee,1.691539527873227,0.5880751865636697
O-3,Fish Crow,2025,0.050916031968153704,2.2544084280831465,2,2,Okefenokee,1.691539527873227,0.5880751865636697
O-4,Fish Crow,2025,0.050916031968153704,3.0736832913219616,3,2,Okefenokee,1.691539527873227,0.5880751865636697
O-5,Fish Crow,2025,0.050916031968153704,1.7311171043696134,2,1,Okefenokee,1.691539527873227,0.5880751865636697
O-6,Fish Crow,2025,0.050916031968153704,1.1448783165543244,1,1,Okefenokee,1.691539527873227,0.5880751865636697
O-7,Fish Crow,2025,0.050916031968153704,2.9717799097143454,3,1,Okefenokee,1.691539527873227,0.5880751865636697
O-8,Fish Crow,2025,0.050916031968153704,1.1413198058879788,1,1,Okefenokee,1.691539527873227,0.5880751865636697
R-1,Fish Crow,2025,0.050916031968153704,1.164297647917426,1,5,Sansavilla,3.848142448127262,1.0049921341075032
R-10,Fish Crow,2025,0.050916031968153704,3.3393567569835496,3,2,Sansavilla,3.848142448127262,1.0049921341075032
R-11,Fish Crow,2025,0.050916031968153704,5.078146823693499,5,0,Sansavilla,3.848142448127262,1.0049921341075032
R-12,Fish Crow,2025,0.050916031968153704,3.930199390298485,4,2,Sansavilla,3.848142448127262,1.0049921341075032
R-13,Fish Crow,2025,0.050916031968153704,5.885862653036261,6,1,Sansavilla,3.848142448127262,1.0049921341075032
R-2,Fish Crow,2025,0.050916031968153704,0.15946763466745603,0,1,Sansavilla,3.848142448127262,1.0049921341075032
R-3,Fish Crow,2025,0.050916031968153704,1.198202794136164,1,2,Sansavilla,3.848142448127262,1.0049921341075032
R-6,Fish Crow,2025,0.050916031968153704,7.083099713192124,7,4,Sansavilla,3.848142448127262,1.0049921341075032
R-7,Fish Crow,2025,0.050916031968153704,4.2095143614869475,4,2,Sansavilla,3.848142448127262,1.0049921341075032
R-9,Fish Crow,2025,0.050916031968153704,6.428948080582417,6,1,Sansavilla,3.848142448127262,1.0049921341075032
M-1,Great Crested Flycatcher,2025,0.064882574859279,2.6329671396608036,2,5,Mine,1.3503984830489864,0.46586501783582157
M-10,Great Crested Flycatcher,2025,0.064882574859279,0.022271805199267473,0,6,Mine,1.3503984830489864,0.46586501783582157
M-11,Great Crested Flycatcher,2025,0.064882574859279,1.0484260105617746,1,3,Mine,1.3503984830489864,0.46586501783582157
M-12,Great Crested Flycatcher,2025,0.064882574859279,1.322989709481707,1,4,Mine,1.3503984830489864,0.46586501783582157
M-2,Great Crested Flycatcher,2025,0.064882574859279,3.172528700537831,3,7,Mine,1.3503984830489864,0.46586501783582157
M-5,Great Crested Flycatcher,2025,0.064882574859279,1.327227986173029,1,7,Mine,1.3503984830489864,0.46586501783582157
M-6,Great Crested Flycatcher,2025,0.064882574859279,1.023772032581536,1,7,Mine,1.3503984830489864,0.46586501783582157
M-7,Great Crested Flycatcher,2025,0.064882574859279,1.5865880899630256,1,6,Mine,1.3503984830489864,0.46586501783582157
M-9,Great Crested Flycatcher,2025,0.064882574859279,0.022271805199267473,0,4,Mine,1.3503984830489864,0.46586501783582157
O-1,Great Crested Flycatcher,2025,0.064882574859279,4.432245474659016,4,2,Okefenokee,7.586494284777944,1.7565020169652998
O-2,Great Crested Flycatcher,2025,0.064882574859279,7.541397463175002,7,2,Okefenokee,7.586494284777944,1.7565020169652998
O-3,Great Crested Flycatcher,2025,0.064882574859279,4.518387942086019,4,2,Okefenokee,7.586494284777944,1.7565020169652998
O-4,Great Crested Flycatcher,2025,0.064882574859279,11.451496762167002,11,2,Okefenokee,7.586494284777944,1.7565020169652998
O-5,Great Crested Flycatcher,2025,0.064882574859279,8.870263521718275,9,1,Okefenokee,7.586494284777944,1.7565020169652998
O-6,Great Crested Flycatcher,2025,0.064882574859279,7.861116340197086,8,1,Okefenokee,7.586494284777944,1.7565020169652998
O-7,Great Crested Flycatcher,2025,0.064882574859279,9.521027809646844,9,1,Okefenokee,7.586494284777944,1.7565020169652998
O-8,Great Crested Flycatcher,2025,0.064882574859279,6.485835179749437,6,1,Okefenokee,7.586494284777944,1.7565020169652998
R-1,Great Crested Flycatcher,2025,0.064882574859279,5.8061442409566615,6,5,Sansavilla,1.5201059914296087,0.46455804356888236
R-10,Great Crested Flycatcher,2025,0.064882574859279,3.5486101968473442,3,2,Sansavilla,1.5201059914296087,0.46455804356888236
R-11,Great Crested Flycatcher,2025,0.064882574859279,0.025070751299215932,0,0,Sansavilla,1.5201059914296087,0.46455804356888236
R-12,Great Crested Flycatcher,2025,0.064882574859279,0.025070751299215932,0,2,Sansavilla,1.5201059914296087,0.46455804356888236
R-13,Great Crested Flycatcher,2025,0.064882574859279,0.025070751299215932,0,1,Sansavilla,1.5201059914296087,0.46455804356888236
R-2,Great Crested Flycatcher,2025,0.064882574859279,1.3499186046317415,1,1,Sansavilla,1.5201059914296087,0.46455804356888236
R-3,Great Crested Flycatcher,2025,0.064882574859279,1.058325973789494,1,2,Sansavilla,1.5201059914296087,0.46455804356888236
R-6,Great Crested Flycatcher,2025,0.064882574859279,1.0537782050487152,1,4,Sansavilla,1.5201059914296087,0.46455804356888236
R-7,Great Crested Flycatcher,2025,0.064882574859279,1.1019849733914324,1,2,Sansavilla,1.5201059914296087,0.46455804356888236
R-9,Great Crested Flycatcher,2025,0.064882574859279,1.1950506159420355,1,1,Sansavilla,1.5201059914296087,0.46455804356888236
M-1,Indigo Bunting,2025,0.09614324280651657,1.001730564283638,1,5,Mine,0.781458927485427,0.29536504524388635
M-10,Indigo Bunting,2025,0.09614324280651657,1.0017114103697526,1,6,Mine,0.781458927485427,0.29536504524388635
M-11,Indigo Bunting,2025,0.09614324280651657,1.0157397397410242,1,3,Mine,0.781458927485427,0.29536504524388635
M-12,Indigo Bunting,2025,0.09614324280651657,0.0016390891983920212,0,4,Mine,0.781458927485427,0.29536504524388635
M-2,Indigo Bunting,2025,0.09614324280651657,1.0036532358622814,1,7,Mine,0.781458927485427,0.29536504524388635
M-5,Indigo Bunting,2025,0.09614324280651657,1.0017305425235288,1,7,Mine,0.781458927485427,0.29536504524388635
M-6,Indigo Bunting,2025,0.09614324280651657,0.0016390891983920212,0,7,Mine,0.781458927485427,0.29536504524388635
M-7,Indigo Bunting,2025,0.09614324280651657,1.0017217643902896,1,6,Mine,0.781458927485427,0.29536504524388635
M-9,Indigo Bunting,2025,0.09614324280651657,1.0036024331026538,1,4,Mine,0.781458927485427,0.29536504524388635
O-1,Indigo Bunting,2025,0.09614324280651657,1.0215329095599246,1,2,Okefenokee,1.0701056313694712,0.37771598840745424
O-2,Indigo Bunting,2025,0.09614324280651657,1.0220000249494887,1,2,Okefenokee,1.0701056313694712,0.37771598840745424
O-3,Indigo Bunting,2025,0.09614324280651657,1.0023644243312697,1,2,Okefenokee,1.0701056313694712,0.37771598840745424
O-4,Indigo Bunting,2025,0.09614324280651657,1.4027893221214047,1,2,Okefenokee,1.0701056313694712,0.37771598840745424
O-5,Indigo Bunting,2025,0.09614324280651657,1.045373630148009,1,1,Okefenokee,1.0701056313694712,0.37771598840745424
O-6,Indigo Bunting,2025,0.09614324280651657,1.0102263408376009,1,1,Okefenokee,1.0701056313694712,0.37771598840745424
O-7,Indigo Bunting,2025,0.09614324280651657,1.0104903571295742,1,1,Okefenokee,1.0701056313694712,0.37771598840745424
O-8,Indigo Bunting,2025,0.09614324280651657,1.0448559191440454,1,1,Okefenokee,1.0701056313694712,0.37771598840745424
R-1,Indigo Bunting,2025,0.09614324280651657,11.485780415443946,11,5,Sansavilla,19.790943124278524,1.6196774659021453
R-10,Indigo Bunting,2025,0.09614324280651657,10.766046451181927,11,2,Sansavilla,19.790943124278524,1.6196774659021453
R-11,Indigo Bunting,2025,0.09614324280651657,23.486259477925735,25,0,Sansavilla,19.790943124278524,1.6196774659021453
R-12,Indigo Bunting,2025,0.09614324280651657,23.71001910107425,25,2,Sansavilla,19.790943124278524,1.6196774659021453
R-13,Indigo Bunting,2025,0.09614324280651657,21.852649422041974,22,1,Sansavilla,19.790943124278524,1.6196774659021453
R-2,Indigo Bunting,2025,0.09614324280651657,15.490347357704598,15,1,Sansavilla,19.790943124278524,1.6196774659021453
R-3,Indigo Bunting,2025,0.09614324280651657,22.26141609922998,23,2,Sansavilla,19.790943124278524,1.6196774659021453
R-6,Indigo Bunting,2025,0.09614324280651657,23.149631051186745,25,4,Sansavilla,19.790943124278524,1.6196774659021453
R-7,Indigo Bunting,2025,0.09614324280651657,21.994713920479438,23,2,Sansavilla,19.790943124278524,1.6196774659021453
R-9,Indigo Bunting,2025,0.09614324280651657,23.71001910107425,25,1,Sansavilla,19.790943124278524,1.6196774659021453
M-1,Mississippi Kite,2025,0.009131547284642851,1.3150135263388019,1,5,Mine,2.301928562320478,2.1421771204864966
M-10,Mississippi Kite,2025,0.009131547284642851,1.3150135263388019,1,6,Mine,2.301928562320478,2.1421771204864966
M-11,Mississippi Kite,2025,0.009131547284642851,2.3247692564593443,2,3,Mine,2.301928562320478,2.1421771204864966
M-12,Mississippi Kite,2025,0.009131547284642851,4.458024777613942,4,4,Mine,2.301928562320478,2.1421771204864966
M-2,Mississippi Kite,2025,0.009131547284642851,2.323376716533482,2,7,Mine,2.301928562320478,2.1421771204864966
M-5,Mississippi Kite,2025,0.009131547284642851,2.9030630516020506,2,7,Mine,2.301928562320478,2.1421771204864966
M-6,Mississippi Kite,2025,0.009131547284642851,3.4485947114558066,3,7,Mine,2.301928562320478,2.1421771204864966
M-7,Mississippi Kite,2025,0.009131547284642851,1.3150135263388019,1,6,Mine,2.301928562320478,2.1421771204864966
M-9,Mississippi Kite,2025,0.009131547284642851,1.3150135263388019,1,4,Mine,2.301928562320478,2.1421771204864966
O-1,Mississippi Kite,2025,0.009131547284642851,1.1739165780471263e-4,0,2,Okefenokee,2.0549386349749064e-4,0.008171975074122493
O-2,Mississippi Kite,2025,0.009131547284642851,1.1739165780471263e-4,0,2,Okefenokee,2.0549386349749064e-4,0.008171975074122493
O-3,Mississippi Kite,2025,0.009131547284642851,1.1739165780471263e-4,0,2,Okefenokee,2.0549386349749064e-4,0.008171975074122493
O-4,Mississippi Kite,2025,0.009131547284642851,1.69261188877056e-4,0,2,Okefenokee,2.0549386349749064e-4,0.008171975074122493
O-5,Mississippi Kite,2025,0.009131547284642851,1.1739165780471263e-4,0,1,Okefenokee,2.0549386349749064e-4,0.008171975074122493
O-6,Mississippi Kite,2025,0.009131547284642851,1.3782802945551157e-4,0,1,Okefenokee,2.0549386349749064e-4,0.008171975074122493
O-7,Mississippi Kite,2025,0.009131547284642851,1.1739165780471263e-4,0,1,Okefenokee,2.0549386349749064e-4,0.008171975074122493
O-8,Mississippi Kite,2025,0.009131547284642851,1.1739165780471263e-4,0,1,Okefenokee,2.0549386349749064e-4,0.008171975074122493
R-1,Mississippi Kite,2025,0.009131547284642851,0.7933014341758372,0,5,Sansavilla,1.3886725826641215,1.2197521200752186
R-10,Mississippi Kite,2025,0.009131547284642851,1.799230844503395,1,2,Sansavilla,1.3886725826641215,1.2197521200752186
R-11,Mississippi Kite,2025,0.009131547284642851,2.244803309089698,2,0,Sansavilla,1.3886725826641215,1.2197521200752186
R-12,Mississippi Kite,2025,0.009131547284642851,2.249408239346642,2,2,Sansavilla,1.3886725826641215,1.2197521200752186
R-13,Mississippi Kite,2025,0.009131547284642851,0.7933014341758372,0,1,Sansavilla,1.3886725826641215,1.2197521200752186
R-2,Mississippi Kite,2025,0.009131547284642851,1.7941722688037711,1,1,Sansavilla,1.3886725826641215,1.2197521200752186
R-3,Mississippi Kite,2025,0.009131547284642851,0.827780548918441,0,2,Sansavilla,1.3886725826641215,1.2197521200752186
R-6,Mississippi Kite,2025,0.009131547284642851,0.7933014341758372,0,4,Sansavilla,1.3886725826641215,1.2197521200752186
R-7,Mississippi Kite,2025,0.009131547284642851,0.7933014341758372,0,2,Sansavilla,1.3886725826641215,1.2197521200752186
R-9,Mississippi Kite,2025,0.009131547284642851,1.798166811787539,1,1,Sansavilla,1.3886725826641215,1.2197521200752186
M-1,Mourning Dove,2025,0.20592894370208434,2.0682105857470607,2,5,Mine,4.709451607242543,0.8834981393729597
M-10,Mourning Dove,2025,0.20592894370208434,6.707151276825936,7,6,Mine,4.709451607242543,0.8834981393729597
M-11,Mourning Dove,2025,0.20592894370208434,7.4685862965857215,7,3,Mine,4.709451607242543,0.8834981393729597
M-12,Mourning Dove,2025,0.20592894370208434,8.34182606273497,8,4,Mine,4.709451607242543,0.8834981393729597
M-2,Mourning Dove,2025,0.20592894370208434,5.502604341890701,5,7,Mine,4.709451607242543,0.8834981393729597
M-5,Mourning Dove,2025,0.20592894370208434,2.9737436253337575,3,7,Mine,4.709451607242543,0.8834981393729597
M-6,Mourning Dove,2025,0.20592894370208434,2.085966901487498,2,7,Mine,4.709451607242543,0.8834981393729597
M-7,Mourning Dove,2025,0.20592894370208434,3.681087563352686,4,6,Mine,4.709451607242543,0.8834981393729597
M-9,Mourning Dove,2025,0.20592894370208434,3.5369996718499266,3,4,Mine,4.709451607242543,0.8834981393729597
O-1,Mourning Dove,2025,0.20592894370208434,17.153658981897582,17,2,Okefenokee,16.847961702408078,2.316471140778026
O-2,Mourning Dove,2025,0.20592894370208434,16.18990259284935,16,2,Okefenokee,16.847961702408078,2.316471140778026
O-3,Mourning Dove,2025,0.20592894370208434,17.628239397729203,17,2,Okefenokee,16.847961702408078,2.316471140778026
O-4,Mourning Dove,2025,0.20592894370208434,8.5619494672125,8,2,Okefenokee,16.847961702408078,2.316471140778026
O-5,Mourning Dove,2025,0.20592894370208434,17.433665250346568,17,1,Okefenokee,16.847961702408078,2.316471140778026
O-6,Mourning Dove,2025,0.20592894370208434,17.23306417311712,17,1,Okefenokee,16.847961702408078,2.316471140778026
O-7,Mourning Dove,2025,0.20592894370208434,20.291285775195043,20,1,Okefenokee,16.847961702408078,2.316471140778026
O-8,Mourning Dove,2025,0.20592894370208434,20.291285775195043,20,1,Okefenokee,16.847961702408078,2.316471140778026
R-1,Mourning Dove,2025,0.20592894370208434,2.6780457410150813,3,5,Sansavilla,1.7234484504983694,0.44851254161691884
R-10,Mourning Dove,2025,0.20592894370208434,1.031467590733425,1,2,Sansavilla,1.7234484504983694,0.44851254161691884
R-11,Mourning Dove,2025,0.20592894370208434,2.048029478500396,2,0,Sansavilla,1.7234484504983694,0.44851254161691884
R-12,Mourning Dove,2025,0.20592894370208434,2.8315428851458506,3,2,Sansavilla,1.7234484504983694,0.44851254161691884
R-13,Mourning Dove,2025,0.20592894370208434,1.0008850572075454,1,1,Sansavilla,1.7234484504983694,0.44851254161691884
R-2,Mourning Dove,2025,0.20592894370208434,2.391141152285745,2,1,Sansavilla,1.7234484504983694,0.44851254161691884
R-3,Mourning Dove,2025,0.20592894370208434,1.0158773137651724,1,2,Sansavilla,1.7234484504983694,0.44851254161691884
R-6,Mourning Dove,2025,0.20592894370208434,2.157823908173548,2,4,Sansavilla,1.7234484504983694,0.44851254161691884
R-7,Mourning Dove,2025,0.20592894370208434,1.004404980923058,1,2,Sansavilla,1.7234484504983694,0.44851254161691884
R-9,Mourning Dove,2025,0.20592894370208434,1.0869053983423955,1,1,Sansavilla,1.7234484504983694,0.44851254161691884
M-1,Northern Bobwhite,2025,0.2078658774298946,1.0048176301980312,1,5,Mine,3.5062710244874773,0.7681292377524189
M-10,Northern Bobwhite,2025,0.2078658774298946,5.359801239717176,5,6,Mine,3.5062710244874773,0.7681292377524189
M-11,Northern Bobwhite,2025,0.2078658774298946,3.8732071084995465,4,3,Mine,3.5062710244874773,0.7681292377524189
M-12,Northern Bobwhite,2025,0.2078658774298946,5.863440996412579,6,4,Mine,3.5062710244874773,0.7681292377524189
M-2,Northern Bobwhite,2025,0.2078658774298946,1.0109691267450416,1,7,Mine,3.5062710244874773,0.7681292377524189
M-5,Northern Bobwhite,2025,0.2078658774298946,1.9911257634690793,2,7,Mine,3.5062710244874773,0.7681292377524189
M-6,Northern Bobwhite,2025,0.2078658774298946,4.669973127663437,5,7,Mine,3.5062710244874773,0.7681292377524189
M-7,Northern Bobwhite,2025,0.2078658774298946,3.3285227810893754,3,6,Mine,3.5062710244874773,0.7681292377524189
M-9,Northern Bobwhite,2025,0.2078658774298946,4.455248458074321,4,4,Mine,3.5062710244874773,0.7681292377524189
O-1,Northern Bobwhite,2025,0.2078658774298946,2.2555802682661756,2,2,Okefenokee,4.33877732020357,0.9657908052839956
O-2,Northern Bobwhite,2025,0.2078658774298946,1.7070663684004284,2,2,Okefenokee,4.33877732020357,0.9657908052839956
O-3,Northern Bobwhite,2025,0.2078658774298946,3.914829785886124,4,2,Okefenokee,4.33877732020357,0.9657908052839956
O-4,Northern Bobwhite,2025,0.2078658774298946,1.2737035961252499,1,2,Okefenokee,4.33877732020357,0.9657908052839956
O-5,Northern Bobwhite,2025,0.2078658774298946,6.370915177498373,6,1,Okefenokee,4.33877732020357,0.9657908052839956
O-6,Northern Bobwhite,2025,0.2078658774298946,8.665597723828148,8,1,Okefenokee,4.33877732020357,0.9657908052839956
O-7,Northern Bobwhite,2025,0.2078658774298946,6.1823486270857115,6,1,Okefenokee,4.33877732020357,0.9657908052839956
O-8,Northern Bobwhite,2025,0.2078658774298946,4.338895350489139,4,1,Okefenokee,4.33877732020357,0.9657908052839956
R-1,Northern Bobwhite,2025,0.2078658774298946,3.121548427097183,3,5,Sansavilla,2.964650824973666,0.6747948790495204
R-10,Northern Bobwhite,2025,0.2078658774298946,1.042565744636307,1,2,Sansavilla,2.964650824973666,0.6747948790495204
R-11,Northern Bobwhite,2025,0.2078658774298946,3.6915213738919834,4,0,Sansavilla,2.964650824973666,0.6747948790495204
R-12,Northern Bobwhite,2025,0.2078658774298946,5.95061436095619,6,2,Sansavilla,2.964650824973666,0.6747948790495204
R-13,Northern Bobwhite,2025,0.2078658774298946,3.9414414970661635,4,1,Sansavilla,2.964650824973666,0.6747948790495204
R-2,Northern Bobwhite,2025,0.2078658774298946,1.0609528439375076,1,1,Sansavilla,2.964650824973666,0.6747948790495204
R-3,Northern Bobwhite,2025,0.2078658774298946,1.918634332557122,2,2,Sansavilla,2.964650824973666,0.6747948790495204
R-6,Northern Bobwhite,2025,0.2078658774298946,2.380908830831766,2,4,Sansavilla,2.964650824973666,0.6747948790495204
R-7,Northern Bobwhite,2025,0.2078658774298946,3.0759394708935432,3,2,Sansavilla,2.964650824973666,0.6747948790495204
R-9,Northern Bobwhite,2025,0.2078658774298946,3.462503095580781,3,1,Sansavilla,2.964650824973666,0.6747948790495204
M-1,Northern Cardinal,2025,0.07275646970891286,2.5242499733128634,2,5,Mine,2.702389336512948,0.7460789725212938
M-10,Northern Cardinal,2025,0.07275646970891286,1.058173928043188,1,6,Mine,2.702389336512948,0.7460789725212938
M-11,Northern Cardinal,2025,0.07275646970891286,3.811933195909121,4,3,Mine,2.702389336512948,0.7460789725212938
M-12,Northern Cardinal,2025,0.07275646970891286,1.3926044775070592,1,4,Mine,2.702389336512948,0.7460789725212938
M-2,Northern Cardinal,2025,0.07275646970891286,7.539507647522727,7,7,Mine,2.702389336512948,0.7460789725212938
M-5,Northern Cardinal,2025,0.07275646970891286,2.30968978826756,2,7,Mine,2.702389336512948,0.7460789725212938
M-6,Northern Cardinal,2025,0.07275646970891286,1.3976160240045379,1,7,Mine,2.702389336512948,0.7460789725212938
M-7,Northern Cardinal,2025,0.07275646970891286,4.272936941647988,4,6,Mine,2.702389336512948,0.7460789725212938
M-9,Northern Cardinal,2025,0.07275646970891286,0.027175485214322222,0,4,Mine,2.702389336512948,0.7460789725212938
O-1,Northern Cardinal,2025,0.07275646970891286,1.0922133180271283,1,2,Okefenokee,2.1096506788046994,0.6608908149260685
O-2,Northern Cardinal,2025,0.07275646970891286,1.0220396089806887,1,2,Okefenokee,2.1096506788046994,0.6608908149260685
O-3,Northern Cardinal,2025,0.07275646970891286,3.647106313790772,4,2,Okefenokee,2.1096506788046994,0.6608908149260685
O-4,Northern Cardinal,2025,0.07275646970891286,0.5966208449802376,0,2,Okefenokee,2.1096506788046994,0.6608908149260685
O-5,Northern Cardinal,2025,0.07275646970891286,2.618918722196484,2,1,Okefenokee,2.1096506788046994,0.6608908149260685
O-6,Northern Cardinal,2025,0.07275646970891286,1.3907255467539366,1,1,Okefenokee,2.1096506788046994,0.6608908149260685
O-7,Northern Cardinal,2025,0.07275646970891286,4.2821435498905,4,1,Okefenokee,2.1096506788046994,0.6608908149260685
O-8,Northern Cardinal,2025,0.07275646970891286,2.225118402965542,2,1,Okefenokee,2.1096506788046994,0.6608908149260685
R-1,Northern Cardinal,2025,0.07275646970891286,2.354358324393262,2,5,Sansavilla,2.9609175701341615,0.7863914610080927
R-10,Northern Cardinal,2025,0.07275646970891286,6.650444238535448,6,2,Sansavilla,2.9609175701341615,0.7863914610080927
R-11,Northern Cardinal,2025,0.07275646970891286,6.439747301256364,6,0,Sansavilla,2.9609175701341615,0.7863914610080927
R-12,Northern Cardinal,2025,0.07275646970891286,2.358703295474977,2,2,Sansavilla,2.9609175701341615,0.7863914610080927
R-13,Northern Cardinal,2025,0.07275646970891286,2.1447663602687124,2,1,Sansavilla,2.9609175701341615,0.7863914610080927
R-2,Northern Cardinal,2025,0.07275646970891286,1.42469299563674,1,1,Sansavilla,2.9609175701341615,0.7863914610080927
R-3,Northern Cardinal,2025,0.07275646970891286,1.1616391599017204,1,2,Sansavilla,2.9609175701341615,0.7863914610080927
R-6,Northern Cardinal,2025,0.07275646970891286,2.143302325082919,2,4,Sansavilla,2.9609175701341615,0.7863914610080927
R-7,Northern Cardinal,2025,0.07275646970891286,1.9062582238232586,2,2,Sansavilla,2.9609175701341615,0.7863914610080927
R-9,Northern Cardinal,2025,0.07275646970891286,2.9991201007376125,3,1,Sansavilla,2.9609175701341615,0.7863914610080927
M-1,Northern Flicker,2025,0.039372443850904916,2.657914310827984e-6,0,5,Mine,3.041344100358998e-5,0.0019240811507744392
M-10,Northern Flicker,2025,0.039372443850904916,2.657914310827984e-6,0,6,Mine,3.041344100358998e-5,0.0019240811507744392
M-11,Northern Flicker,2025,0.039372443850904916,2.657914310827984e-6,0,3,Mine,3.041344100358998e-5,0.0019240811507744392
M-12,Northern Flicker,2025,0.039372443850904916,2.657914310827984e-6,0,4,Mine,3.041344100358998e-5,0.0019240811507744392
M-2,Northern Flicker,2025,0.039372443850904916,2.657914310827984e-6,0,7,Mine,3.041344100358998e-5,0.0019240811507744392
M-5,Northern Flicker,2025,0.039372443850904916,2.657914310827984e-6,0,7,Mine,3.041344100358998e-5,0.0019240811507744392
M-6,Northern Flicker,2025,0.039372443850904916,2.657914310827984e-6,0,7,Mine,3.041344100358998e-5,0.0019240811507744392
M-7,Northern Flicker,2025,0.039372443850904916,2.657914310827984e-6,0,6,Mine,3.041344100358998e-5,0.0019240811507744392
M-9,Northern Flicker,2025,0.039372443850904916,2.657914310827984e-6,0,4,Mine,3.041344100358998e-5,0.0019240811507744392
O-1,Northern Flicker,2025,0.039372443850904916,14.5360646341999,14,2,Okefenokee,11.289372710635483,9.573972865298797
O-2,Northern Flicker,2025,0.039372443850904916,11.597318968133692,11,2,Okefenokee,11.289372710635483,9.573972865298797
O-3,Northern Flicker,2025,0.039372443850904916,10.267309331419423,10,2,Okefenokee,11.289372710635483,9.573972865298797
O-4,Northern Flicker,2025,0.039372443850904916,7.9574199308064335,7,2,Okefenokee,11.289372710635483,9.573972865298797
O-5,Northern Flicker,2025,0.039372443850904916,13.875718687323182,14,1,Okefenokee,11.289372710635483,9.573972865298797
O-6,Northern Flicker,2025,0.039372443850904916,6.962188340448381,7,1,Okefenokee,11.289372710635483,9.573972865298797
O-7,Northern Flicker,2025,0.039372443850904916,13.578161422926163,13,1,Okefenokee,11.289372710635483,9.573972865298797
O-8,Northern Flicker,2025,0.039372443850904916,11.532816028888766,11,1,Okefenokee,11.289372710635483,9.573972865298797
R-1,Northern Flicker,2025,0.039372443850904916,1.7283471652784616e-6,0,5,Sansavilla,1.9776779232790095e-5,0.001472822459954357
R-10,Northern Flicker,2025,0.039372443850904916,1.7283471652784616e-6,0,2,Sansavilla,1.9776779232790095e-5,0.001472822459954357
R-11,Northern Flicker,2025,0.039372443850904916,1.7283471652784616e-6,0,0,Sansavilla,1.9776779232790095e-5,0.001472822459954357
R-12,Northern Flicker,2025,0.039372443850904916,1.7283471652784616e-6,0,2,Sansavilla,1.9776779232790095e-5,0.001472822459954357
R-13,Northern Flicker,2025,0.039372443850904916,1.7283471652784616e-6,0,1,Sansavilla,1.9776779232790095e-5,0.001472822459954357
R-2,Northern Flicker,2025,0.039372443850904916,1.7283471652784616e-6,0,1,Sansavilla,1.9776779232790095e-5,0.001472822459954357
R-3,Northern Flicker,2025,0.039372443850904916,1.9063640177781974e-6,0,2,Sansavilla,1.9776779232790095e-5,0.001472822459954357
R-6,Northern Flicker,2025,0.039372443850904916,1.7283471652784616e-6,0,4,Sansavilla,1.9776779232790095e-5,0.001472822459954357
R-7,Northern Flicker,2025,0.039372443850904916,1.7283471652784616e-6,0,2,Sansavilla,1.9776779232790095e-5,0.001472822459954357
R-9,Northern Flicker,2025,0.039372443850904916,1.7283471652784616e-6,0,1,Sansavilla,1.9776779232790095e-5,0.001472822459954357
M-1,Northern Mockingbird,2025,0.02403425251980003,1.2675349737657797,1,5,Mine,1.1436292234691685,0.5451077625986068
M-10,Northern Mockingbird,2025,0.02403425251980003,0.2630510935937052,0,6,Mine,1.1436292234691685,0.5451077625986068
M-11,Northern Mockingbird,2025,0.02403425251980003,1.784386287984795,2,3,Mine,1.1436292234691685,0.5451077625986068
M-12,Northern Mockingbird,2025,0.02403425251980003,3.437287260805423,3,4,Mine,1.1436292234691685,0.5451077625986068
M-2,Northern Mockingbird,2025,0.02403425251980003,0.2630510935937052,0,7,Mine,1.1436292234691685,0.5451077625986068
M-5,Northern Mockingbird,2025,0.02403425251980003,0.2630510935937052,0,7,Mine,1.1436292234691685,0.5451077625986068
M-6,Northern Mockingbird,2025,0.02403425251980003,1.4852471714296434,1,7,Mine,1.1436292234691685,0.5451077625986068
M-7,Northern Mockingbird,2025,0.02403425251980003,1.2659004799565683,1,6,Mine,1.1436292234691685,0.5451077625986068
M-9,Northern Mockingbird,2025,0.02403425251980003,0.2630510935937052,0,4,Mine,1.1436292234691685,0.5451077625986068
O-1,Northern Mockingbird,2025,0.02403425251980003,0.1870626753535298,0,2,Okefenokee,0.8132653593337572,0.48099247200510625
O-2,Northern Mockingbird,2025,0.02403425251980003,0.1870626753535298,0,2,Okefenokee,0.8132653593337572,0.48099247200510625
O-3,Northern Mockingbird,2025,0.02403425251980003,0.1870626753535298,0,2,Okefenokee,0.8132653593337572,0.48099247200510625
O-4,Northern Mockingbird,2025,0.02403425251980003,0.44552313747608246,0,2,Okefenokee,0.8132653593337572,0.48099247200510625
O-5,Northern Mockingbird,2025,0.02403425251980003,0.1870626753535298,0,1,Okefenokee,0.8132653593337572,0.48099247200510625
O-6,Northern Mockingbird,2025,0.02403425251980003,1.4030761780264966,1,1,Okefenokee,0.8132653593337572,0.48099247200510625
O-7,Northern Mockingbird,2025,0.02403425251980003,1.3527578724140505,1,1,Okefenokee,0.8132653593337572,0.48099247200510625
O-8,Northern Mockingbird,2025,0.02403425251980003,2.556551564541539,2,1,Okefenokee,0.8132653593337572,0.48099247200510625
R-1,Northern Mockingbird,2025,0.02403425251980003,1.0931044160041072,1,5,Sansavilla,0.4017715202410605,0.24238134518007465
R-10,Northern Mockingbird,2025,0.02403425251980003,0.09241320141646911,0,2,Sansavilla,0.4017715202410605,0.24238134518007465
R-11,Northern Mockingbird,2025,0.02403425251980003,1.0927804068937104,1,0,Sansavilla,0.4017715202410605,0.24238134518007465
R-12,Northern Mockingbird,2025,0.02403425251980003,0.09241320141646911,0,2,Sansavilla,0.4017715202410605,0.24238134518007465
R-13,Northern Mockingbird,2025,0.02403425251980003,0.09241320141646911,0,1,Sansavilla,0.4017715202410605,0.24238134518007465
R-2,Northern Mockingbird,2025,0.02403425251980003,1.1821164462162608,1,1,Sansavilla,0.4017715202410605,0.24238134518007465
R-3,Northern Mockingbird,2025,0.02403425251980003,0.09522953030432536,0,2,Sansavilla,0.4017715202410605,0.24238134518007465
R-6,Northern Mockingbird,2025,0.02403425251980003,0.09241320141646911,0,4,Sansavilla,0.4017715202410605,0.24238134518007465
R-7,Northern Mockingbird,2025,0.02403425251980003,0.09241320141646911,0,2,Sansavilla,0.4017715202410605,0.24238134518007465
R-9,Northern Mockingbird,2025,0.02403425251980003,0.09241320141646911,0,1,Sansavilla,0.4017715202410605,0.24238134518007465
M-1,Pileated Woodpecker,2025,0.05512118900221387,2.086139198214731,2,5,Mine,2.5465923546467186,0.7547850700599786
M-10,Pileated Woodpecker,2025,0.05512118900221387,1.516414982252564,1,6,Mine,2.5465923546467186,0.7547850700599786
M-11,Pileated Woodpecker,2025,0.05512118900221387,1.3053957850457234,1,3,Mine,2.5465923546467186,0.7547850700599786
M-12,Pileated Woodpecker,2025,0.05512118900221387,0.07928942771602697,0,4,Mine,2.5465923546467186,0.7547850700599786
M-2,Pileated Woodpecker,2025,0.05512118900221387,2.3427126732513086,2,7,Mine,2.5465923546467186,0.7547850700599786
M-5,Pileated Woodpecker,2025,0.05512118900221387,7.597643881571366,7,7,Mine,2.5465923546467186,0.7547850700599786
M-6,Pileated Woodpecker,2025,0.05512118900221387,3.5916743528094304,3,7,Mine,2.5465923546467186,0.7547850700599786
M-7,Pileated Woodpecker,2025,0.05512118900221387,3.0871337047673477,3,6,Mine,2.5465923546467186,0.7547850700599786
M-9,Pileated Woodpecker,2025,0.05512118900221387,1.3024019821486226,1,4,Mine,2.5465923546467186,0.7547850700599786
O-1,Pileated Woodpecker,2025,0.05512118900221387,4.464701391374893,4,2,Okefenokee,2.91315355850953,0.8936032842548342
O-2,Pileated Woodpecker,2025,0.05512118900221387,1.5782299610436559,1,2,Okefenokee,2.91315355850953,0.8936032842548342
O-3,Pileated Woodpecker,2025,0.05512118900221387,3.1712385185230136,3,2,Okefenokee,2.91315355850953,0.8936032842548342
O-4,Pileated Woodpecker,2025,0.05512118900221387,5.640329253805269,5,2,Okefenokee,2.91315355850953,0.8936032842548342
O-5,Pileated Woodpecker,2025,0.05512118900221387,1.5799400150906766,1,1,Okefenokee,2.91315355850953,0.8936032842548342
O-6,Pileated Woodpecker,2025,0.05512118900221387,0.2273835941222038,0,1,Okefenokee,2.91315355850953,0.8936032842548342
O-7,Pileated Woodpecker,2025,0.05512118900221387,3.454626053802567,3,1,Okefenokee,2.91315355850953,0.8936032842548342
O-8,Pileated Woodpecker,2025,0.05512118900221387,3.1962812448468805,3,1,Okefenokee,2.91315355850953,0.8936032842548342
R-1,Pileated Woodpecker,2025,0.05512118900221387,1.0776009662242667,1,5,Sansavilla,2.405535007038804,0.6597588678975392
R-10,Pileated Woodpecker,2025,0.05512118900221387,5.7921426846558735,6,2,Sansavilla,2.405535007038804,0.6597588678975392
R-11,Pileated Woodpecker,2025,0.05512118900221387,1.769723209192259,2,0,Sansavilla,2.405535007038804,0.6597588678975392
R-12,Pileated Woodpecker,2025,0.05512118900221387,1.7677455390321863,2,2,Sansavilla,2.405535007038804,0.6597588678975392
R-13,Pileated Woodpecker,2025,0.05512118900221387,2.580343000623445,2,1,Sansavilla,2.405535007038804,0.6597588678975392
R-2,Pileated Woodpecker,2025,0.05512118900221387,1.077050960027052,1,1,Sansavilla,2.405535007038804,0.6597588678975392
R-3,Pileated Woodpecker,2025,0.05512118900221387,1.1013399866484912,1,2,Sansavilla,2.405535007038804,0.6597588678975392
R-6,Pileated Woodpecker,2025,0.05512118900221387,4.015120061330794,4,4,Sansavilla,2.405535007038804,0.6597588678975392
R-7,Pileated Woodpecker,2025,0.05512118900221387,1.0773562802800882,1,2,Sansavilla,2.405535007038804,0.6597588678975392
R-9,Pileated Woodpecker,2025,0.05512118900221387,3.7954516000264324,4,1,Sansavilla,2.405535007038804,0.6597588678975392
M-1,Prairie Warbler,2025,0.04162032085972531,2.8941152580120055e-6,0,5,Mine,4.589844696423805e-5,0.0023329879240055707
M-10,Prairie Warbler,2025,0.04162032085972531,2.8941152580120055e-6,0,6,Mine,4.589844696423805e-5,0.0023329879240055707
M-11,Prairie Warbler,2025,0.04162032085972531,2.8941152580120055e-6,0,3,Mine,4.589844696423805e-5,0.0023329879240055707
M-12,Prairie Warbler,2025,0.04162032085972531,2.8941152580120055e-6,0,4,Mine,4.589844696423805e-5,0.0023329879240055707
M-2,Prairie Warbler,2025,0.04162032085972531,2.8941152580120055e-6,0,7,Mine,4.589844696423805e-5,0.0023329879240055707
M-5,Prairie Warbler,2025,0.04162032085972531,2.8941152580120055e-6,0,7,Mine,4.589844696423805e-5,0.0023329879240055707
M-6,Prairie Warbler,2025,0.04162032085972531,2.8941152580120055e-6,0,7,Mine,4.589844696423805e-5,0.0023329879240055707
M-7,Prairie Warbler,2025,0.04162032085972531,2.8941152580120055e-6,0,6,Mine,4.589844696423805e-5,0.0023329879240055707
M-9,Prairie Warbler,2025,0.04162032085972531,2.8941152580120055e-6,0,4,Mine,4.589844696423805e-5,0.0023329879240055707
O-1,Prairie Warbler,2025,0.04162032085972531,1.2525363014605852e-7,0,2,Okefenokee,1.986426450854677e-6,5.456799288087445e-4
O-2,Prairie Warbler,2025,0.04162032085972531,1.2525363014605852e-7,0,2,Okefenokee,1.986426450854677e-6,5.456799288087445e-4
O-3,Prairie Warbler,2025,0.04162032085972531,1.2525363014605852e-7,0,2,Okefenokee,1.986426450854677e-6,5.456799288087445e-4
O-4,Prairie Warbler,2025,0.04162032085972531,1.7287502852429316e-6,0,2,Okefenokee,1.986426450854677e-6,5.456799288087445e-4
O-5,Prairie Warbler,2025,0.04162032085972531,1.2525363014605852e-7,0,1,Okefenokee,1.986426450854677e-6,5.456799288087445e-4
O-6,Prairie Warbler,2025,0.04162032085972531,1.595330703766686e-7,0,1,Okefenokee,1.986426450854677e-6,5.456799288087445e-4
O-7,Prairie Warbler,2025,0.04162032085972531,1.2525363014605852e-7,0,1,Okefenokee,1.986426450854677e-6,5.456799288087445e-4
O-8,Prairie Warbler,2025,0.04162032085972531,1.2525363014605852e-7,0,1,Okefenokee,1.986426450854677e-6,5.456799288087445e-4
R-1,Prairie Warbler,2025,0.04162032085972531,6.156251819834165,6,5,Sansavilla,2.2417950349283404,0.7370139320529914
R-10,Prairie Warbler,2025,0.04162032085972531,1.1746863850769702,1,2,Sansavilla,2.2417950349283404,0.7370139320529914
R-11,Prairie Warbler,2025,0.04162032085972531,4.189119960093858,4,0,Sansavilla,2.2417950349283404,0.7370139320529914
R-12,Prairie Warbler,2025,0.04162032085972531,0.14135583325895157,0,2,Sansavilla,2.2417950349283404,0.7370139320529914
R-13,Prairie Warbler,2025,0.04162032085972531,1.1554723599799825,1,1,Sansavilla,2.2417950349283404,0.7370139320529914
R-2,Prairie Warbler,2025,0.04162032085972531,3.3876675206158464,3,1,Sansavilla,2.2417950349283404,0.7370139320529914
R-3,Prairie Warbler,2025,0.04162032085972531,1.396211965923675,1,2,Sansavilla,2.2417950349283404,0.7370139320529914
R-6,Prairie Warbler,2025,0.04162032085972531,1.1554723599799825,1,4,Sansavilla,2.2417950349283404,0.7370139320529914
R-7,Prairie Warbler,2025,0.04162032085972531,1.7128834696179949,1,2,Sansavilla,2.2417950349283404,0.7370139320529914
R-9,Prairie Warbler,2025,0.04162032085972531,1.9492045404179084,2,1,Sansavilla,2.2417950349283404,0.7370139320529914
M-1,Purple Martin,2025,0.00301816273636797,10.520020142865523,10,5,Mine,9.322232964668665,31.194111722813968
M-10,Purple Martin,2025,0.00301816273636797,8.786827138230073,8,6,Mine,9.322232964668665,31.194111722813968
M-11,Purple Martin,2025,0.00301816273636797,7.764723544692376,7,3,Mine,9.322232964668665,31.194111722813968
M-12,Purple Martin,2025,0.00301816273636797,7.764723544692376,7,4,Mine,9.322232964668665,31.194111722813968
M-2,Purple Martin,2025,0.00301816273636797,10.506267374301277,10,7,Mine,9.322232964668665,31.194111722813968
M-5,Purple Martin,2025,0.00301816273636797,8.781972568914934,8,7,Mine,9.322232964668665,31.194111722813968
M-6,Purple Martin,2025,0.00301816273636797,11.29406290181402,11,7,Mine,9.322232964668665,31.194111722813968
M-7,Purple Martin,2025,0.00301816273636797,8.786529686916097,8,6,Mine,9.322232964668665,31.194111722813968
M-9,Purple Martin,2025,0.00301816273636797,9.69544176999951,9,4,Mine,9.322232964668665,31.194111722813968
O-1,Purple Martin,2025,0.00301816273636797,1.774517960805885e-4,0,2,Okefenokee,2.1304637089870467e-4,0.013290825148601505
O-2,Purple Martin,2025,0.00301816273636797,1.774517960805885e-4,0,2,Okefenokee,2.1304637089870467e-4,0.013290825148601505
O-3,Purple Martin,2025,0.00301816273636797,1.774517960805885e-4,0,2,Okefenokee,2.1304637089870467e-4,0.013290825148601505
O-4,Purple Martin,2025,0.00301816273636797,2.03687684767734e-4,0,2,Okefenokee,2.1304637089870467e-4,0.013290825148601505
O-5,Purple Martin,2025,0.00301816273636797,1.774517960805885e-4,0,1,Okefenokee,2.1304637089870467e-4,0.013290825148601505
O-6,Purple Martin,2025,0.00301816273636797,1.7842277611445959e-4,0,1,Okefenokee,2.1304637089870467e-4,0.013290825148601505
O-7,Purple Martin,2025,0.00301816273636797,1.774517960805885e-4,0,1,Okefenokee,2.1304637089870467e-4,0.013290825148601505
O-8,Purple Martin,2025,0.00301816273636797,1.774517960805885e-4,0,1,Okefenokee,2.1304637089870467e-4,0.013290825148601505
R-1,Purple Martin,2025,0.00301816273636797,1.1773733678921041e-4,0,5,Sansavilla,1.4135395006556218e-4,0.009210572027206475
R-10,Purple Martin,2025,0.00301816273636797,1.1773733678921041e-4,0,2,Sansavilla,1.4135395006556218e-4,0.009210572027206475
R-11,Purple Martin,2025,0.00301816273636797,1.1773733678921041e-4,0,0,Sansavilla,1.4135395006556218e-4,0.009210572027206475
R-12,Purple Martin,2025,0.00301816273636797,1.1773733678921041e-4,0,2,Sansavilla,1.4135395006556218e-4,0.009210572027206475
R-13,Purple Martin,2025,0.00301816273636797,1.1773733678921041e-4,0,1,Sansavilla,1.4135395006556218e-4,0.009210572027206475
R-2,Purple Martin,2025,0.00301816273636797,1.1773733678921041e-4,0,1,Sansavilla,1.4135395006556218e-4,0.009210572027206475
R-3,Purple Martin,2025,0.00301816273636797,1.1787053634241183e-4,0,2,Sansavilla,1.4135395006556218e-4,0.009210572027206475
R-6,Purple Martin,2025,0.00301816273636797,1.1773733678921041e-4,0,4,Sansavilla,1.4135395006556218e-4,0.009210572027206475
R-7,Purple Martin,2025,0.00301816273636797,1.1773733678921041e-4,0,2,Sansavilla,1.4135395006556218e-4,0.009210572027206475
R-9,Purple Martin,2025,0.00301816273636797,1.1773733678921041e-4,0,1,Sansavilla,1.4135395006556218e-4,0.009210572027206475
M-1,Red-bellied Woodpecker,2025,0.026244275825438767,1.7909497164676402,2,5,Mine,1.3364303061046403,0.610340264565562
M-10,Red-bellied Woodpecker,2025,0.026244275825438767,1.7827759931286218,2,6,Mine,1.3364303061046403,0.610340264565562
M-11,Red-bellied Woodpecker,2025,0.026244275825438767,2.473866478562806,2,3,Mine,1.3364303061046403,0.610340264565562
M-12,Red-bellied Woodpecker,2025,0.026244275825438767,1.2660873267404171,1,4,Mine,1.3364303061046403,0.610340264565562
M-2,Red-bellied Woodpecker,2025,0.026244275825438767,1.7897197169743992,2,7,Mine,1.3364303061046403,0.610340264565562
M-5,Red-bellied Woodpecker,2025,0.026244275825438767,2.1345395291949263,2,7,Mine,1.3364303061046403,0.610340264565562
M-6,Red-bellied Woodpecker,2025,0.026244275825438767,0.26331070349492924,0,7,Mine,1.3364303061046403,0.610340264565562
M-7,Red-bellied Woodpecker,2025,0.026244275825438767,0.26331070349492924,0,6,Mine,1.3364303061046403,0.610340264565562
M-9,Red-bellied Woodpecker,2025,0.026244275825438767,0.26331070349492924,0,4,Mine,1.3364303061046403,0.610340264565562
O-1,Red-bellied Woodpecker,2025,0.026244275825438767,14.853927705307333,15,2,Okefenokee,9.81876808838455,3.3853249569376542
O-2,Red-bellied Woodpecker,2025,0.026244275825438767,6.580353040480176,6,2,Okefenokee,9.81876808838455,3.3853249569376542
O-3,Red-bellied Woodpecker,2025,0.026244275825438767,9.055367836383496,9,2,Okefenokee,9.81876808838455,3.3853249569376542
O-4,Red-bellied Woodpecker,2025,0.026244275825438767,7.9866416990311855,7,2,Okefenokee,9.81876808838455,3.3853249569376542
O-5,Red-bellied Woodpecker,2025,0.026244275825438767,10.005452997311481,10,1,Okefenokee,9.81876808838455,3.3853249569376542
O-6,Red-bellied Woodpecker,2025,0.026244275825438767,5.22070860415204,5,1,Okefenokee,9.81876808838455,3.3853249569376542
O-7,Red-bellied Woodpecker,2025,0.026244275825438767,15.947286465348785,16,1,Okefenokee,9.81876808838455,3.3853249569376542
O-8,Red-bellied Woodpecker,2025,0.026244275825438767,8.900409707615864,9,1,Okefenokee,9.81876808838455,3.3853249569376542
R-1,Red-bellied Woodpecker,2025,0.026244275825438767,1.27611861615351,1,5,Sansavilla,1.3855533291002156,0.5357989707361597
R-10,Red-bellied Woodpecker,2025,0.026244275825438767,0.2729891863037064,0,2,Sansavilla,1.3855533291002156,0.5357989707361597
R-11,Red-bellied Woodpecker,2025,0.026244275825438767,3.4567345148227386,3,0,Sansavilla,1.3855533291002156,0.5357989707361597
R-12,Red-bellied Woodpecker,2025,0.026244275825438767,1.4998132963870097,1,2,Sansavilla,1.3855533291002156,0.5357989707361597
R-13,Red-bellied Woodpecker,2025,0.026244275825438767,0.2729891863037064,0,1,Sansavilla,1.3855533291002156,0.5357989707361597
R-2,Red-bellied Woodpecker,2025,0.026244275825438767,1.2764721881621492,1,1,Sansavilla,1.3855533291002156,0.5357989707361597
R-3,Red-bellied Woodpecker,2025,0.026244275825438767,1.3032049105416672,1,2,Sansavilla,1.3855533291002156,0.5357989707361597
R-6,Red-bellied Woodpecker,2025,0.026244275825438767,1.4974959954173461,1,4,Sansavilla,1.3855533291002156,0.5357989707361597
R-7,Red-bellied Woodpecker,2025,0.026244275825438767,1.4984325995678134,1,2,Sansavilla,1.3855533291002156,0.5357989707361597
R-9,Red-bellied Woodpecker,2025,0.026244275825438767,1.5012772475414813,1,1,Sansavilla,1.3855533291002156,0.5357989707361597
M-1,Red-cockaded Woodpecker,2025,0.1468805379135054,1.3973784940027393e-9,0,5,Mine,2.2238399231224383e-5,0.001571919909502876
M-10,Red-cockaded Woodpecker,2025,0.1468805379135054,1.3973784940027393e-9,0,6,Mine,2.2238399231224383e-5,0.001571919909502876
M-11,Red-cockaded Woodpecker,2025,0.1468805379135054,1.3973784940027393e-9,0,3,Mine,2.2238399231224383e-5,0.001571919909502876
M-12,Red-cockaded Woodpecker,2025,0.1468805379135054,1.3973784940027393e-9,0,4,Mine,2.2238399231224383e-5,0.001571919909502876
M-2,Red-cockaded Woodpecker,2025,0.1468805379135054,1.3973784940027393e-9,0,7,Mine,2.2238399231224383e-5,0.001571919909502876
M-5,Red-cockaded Woodpecker,2025,0.1468805379135054,1.3973784940027393e-9,0,7,Mine,2.2238399231224383e-5,0.001571919909502876
M-6,Red-cockaded Woodpecker,2025,0.1468805379135054,1.3973784940027393e-9,0,7,Mine,2.2238399231224383e-5,0.001571919909502876
M-7,Red-cockaded Woodpecker,2025,0.1468805379135054,1.3973784940027393e-9,0,6,Mine,2.2238399231224383e-5,0.001571919909502876
M-9,Red-cockaded Woodpecker,2025,0.1468805379135054,1.3973784940027393e-9,0,4,Mine,2.2238399231224383e-5,0.001571919909502876
O-1,Red-cockaded Woodpecker,2025,0.1468805379135054,1.0001971731536066,1,2,Okefenokee,2.8750471491066767,0.7444089973928887
O-2,Red-cockaded Woodpecker,2025,0.1468805379135054,1.8065729523214264e-4,0,2,Okefenokee,2.8750471491066767,0.7444089973928887
O-3,Red-cockaded Woodpecker,2025,0.1468805379135054,1.000937632020097,1,2,Okefenokee,2.8750471491066767,0.7444089973928887
O-4,Red-cockaded Woodpecker,2025,0.1468805379135054,1.4028892192039857,1,2,Okefenokee,2.8750471491066767,0.7444089973928887
O-5,Red-cockaded Woodpecker,2025,0.1468805379135054,2.591259394423459,3,1,Okefenokee,2.8750471491066767,0.7444089973928887
O-6,Red-cockaded Woodpecker,2025,0.1468805379135054,3.557311007700391,3,1,Okefenokee,2.8750471491066767,0.7444089973928887
O-7,Red-cockaded Woodpecker,2025,0.1468805379135054,1.0914006323827214,1,1,Okefenokee,2.8750471491066767,0.7444089973928887
O-8,Red-cockaded Woodpecker,2025,0.1468805379135054,12.35609424325108,12,1,Okefenokee,2.8750471491066767,0.7444089973928887
R-1,Red-cockaded Woodpecker,2025,0.1468805379135054,4.6967938168215785e-11,0,5,Sansavilla,7.474651746359256e-7,2.7248831363961817e-4
R-10,Red-cockaded Woodpecker,2025,0.1468805379135054,4.6967938168215785e-11,0,2,Sansavilla,7.474651746359256e-7,2.7248831363961817e-4
R-11,Red-cockaded Woodpecker,2025,0.1468805379135054,4.6967938168215785e-11,0,0,Sansavilla,7.474651746359256e-7,2.7248831363961817e-4
R-12,Red-cockaded Woodpecker,2025,0.1468805379135054,4.6967938168215785e-11,0,2,Sansavilla,7.474651746359256e-7,2.7248831363961817e-4
R-13,Red-cockaded Woodpecker,2025,0.1468805379135054,4.6967938168215785e-11,0,1,Sansavilla,7.474651746359256e-7,2.7248831363961817e-4
R-2,Red-cockaded Woodpecker,2025,0.1468805379135054,4.6967938168215785e-11,0,1,Sansavilla,7.474651746359256e-7,2.7248831363961817e-4
R-3,Red-cockaded Woodpecker,2025,0.1468805379135054,8.151343662097256e-11,0,2,Sansavilla,7.474651746359256e-7,2.7248831363961817e-4
R-6,Red-cockaded Woodpecker,2025,0.1468805379135054,4.6967938168215785e-11,0,4,Sansavilla,7.474651746359256e-7,2.7248831363961817e-4
R-7,Red-cockaded Woodpecker,2025,0.1468805379135054,4.6967938168215785e-11,0,2,Sansavilla,7.474651746359256e-7,2.7248831363961817e-4
R-9,Red-cockaded Woodpecker,2025,0.1468805379135054,4.6967938168215785e-11,0,1,Sansavilla,7.474651746359256e-7,2.7248831363961817e-4
M-1,Red-headed Woodpecker,2025,0.1106695916939496,6.102804556115733e-4,0,5,Mine,0.7787764292821324,0.2943457210757557
M-10,Red-headed Woodpecker,2025,0.1106695916939496,1.0006499056958835,1,6,Mine,0.7787764292821324,0.2943457210757557
M-11,Red-headed Woodpecker,2025,0.1106695916939496,1.000649912026054,1,3,Mine,0.7787764292821324,0.2943457210757557
M-12,Red-headed Woodpecker,2025,0.1106695916939496,1.0029380607364957,1,4,Mine,0.7787764292821324,0.2943457210757557
M-2,Red-headed Woodpecker,2025,0.1106695916939496,6.102804556115733e-4,0,7,Mine,0.7787764292821324,0.2943457210757557
M-5,Red-headed Woodpecker,2025,0.1106695916939496,1.0006485853788314,1,7,Mine,0.7787764292821324,0.2943457210757557
M-6,Red-headed Woodpecker,2025,0.1106695916939496,1.00064801468425,1,7,Mine,0.7787764292821324,0.2943457210757557
M-7,Red-headed Woodpecker,2025,0.1106695916939496,1.0013783264466103,1,6,Mine,0.7787764292821324,0.2943457210757557
M-9,Red-headed Woodpecker,2025,0.1106695916939496,1.0006490335512028,1,4,Mine,0.7787764292821324,0.2943457210757557
O-1,Red-headed Woodpecker,2025,0.1106695916939496,23.341146646075785,25,2,Okefenokee,22.225578052938154,1.8347062312464923
O-2,Red-headed Woodpecker,2025,0.1106695916939496,23.343044200269592,25,2,Okefenokee,22.225578052938154,1.8347062312464923
O-3,Red-headed Woodpecker,2025,0.1106695916939496,23.628682174770066,25,2,Okefenokee,22.225578052938154,1.8347062312464923
O-4,Red-headed Woodpecker,2025,0.1106695916939496,14.202444909045623,14,2,Okefenokee,22.225578052938154,1.8347062312464923
O-5,Red-headed Woodpecker,2025,0.1106695916939496,23.628682174770066,25,1,Okefenokee,22.225578052938154,1.8347062312464923
O-6,Red-headed Woodpecker,2025,0.1106695916939496,22.404841279354322,24,1,Okefenokee,22.225578052938154,1.8347062312464923
O-7,Red-headed Woodpecker,2025,0.1106695916939496,23.628682174770066,25,1,Okefenokee,22.225578052938154,1.8347062312464923
O-8,Red-headed Woodpecker,2025,0.1106695916939496,23.628682174770066,25,1,Okefenokee,22.225578052938154,1.8347062312464923
R-1,Red-headed Woodpecker,2025,0.1106695916939496,1.0012858878558495,1,5,Sansavilla,0.7249130720575357,0.2734659079053534
R-10,Red-headed Woodpecker,2025,0.1106695916939496,5.680709678153175e-4,0,2,Sansavilla,0.7249130720575357,0.2734659079053534
R-11,Red-headed Woodpecker,2025,0.1106695916939496,1.0122532533573108,1,0,Sansavilla,0.7249130720575357,0.2734659079053534
R-12,Red-headed Woodpecker,2025,0.1106695916939496,1.2016268890835284,1,2,Sansavilla,0.7249130720575357,0.2734659079053534
R-13,Red-headed Woodpecker,2025,0.1106695916939496,5.680709678153175e-4,0,1,Sansavilla,0.7249130720575357,0.2734659079053534
R-2,Red-headed Woodpecker,2025,0.1106695916939496,1.0006046524306673,1,1,Sansavilla,0.7249130720575357,0.2734659079053534
R-3,Red-headed Woodpecker,2025,0.1106695916939496,1.0192062699689592,1,2,Sansavilla,0.7249130720575357,0.2734659079053534
R-6,Red-headed Woodpecker,2025,0.1106695916939496,1.0006043555494255,1,4,Sansavilla,0.7249130720575357,0.2734659079053534
R-7,Red-headed Woodpecker,2025,0.1106695916939496,1.0121694544359008,1,2,Sansavilla,0.7249130720575357,0.2734659079053534
R-9,Red-headed Woodpecker,2025,0.1106695916939496,5.680709678153175e-4,0,1,Sansavilla,0.7249130720575357,0.2734659079053534
M-1,Red-shouldered Hawk,2025,0.052679615268990246,2.2956190326571235,2,5,Mine,3.273386606648165,0.9450655852799232
M-10,Red-shouldered Hawk,2025,0.052679615268990246,3.3865525285103057,3,6,Mine,3.273386606648165,0.9450655852799232
M-11,Red-shouldered Hawk,2025,0.052679615268990246,1.2428086870435304,1,3,Mine,3.273386606648165,0.9450655852799232
M-12,Red-shouldered Hawk,2025,0.052679615268990246,1.1246239668115552,1,4,Mine,3.273386606648165,0.9450655852799232
M-2,Red-shouldered Hawk,2025,0.052679615268990246,9.193348271289127,9,7,Mine,3.273386606648165,0.9450655852799232
M-5,Red-shouldered Hawk,2025,0.052679615268990246,3.9336225018228963,4,7,Mine,3.273386606648165,0.9450655852799232
M-6,Red-shouldered Hawk,2025,0.052679615268990246,3.6701851449640137,3,7,Mine,3.273386606648165,0.9450655852799232
M-7,Red-shouldered Hawk,2025,0.052679615268990246,2.31134823109692,2,6,Mine,3.273386606648165,0.9450655852799232
M-9,Red-shouldered Hawk,2025,0.052679615268990246,2.310052568194887,2,4,Mine,3.273386606648165,0.9450655852799232
O-1,Red-shouldered Hawk,2025,0.052679615268990246,4.7201390283801175,5,2,Okefenokee,3.867858200057769,1.111209461164259
O-2,Red-shouldered Hawk,2025,0.052679615268990246,6.425651335974345,6,2,Okefenokee,3.867858200057769,1.111209461164259
O-3,Red-shouldered Hawk,2025,0.052679615268990246,2.9759731489857173,3,2,Okefenokee,3.867858200057769,1.111209461164259
O-4,Red-shouldered Hawk,2025,0.052679615268990246,7.6988192148118335,7,2,Okefenokee,3.867858200057769,1.111209461164259
O-5,Red-shouldered Hawk,2025,0.052679615268990246,1.281607868340367,1,1,Okefenokee,3.867858200057769,1.111209461164259
O-6,Red-shouldered Hawk,2025,0.052679615268990246,3.026987467608893,3,1,Okefenokee,3.867858200057769,1.111209461164259
O-7,Red-shouldered Hawk,2025,0.052679615268990246,3.532247082048488,3,1,Okefenokee,3.867858200057769,1.111209461164259
O-8,Red-shouldered Hawk,2025,0.052679615268990246,1.278541169949366,1,1,Okefenokee,3.867858200057769,1.111209461164259
R-1,Red-shouldered Hawk,2025,0.052679615268990246,3.115142275884327,3,5,Sansavilla,3.166342924622202,0.9483041642188698
R-10,Red-shouldered Hawk,2025,0.052679615268990246,4.204772655670363,4,2,Sansavilla,3.166342924622202,0.9483041642188698
R-11,Red-shouldered Hawk,2025,0.052679615268990246,3.611783041009528,3,0,Sansavilla,3.166342924622202,0.9483041642188698
R-12,Red-shouldered Hawk,2025,0.052679615268990246,1.4254134111134638,1,2,Sansavilla,3.166342924622202,0.9483041642188698
R-13,Red-shouldered Hawk,2025,0.052679615268990246,2.2937848919036083,2,1,Sansavilla,3.166342924622202,0.9483041642188698
R-2,Red-shouldered Hawk,2025,0.052679615268990246,3.1059591349340026,3,1,Sansavilla,3.166342924622202,0.9483041642188698
R-3,Red-shouldered Hawk,2025,0.052679615268990246,3.009814369328906,3,2,Sansavilla,3.166342924622202,0.9483041642188698
R-6,Red-shouldered Hawk,2025,0.052679615268990246,2.8440493854238458,3,4,Sansavilla,3.166342924622202,0.9483041642188698
R-7,Red-shouldered Hawk,2025,0.052679615268990246,1.9958349957304755,2,2,Sansavilla,3.166342924622202,0.9483041642188698
R-9,Red-shouldered Hawk,2025,0.052679615268990246,6.065113696478511,6,1,Sansavilla,3.166342924622202,0.9483041642188698
M-1,Summer Tanager,2025,0.025725536320868433,1.663856573347955e-5,0,5,Mine,8.134280905420407e-5,0.0033708045286837155
M-10,Summer Tanager,2025,0.025725536320868433,1.663856573347955e-5,0,6,Mine,8.134280905420407e-5,0.0033708045286837155
M-11,Summer Tanager,2025,0.025725536320868433,1.663856573347955e-5,0,3,Mine,8.134280905420407e-5,0.0033708045286837155
M-12,Summer Tanager,2025,0.025725536320868433,1.663856573347955e-5,0,4,Mine,8.134280905420407e-5,0.0033708045286837155
M-2,Summer Tanager,2025,0.025725536320868433,1.663856573347955e-5,0,7,Mine,8.134280905420407e-5,0.0033708045286837155
M-5,Summer Tanager,2025,0.025725536320868433,1.663856573347955e-5,0,7,Mine,8.134280905420407e-5,0.0033708045286837155
M-6,Summer Tanager,2025,0.025725536320868433,1.663856573347955e-5,0,7,Mine,8.134280905420407e-5,0.0033708045286837155
M-7,Summer Tanager,2025,0.025725536320868433,1.663856573347955e-5,0,6,Mine,8.134280905420407e-5,0.0033708045286837155
M-9,Summer Tanager,2025,0.025725536320868433,1.663856573347955e-5,0,4,Mine,8.134280905420407e-5,0.0033708045286837155
O-1,Summer Tanager,2025,0.025725536320868433,1.2424155897992457e-6,0,2,Okefenokee,6.073935440460096e-6,0.0010189366473274237
O-2,Summer Tanager,2025,0.025725536320868433,1.2424155897992457e-6,0,2,Okefenokee,6.073935440460096e-6,0.0010189366473274237
O-3,Summer Tanager,2025,0.025725536320868433,1.2424155897992457e-6,0,2,Okefenokee,6.073935440460096e-6,0.0010189366473274237
O-4,Summer Tanager,2025,0.025725536320868433,4.242977675857694e-6,0,2,Okefenokee,6.073935440460096e-6,0.0010189366473274237
O-5,Summer Tanager,2025,0.025725536320868433,1.2424155897992457e-6,0,1,Okefenokee,6.073935440460096e-6,0.0010189366473274237
O-6,Summer Tanager,2025,0.025725536320868433,1.3627305543458279e-6,0,1,Okefenokee,6.073935440460096e-6,0.0010189366473274237
O-7,Summer Tanager,2025,0.025725536320868433,1.2424155897992457e-6,0,1,Okefenokee,6.073935440460096e-6,0.0010189366473274237
O-8,Summer Tanager,2025,0.025725536320868433,1.2424155897992457e-6,0,1,Okefenokee,6.073935440460096e-6,0.0010189366473274237
R-1,Summer Tanager,2025,0.025725536320868433,1.6477201685880267,1,5,Sansavilla,3.1222353170030517,1.9197150160230732
R-10,Summer Tanager,2025,0.025725536320868433,2.9735170971165887,3,2,Sansavilla,3.1222353170030517,1.9197150160230732
R-11,Summer Tanager,2025,0.025725536320868433,3.845566853722789,4,0,Sansavilla,3.1222353170030517,1.9197150160230732
R-12,Summer Tanager,2025,0.025725536320868433,4.905833596225799,5,2,Sansavilla,3.1222353170030517,1.9197150160230732
R-13,Summer Tanager,2025,0.025725536320868433,4.181352242537111,4,1,Sansavilla,3.1222353170030517,1.9197150160230732
R-2,Summer Tanager,2025,0.025725536320868433,2.4986000384052143,2,1,Sansavilla,3.1222353170030517,1.9197150160230732
R-3,Summer Tanager,2025,0.025725536320868433,3.812870415689198,4,2,Sansavilla,3.1222353170030517,1.9197150160230732
R-6,Summer Tanager,2025,0.025725536320868433,0.638649170853311,0,4,Sansavilla,3.1222353170030517,1.9197150160230732
R-7,Summer Tanager,2025,0.025725536320868433,4.6588071389009915,4,2,Sansavilla,3.1222353170030517,1.9197150160230732
R-9,Summer Tanager,2025,0.025725536320868433,2.0598592084270684,2,1,Sansavilla,3.1222353170030517,1.9197150160230732
M-1,Swallow-tailed Kite,2025,0.001072480433562771,12.76599123913111,12,5,Mine,13.636957058213701,8.107246357650398
M-10,Swallow-tailed Kite,2025,0.001072480433562771,12.76599123913111,12,6,Mine,13.636957058213701,8.107246357650398
M-11,Swallow-tailed Kite,2025,0.001072480433562771,13.769368957361014,13,3,Mine,13.636957058213701,8.107246357650398
M-12,Swallow-tailed Kite,2025,0.001072480433562771,13.769902696187138,13,4,Mine,13.636957058213701,8.107246357650398
M-2,Swallow-tailed Kite,2025,0.001072480433562771,13.761903808749882,13,7,Mine,13.636957058213701,8.107246357650398
M-5,Swallow-tailed Kite,2025,0.001072480433562771,12.76599123913111,12,7,Mine,13.636957058213701,8.107246357650398
M-6,Swallow-tailed Kite,2025,0.001072480433562771,13.769368957361014,13,7,Mine,13.636957058213701,8.107246357650398
M-7,Swallow-tailed Kite,2025,0.001072480433562771,14.68140534358335,14,6,Mine,13.636957058213701,8.107246357650398
M-9,Swallow-tailed Kite,2025,0.001072480433562771,14.682973684314772,14,4,Mine,13.636957058213701,8.107246357650398
O-1,Swallow-tailed Kite,2025,0.001072480433562771,2.298019688005857e-4,0,2,Okefenokee,2.4527553291650805e-4,0.02329851266769187
O-2,Swallow-tailed Kite,2025,0.001072480433562771,2.298019688005857e-4,0,2,Okefenokee,2.4527553291650805e-4,0.02329851266769187
O-3,Swallow-tailed Kite,2025,0.001072480433562771,2.298019688005857e-4,0,2,Okefenokee,2.4527553291650805e-4,0.02329851266769187
O-4,Swallow-tailed Kite,2025,0.001072480433562771,2.389297259607571e-4,0,2,Okefenokee,2.4527553291650805e-4,0.02329851266769187
O-5,Swallow-tailed Kite,2025,0.001072480433562771,2.298019688005857e-4,0,1,Okefenokee,2.4527553291650805e-4,0.02329851266769187
O-6,Swallow-tailed Kite,2025,0.001072480433562771,2.336198471100955e-4,0,1,Okefenokee,2.4527553291650805e-4,0.02329851266769187
O-7,Swallow-tailed Kite,2025,0.001072480433562771,2.298019688005857e-4,0,1,Okefenokee,2.4527553291650805e-4,0.02329851266769187
O-8,Swallow-tailed Kite,2025,0.001072480433562771,2.298019688005857e-4,0,1,Okefenokee,2.4527553291650805e-4,0.02329851266769187
R-1,Swallow-tailed Kite,2025,0.001072480433562771,5.497334139452946,5,5,Sansavilla,4.798059443905072,4.201703700514633
R-10,Swallow-tailed Kite,2025,0.001072480433562771,4.495366877830466,4,2,Sansavilla,4.798059443905072,4.201703700514633
R-11,Swallow-tailed Kite,2025,0.001072480433562771,4.495366877830466,4,0,Sansavilla,4.798059443905072,4.201703700514633
R-12,Swallow-tailed Kite,2025,0.001072480433562771,4.495366877830466,4,2,Sansavilla,4.798059443905072,4.201703700514633
R-13,Swallow-tailed Kite,2025,0.001072480433562771,4.495366877830466,4,1,Sansavilla,4.798059443905072,4.201703700514633
R-2,Swallow-tailed Kite,2025,0.001072480433562771,5.4991059482050355,5,1,Sansavilla,4.798059443905072,4.201703700514633
R-3,Swallow-tailed Kite,2025,0.001072480433562771,5.517499263242098,5,2,Sansavilla,4.798059443905072,4.201703700514633
R-6,Swallow-tailed Kite,2025,0.001072480433562771,4.495366877830466,4,4,Sansavilla,4.798059443905072,4.201703700514633
R-7,Swallow-tailed Kite,2025,0.001072480433562771,4.495366877830466,4,2,Sansavilla,4.798059443905072,4.201703700514633
R-9,Swallow-tailed Kite,2025,0.001072480433562771,4.495366877830466,4,1,Sansavilla,4.798059443905072,4.201703700514633
M-1,White-eyed Vireo,2025,0.057302429533745175,1.0351216524283449,1,5,Mine,0.6034203263274432,0.27586755440095573
M-10,White-eyed Vireo,2025,0.057302429533745175,0.016619765317854394,0,6,Mine,0.6034203263274432,0.27586755440095573
M-11,White-eyed Vireo,2025,0.057302429533745175,0.016619765317854394,0,3,Mine,0.6034203263274432,0.27586755440095573
M-12,White-eyed Vireo,2025,0.057302429533745175,0.016619765317854394,0,4,Mine,0.6034203263274432,0.27586755440095573
M-2,White-eyed Vireo,2025,0.057302429533745175,1.0171276397773068,1,7,Mine,0.6034203263274432,0.27586755440095573
M-5,White-eyed Vireo,2025,0.057302429533745175,2.2826163378562203,2,7,Mine,0.6034203263274432,0.27586755440095573
M-6,White-eyed Vireo,2025,0.057302429533745175,0.016619765317854394,0,7,Mine,0.6034203263274432,0.27586755440095573
M-7,White-eyed Vireo,2025,0.057302429533745175,1.0171644867037613,1,6,Mine,0.6034203263274432,0.27586755440095573
M-9,White-eyed Vireo,2025,0.057302429533745175,0.016619765317854394,0,4,Mine,0.6034203263274432,0.27586755440095573
O-1,White-eyed Vireo,2025,0.057302429533745175,6.793153645546638e-7,0,2,Okefenokee,2.46641689048676e-5,0.0018238994650120659
O-2,White-eyed Vireo,2025,0.057302429533745175,6.793153645546638e-7,0,2,Okefenokee,2.46641689048676e-5,0.0018238994650120659
O-3,White-eyed Vireo,2025,0.057302429533745175,6.793153645546638e-7,0,2,Okefenokee,2.46641689048676e-5,0.0018238994650120659
O-4,White-eyed Vireo,2025,0.057302429533745175,8.992810320278736e-6,0,2,Okefenokee,2.46641689048676e-5,0.0018238994650120659
O-5,White-eyed Vireo,2025,0.057302429533745175,6.793153645546638e-7,0,1,Okefenokee,2.46641689048676e-5,0.0018238994650120659
O-6,White-eyed Vireo,2025,0.057302429533745175,1.3845720810208674e-6,0,1,Okefenokee,2.46641689048676e-5,0.0018238994650120659
O-7,White-eyed Vireo,2025,0.057302429533745175,6.793153645546638e-7,0,1,Okefenokee,2.46641689048676e-5,0.0018238994650120659
O-8,White-eyed Vireo,2025,0.057302429533745175,6.793153645546638e-7,0,1,Okefenokee,2.46641689048676e-5,0.0018238994650120659
R-1,White-eyed Vireo,2025,0.057302429533745175,2.3829167249456438,2,5,Sansavilla,3.053145543181569,0.7996884398889055
R-10,White-eyed Vireo,2025,0.057302429533745175,7.500810623301063,7,2,Sansavilla,3.053145543181569,0.7996884398889055
R-11,White-eyed Vireo,2025,0.057302429533745175,4.390188034557803,4,0,Sansavilla,3.053145543181569,0.7996884398889055
R-12,White-eyed Vireo,2025,0.057302429533745175,1.0866410742037325,1,2,Sansavilla,3.053145543181569,0.7996884398889055
R-13,White-eyed Vireo,2025,0.057302429533745175,1.3215964095597155,1,1,Sansavilla,3.053145543181569,0.7996884398889055
R-2,White-eyed Vireo,2025,0.057302429533745175,7.861071952247168,8,1,Sansavilla,3.053145543181569,0.7996884398889055
R-3,White-eyed Vireo,2025,0.057302429533745175,0.10245133069801414,0,2,Sansavilla,3.053145543181569,0.7996884398889055
R-6,White-eyed Vireo,2025,0.057302429533745175,2.88593386355787,3,4,Sansavilla,3.053145543181569,0.7996884398889055
R-7,White-eyed Vireo,2025,0.057302429533745175,1.1704083025428762,1,2,Sansavilla,3.053145543181569,0.7996884398889055
R-9,White-eyed Vireo,2025,0.057302429533745175,1.823818478723301,2,1,Sansavilla,3.053145543181569,0.7996884398889055
M-1,Yellow-billed Cuckoo,2025,0.03723237674384774,5.155472401293291,5,5,Mine,3.7342384092312235,1.149671963411657
M-10,Yellow-billed Cuckoo,2025,0.03723237674384774,2.4104511893244585,2,6,Mine,3.7342384092312235,1.149671963411657
M-11,Yellow-billed Cuckoo,2025,0.03723237674384774,1.6603139909612958,1,3,Mine,3.7342384092312235,1.149671963411657
M-12,Yellow-billed Cuckoo,2025,0.03723237674384774,5.149873304345248,5,4,Mine,3.7342384092312235,1.149671963411657
M-2,Yellow-billed Cuckoo,2025,0.03723237674384774,5.4746572800429805,5,7,Mine,3.7342384092312235,1.149671963411657
M-5,Yellow-billed Cuckoo,2025,0.03723237674384774,5.804523231518012,6,7,Mine,3.7342384092312235,1.149671963411657
M-6,Yellow-billed Cuckoo,2025,0.03723237674384774,2.0255454376136552,2,7,Mine,3.7342384092312235,1.149671963411657
M-7,Yellow-billed Cuckoo,2025,0.03723237674384774,3.139346825514494,3,6,Mine,3.7342384092312235,1.149671963411657
M-9,Yellow-billed Cuckoo,2025,0.03723237674384774,2.789739015049294,3,4,Mine,3.7342384092312235,1.149671963411657
O-1,Yellow-billed Cuckoo,2025,0.03723237674384774,1.1793709128083154,1,2,Okefenokee,1.7840501527623867,0.624071451866395
O-2,Yellow-billed Cuckoo,2025,0.03723237674384774,1.179318542705148,1,2,Okefenokee,1.7840501527623867,0.624071451866395
O-3,Yellow-billed Cuckoo,2025,0.03723237674384774,1.581056327543159,1,2,Okefenokee,1.7840501527623867,0.624071451866395
O-4,Yellow-billed Cuckoo,2025,0.03723237674384774,2.5089805660167843,2,2,Okefenokee,1.7840501527623867,0.624071451866395
O-5,Yellow-billed Cuckoo,2025,0.03723237674384774,1.1790345294688371,1,1,Okefenokee,1.7840501527623867,0.624071451866395
O-6,Yellow-billed Cuckoo,2025,0.03723237674384774,1.3197566056865384,1,1,Okefenokee,1.7840501527623867,0.624071451866395
O-7,Yellow-billed Cuckoo,2025,0.03723237674384774,2.806771492705213,3,1,Okefenokee,1.7840501527623867,0.624071451866395
O-8,Yellow-billed Cuckoo,2025,0.03723237674384774,2.5186248429097566,2,1,Okefenokee,1.7840501527623867,0.624071451866395
R-1,Yellow-billed Cuckoo,2025,0.03723237674384774,0.5874260451072351,0,5,Sansavilla,5.958990303803349,1.6368444571628038
R-10,Yellow-billed Cuckoo,2025,0.03723237674384774,7.7678695381729685,8,2,Sansavilla,5.958990303803349,1.6368444571628038
R-11,Yellow-billed Cuckoo,2025,0.03723237674384774,8.823314953742734,9,0,Sansavilla,5.958990303803349,1.6368444571628038
R-12,Yellow-billed Cuckoo,2025,0.03723237674384774,7.067652434075935,7,2,Sansavilla,5.958990303803349,1.6368444571628038
R-13,Yellow-billed Cuckoo,2025,0.03723237674384774,8.082436497270605,8,1,Sansavilla,5.958990303803349,1.6368444571628038
R-2,Yellow-billed Cuckoo,2025,0.03723237674384774,1.5974614922594272,1,1,Sansavilla,5.958990303803349,1.6368444571628038
R-3,Yellow-billed Cuckoo,2025,0.03723237674384774,3.489525724788355,3,2,Sansavilla,5.958990303803349,1.6368444571628038
R-6,Yellow-billed Cuckoo,2025,0.03723237674384774,6.310274041160091,6,4,Sansavilla,5.958990303803349,1.6368444571628038
R-7,Yellow-billed Cuckoo,2025,0.03723237674384774,7.040911027930428,7,2,Sansavilla,5.958990303803349,1.6368444571628038
R-9,Yellow-billed Cuckoo,2025,0.03723237674384774,8.817339864036184,9,1,Sansavilla,5.958990303803349,1.6368444571628038
M-1,Yellow-breasted Chat,2025,0.039623533330886605,5.157620868994055e-7,0,5,Mine,6.285660514852413e-6,8.724666742459325e-4
M-10,Yellow-breasted Chat,2025,0.039623533330886605,5.157620868994055e-7,0,6,Mine,6.285660514852413e-6,8.724666742459325e-4
M-11,Yellow-breasted Chat,2025,0.039623533330886605,5.157620868994055e-7,0,3,Mine,6.285660514852413e-6,8.724666742459325e-4
M-12,Yellow-breasted Chat,2025,0.039623533330886605,5.157620868994055e-7,0,4,Mine,6.285660514852413e-6,8.724666742459325e-4
M-2,Yellow-breasted Chat,2025,0.039623533330886605,5.157620868994055e-7,0,7,Mine,6.285660514852413e-6,8.724666742459325e-4
M-5,Yellow-breasted Chat,2025,0.039623533330886605,5.157620868994055e-7,0,7,Mine,6.285660514852413e-6,8.724666742459325e-4
M-6,Yellow-breasted Chat,2025,0.039623533330886605,5.157620868994055e-7,0,7,Mine,6.285660514852413e-6,8.724666742459325e-4
M-7,Yellow-breasted Chat,2025,0.039623533330886605,5.157620868994055e-7,0,6,Mine,6.285660514852413e-6,8.724666742459325e-4
M-9,Yellow-breasted Chat,2025,0.039623533330886605,5.157620868994055e-7,0,4,Mine,6.285660514852413e-6,8.724666742459325e-4
O-1,Yellow-breasted Chat,2025,0.039623533330886605,4.5517459672012895e-10,0,2,Okefenokee,5.54727278844288e-9,2.8061192080321613e-5
O-2,Yellow-breasted Chat,2025,0.039623533330886605,4.5517459672012895e-10,0,2,Okefenokee,5.54727278844288e-9,2.8061192080321613e-5
O-3,Yellow-breasted Chat,2025,0.039623533330886605,4.5517459672012895e-10,0,2,Okefenokee,5.54727278844288e-9,2.8061192080321613e-5
O-4,Yellow-breasted Chat,2025,0.039623533330886605,3.766667467563865e-9,0,2,Okefenokee,5.54727278844288e-9,2.8061192080321613e-5
O-5,Yellow-breasted Chat,2025,0.039623533330886605,4.5517459672012895e-10,0,1,Okefenokee,5.54727278844288e-9,2.8061192080321613e-5
O-6,Yellow-breasted Chat,2025,0.039623533330886605,4.610052199856922e-10,0,1,Okefenokee,5.54727278844288e-9,2.8061192080321613e-5
O-7,Yellow-breasted Chat,2025,0.039623533330886605,4.5517459672012895e-10,0,1,Okefenokee,5.54727278844288e-9,2.8061192080321613e-5
O-8,Yellow-breasted Chat,2025,0.039623533330886605,4.5517459672012895e-10,0,1,Okefenokee,5.54727278844288e-9,2.8061192080321613e-5
R-1,Yellow-breasted Chat,2025,0.039623533330886605,1.0752480068068793,1,5,Sansavilla,0.8634521936250107,0.42151973235938434
R-10,Yellow-breasted Chat,2025,0.039623533330886605,0.07084950010736644,0,2,Sansavilla,0.8634521936250107,0.42151973235938434
R-11,Yellow-breasted Chat,2025,0.039623533330886605,1.0752480068068793,1,0,Sansavilla,0.8634521936250107,0.42151973235938434
R-12,Yellow-breasted Chat,2025,0.039623533330886605,1.7888147954257583,2,2,Sansavilla,0.8634521936250107,0.42151973235938434
R-13,Yellow-breasted Chat,2025,0.039623533330886605,2.300466844620552,2,1,Sansavilla,0.8634521936250107,0.42151973235938434
R-2,Yellow-breasted Chat,2025,0.039623533330886605,0.07084950010736644,0,1,Sansavilla,0.8634521936250107,0.42151973235938434
R-3,Yellow-breasted Chat,2025,0.039623533330886605,0.07098927430926213,0,2,Sansavilla,0.8634521936250107,0.42151973235938434
R-6,Yellow-breasted Chat,2025,0.039623533330886605,2.040375658991144,2,4,Sansavilla,0.8634521936250107,0.42151973235938434
R-7,Yellow-breasted Chat,2025,0.039623533330886605,0.07084950010736644,0,2,Sansavilla,0.8634521936250107,0.42151973235938434
R-9,Yellow-breasted Chat,2025,0.039623533330886605,0.07084950010736644,0,1,Sansavilla,0.8634521936250107,0.42151973235938434
